time,latitude,longitude,bearing,speed,accuracy,altitude,acc_x,acc_y,acc_z,is_Stable
1565124328,35.21843273,-97.51333951,0,0.05,3,324,3.492,5.305,7.942,0
1565124329,35.21843273,-97.51333951,0,0.05,3,324,-0.252,5.548,7.546,0
1565124330,35.21843273,-97.51333951,0,0.05,3,324,-5.25,5.617,0.522,0
1565124331,35.218442,-97.5133343,0,0,3,323,-8.381,3.733,-3.826,0
1565124332,35.218442,-97.5133343,0,0,3,323,-2.796,7.689,-1.401,0
1565124333,35.218442,-97.5133343,0,0,3,323,3.848,10.443,-3.687,0
1565124334,35.218442,-97.5133343,0,0,3,323,8.86,4.126,-1.686,0
1565124335,35.218442,-97.5133343,0,0,3,323,9.728,2.705,-2.066,0
1565124336,35.21843359,-97.51332967,0,0,3,323,9.865,2.439,-2.103,0
1565124337,35.21843359,-97.51332967,0,0,3,323,9.92,2.308,-2.07,0
1565124338,35.21843359,-97.51332967,0,0,3,323,10.049,1.425,-2.185,0
1565124339,35.21843359,-97.51332967,0,0,3,323,9.952,1.348,-2.753,0
1565124340,35.21843833,-97.51334478,272.7,1.3064837,3,322,9.698,2.548,-3.131,0
1565124341,35.21844059,-97.51336081,269.8,2.2428775,3,324,9.683,2.761,-2.955,0
1565124342,35.21843693,-97.51338221,241.2,2.0915306,3,324,9.592,2.887,-3.258,0
1565124344,35.21841122,-97.51341223,217,2.1276276,3,323,9.574,2.782,-3.201,0
1565124345,35.21839039,-97.51341161,148.7,2.3821,3,323,9.632,2.653,-3.353,0
1565124346,35.21836788,-97.51339514,150.5,2.7100737,3,323,9.68,2.231,-3.131,0
1565124347,35.2183515,-97.51335914,121.1,3.5114243,3,322,9.913,1.726,-2.602,0
1565124348,35.2183431,-97.51331126,105.3,4.0010123,3,322,9.94,1.729,-2.198,0
1565124349,35.21834055,-97.51325449,96.4,4.78,3,321,9.939,2.23,-2.153,0
1565124350,35.21835868,-97.51315934,90.6,5.150039,3,321,9.948,2.058,-2.102,0
1565124351,35.21835719,-97.51309724,88.6,5.7100086,3,322,9.83,1.993,-2.077,0
1565124352,35.21835245,-97.51303138,90.8,6.01,3,322,9.975,2.026,-2.27,0
1565124353,35.21835502,-97.5129582,89.8,6.6802692,3,322,9.867,1.916,-2.122,0
1565124354,35.21835464,-97.51288374,89.6,7.140252,3,322,9.956,1.95,-2.167,0
1565124355,35.21835058,-97.51280292,90.1,7.6200066,3,321,9.919,1.869,-1.9,0
1565124356,35.21834979,-97.51270942,90.4,8.150005,3,320,10.074,2.009,-2.051,0
1565124357,35.21834914,-97.51261655,91.2,8.600053,3,321,9.937,2.365,-2.095,0
1565124358,35.21834545,-97.51252176,91.4,8.65,3,320,9.887,2.516,-2.129,0
1565124359,35.21834146,-97.5124311,91.2,8.530005,3,320,9.921,2.558,-2.141,0
1565124360,35.21833897,-97.51234109,90.8,8.370024,3,320,9.751,2.578,-2.094,0
1565124361,35.21833563,-97.51225067,90.2,8.2,3,319,9.741,3.899,-2.079,0
1565124362,35.2183371,-97.51217212,89.2,7.3001094,3,319,9.771,4.565,-2.053,0
1565124363,35.21833726,-97.51211216,88.9,5.5803223,3,319,9.713,4.824,-2.17,0
1565124364,35.21833665,-97.51208198,88,3.2903798,3,319,9.638,4.298,-2.024,0
1565124365,35.21833665,-97.51208198,88,3.2903798,3,319,9.83,3.046,-2.053,0
1565124366,35.21832348,-97.51208353,0,0,3,319,9.92,2.357,-2.014,0
1565124367,35.21832348,-97.51208353,0,0,3,319,10.218,0.411,-2.038,0
1565124368,35.21832238,-97.51206949,93.9,0.9000555,3,318,10.171,0.068,-2.042,0
1565124369,35.21832074,-97.51203135,94.4,3.1903918,3,318,10.105,0.244,-1.97,0
1565124370,35.21831889,-97.51196661,92.5,5.3302345,3,318,10.108,0.492,-2.028,0
1565124371,35.21832327,-97.51187939,91.2,7.46006,3,318,9.869,1.093,-2.054,0
1565124373,35.218321,-97.51166217,90.8,10.13,3,319,9.878,1.331,-2.162,0
1565124374,35.2183261,-97.51153735,90.4,10.980041,3,319,9.798,1.46,-2.115,0
1565124375,35.21832878,-97.51140701,90.1,11.660017,3,318,9.798,1.909,-2.102,0
1565124376,35.21832847,-97.51127416,89.5,11.930005,3,319,9.97,2.075,-2.171,0
1565124377,35.2183369,-97.51113276,89.6,12.080016,3,318,9.978,2.137,-1.974,0
1565124378,35.21833806,-97.51100288,89.9,12.160037,3,316,9.957,2.087,-2.083,0
1565124379,35.21834339,-97.51085735,90,12.320036,3,316,9.88,2.039,-1.917,0
1565124380,35.21834064,-97.51071899,90.5,12.410065,3,316,9.751,2.136,-2.122,0
1565124381,35.2183527,-97.51057825,90,12.54,3,317,9.681,2.022,-2.085,0
1565124382,35.21836191,-97.51043577,89.6,12.630254,3,317,10.298,2.133,-2.325,0
1565124383,35.21836027,-97.51029811,89.5,12.69,3,318,9.928,2.21,-2.264,0
1565124384,35.21836437,-97.51015545,89.5,12.730015,3,317,9.931,2.18,-2.226,0
1565124385,35.21836649,-97.51001429,90.1,12.810005,3,318,9.779,2.103,-2.133,0
1565124386,35.21836994,-97.50987489,90.6,12.850316,3,317,10.049,2.209,-2.203,0
1565124387,35.21837166,-97.50973105,90.2,12.900139,3,317,9.84,2.215,-2.31,0
1565124388,35.21837063,-97.50958393,90.2,12.960312,3,317,10.177,2.206,-2.418,0
1565124389,35.21837181,-97.50944067,90.1,13.050004,3,320,9.489,2.013,-2.045,0
1565124390,35.21836548,-97.50930142,89.9,13.170061,3,318,9.962,2.163,-2.218,0
1565124391,35.21836542,-97.5091575,89.7,13.250034,3,317,9.68,2.075,-2.184,0
1565124392,35.21836426,-97.50900821,90.1,13.25,3,317,9.994,2.051,-2.087,0
1565124393,35.21836314,-97.50886247,89.7,13.380239,3,316,10.193,2.093,-2.011,0
1565124394,35.21836605,-97.5087102,90.2,13.490004,3,315,10.01,2.013,-1.871,0
1565124395,35.21836591,-97.50856383,89.8,13.590015,3,314,9.927,2.047,-1.886,0
1565124396,35.21836429,-97.50841347,90,13.630092,3,313,9.795,2.181,-1.8,0
1565124397,35.21836049,-97.50826058,90.5,13.680034,3,314,9.948,2.049,-2,0
1565124398,35.21835744,-97.5081049,90.8,13.74,3,313,10.035,2.156,-2.357,0
1565124399,35.21835639,-97.50795327,90.5,13.800091,3,313,9.877,1.995,-2.185,0
1565124400,35.21835269,-97.50780073,90.1,13.830032,3,314,9.675,2.144,-2.154,0
1565124401,35.21835618,-97.50764686,89.9,13.840014,3,314,10.014,2.763,-2.035,0
1565124402,35.21835091,-97.50749903,89.9,13.560015,3,314,9.688,2.448,-1.767,0
1565124403,35.21834738,-97.50736174,90.1,13.14,3,315,10.365,2.711,-2.4,0
1565124404,35.21834746,-97.50722476,90.1,12.73,3,314,10.239,2.322,-2.264,0
1565124405,35.21834332,-97.50708859,90.1,12.320146,3,314,9.884,2.034,-2.017,0
1565124406,35.21834058,-97.50694942,90.1,12.330101,3,313,10.408,1.952,-2.073,0
1565124407,35.21834212,-97.50681276,90.1,12.380146,3,314,10.209,1.853,-2.075,0
1565124408,35.21835365,-97.50666833,90.2,12.4201975,3,314,9.836,2.27,-1.843,0
1565124409,35.21835293,-97.50653579,90.4,12.390259,3,315,9.667,2.453,-1.609,0
1565124411,35.21834598,-97.50627899,92.2,11.470005,3,316,9.813,2.036,-1.877,0
1565124412,35.21834287,-97.50615259,92,11.420215,3,317,9.947,2.326,-2.154,0
1565124413,35.21833355,-97.50603364,92,11.440109,3,317,9.842,2.121,-2.31,0
1565124414,35.21833209,-97.50590423,91.5,11.5301075,3,316,9.481,1.763,-2.257,0
1565124415,35.21832333,-97.50577701,91.3,11.720069,3,316,9.888,1.83,-2.249,0
1565124416,35.21831347,-97.50565259,91.1,11.980267,3,317,9.877,1.759,-2.274,0
1565124417,35.21831528,-97.50551841,90.4,12.120202,3,317,10.026,2.163,-2.537,0
1565124418,35.21831807,-97.50538981,89.9,12.050203,3,318,9.776,2.01,-2.328,0
1565124419,35.21832866,-97.50524699,89.1,12.180004,3,317,9.703,1.928,-2.144,0
1565124420,35.21832675,-97.50511196,89.3,12.230065,3,317,9.905,2.15,-2.336,0
1565124421,35.21833317,-97.50498265,89.8,12.170037,3,317,9.984,2.189,-2.135,0
1565124422,35.21833516,-97.50484331,90.1,12.130005,3,318,10.015,1.999,-2.235,0
1565124423,35.21833328,-97.50471046,90.8,12.160016,3,317,9.632,1.95,-2.14,0
1565124424,35.21833161,-97.50457362,90.6,12.240261,3,317,9.525,1.768,-2.232,0
1565124425,35.21832866,-97.50443267,90.1,12.52,3,317,9.985,1.674,-2.463,0
1565124426,35.21832847,-97.50428859,89.5,12.940003,3,317,9.77,1.722,-2.062,0
1565124427,35.21833151,-97.50414119,89.5,13.370452,3,318,9.871,1.845,-2.256,0
1565124428,35.21832989,-97.50399102,90,13.760232,3,317,10.698,1.883,-2.391,0
1565124429,35.21832839,-97.50383524,90.2,14.180014,3,320,9.984,1.752,-2.196,0
1565124430,35.21832774,-97.50367986,90,14.490677,3,319,9.918,1.81,-2.091,0
1565124431,35.21832637,-97.5035186,90.2,14.780409,3,319,9.549,1.845,-2.056,0
1565124432,35.21832474,-97.5033467,90.1,14.980333,3,319,10.19,1.801,-2.447,0
1565124433,35.21833304,-97.50318181,89.4,15.030013,3,318,9.62,1.678,-2.141,0
1565124434,35.21834618,-97.50302034,88.3,14.9200535,4,317,9.78,1.589,-2.189,0
1565124435,35.21834873,-97.50285738,90.3,15.190645,9,314,10.346,1.797,-2.319,0
1565124436,35.21833939,-97.50268016,89.7,15.39,9,314,10.316,1.479,-2.229,0
1565124437,35.2183366,-97.50251021,89.8,15.430207,10,313,9.737,1.748,-1.694,0
1565124438,35.2183446,-97.50233032,89.7,15.710156,10,313,9.791,1.515,-2.133,0
1565124439,35.21834436,-97.50214972,90.2,15.790202,10,319,9.53,1.644,-2.307,0
1565124440,35.21834579,-97.50197955,89.5,15.740317,10,317,9.698,1.965,-2.325,0
1565124441,35.21833716,-97.50180547,88.3,15.481291,9,317,9.757,1.964,-2.328,0
1565124442,35.21834417,-97.50162845,88,15.232219,9,317,10.263,1.772,-2.292,0
1565124443,35.21835216,-97.5014733,87.9,15.0900135,9,317,9.592,1.599,-1.551,0
1565124444,35.21834975,-97.50131397,88.9,15.290265,9,315,9.738,1.675,-1.965,0
1565124445,35.21835063,-97.50112812,89.8,15.74,9,316,9.825,1.518,-2.076,0
1565124446,35.21835148,-97.50094789,89.8,16.090002,9,316,10.088,1.842,-1.906,0
1565124447,35.21835201,-97.50076871,90.1,16.4,9,316,10.097,1.935,-1.863,0
1565124448,35.21836231,-97.50059005,89.7,16.52,9,316,10.596,1.91,-2.675,0
1565124449,35.21836303,-97.50040334,90,16.56001,9,319,9.847,2.189,-1.961,0
1565124451,35.21835431,-97.50004768,90.9,16.500027,9,318,9.369,2.28,-1.86,0
1565124452,35.21835354,-97.49986545,90.9,16.26,9,318,10.089,2.339,-2.362,0
1565124453,35.21834793,-97.49968637,91.2,16.22011,9,317,9.294,2.192,-2.133,0
1565124454,35.21834029,-97.49951164,91,16.30011,9,317,9.681,2,-2.295,0
1565124455,35.21834195,-97.49932524,90.4,16.410011,9,317,9.746,1.731,-2.231,0
1565124456,35.21835429,-97.49913258,90.1,16.63,9,317,9.999,1.646,-2.249,0
1565124457,35.21835413,-97.49894965,90.2,16.840048,9,317,9.837,1.641,-2.143,0
1565124458,35.21834988,-97.49876107,90.3,17.070143,9,318,9.76,1.711,-2.45,0
1565124459,35.21834945,-97.49857185,90.1,17.300072,9,318,10.235,1.944,-2.27,0
1565124460,35.21834076,-97.49838059,90,17.49007,9,319,10.019,2.204,-2.084,0
1565124461,35.21833994,-97.49819295,90,17.360046,9,319,10.802,2.227,-1.997,0
1565124462,35.21834339,-97.4980079,90.1,17.370047,9,318,10.43,1.929,-2.37,0
1565124463,35.21834369,-97.49781574,90,17.560024,9,318,10.255,2.215,-2.375,0
1565124464,35.2183451,-97.49762379,90,17.600012,9,319,9.837,2.304,-2.106,0
1565124465,35.21834906,-97.49743277,89.8,17.55007,9,319,9.765,2.118,-2.141,0
1565124466,35.21833572,-97.49724126,90.2,17.290012,9,319,10.297,2.55,-2.492,0
1565124467,35.21833838,-97.49705089,90,16.870075,9,320,9.815,2.531,-2.438,0
1565124468,35.21833679,-97.49687173,90,16.400047,9,319,10.383,2.357,-2.096,0
1565124469,35.21833988,-97.49670252,90,15.900313,9,320,9.987,2.253,-2.117,0
1565124470,35.21834133,-97.49653156,90.3,15.390264,9,320,9.87,2.561,-2.087,0
1565124471,35.21834134,-97.49637049,90.2,14.960013,9,319,9.929,2.337,-2.023,0
1565124472,35.21834304,-97.49621233,90.2,14.470032,9,320,9.592,2.793,-2.01,0
1565124473,35.21834058,-97.49605799,90.8,13.800058,9,321,9.986,3.198,-2.247,0
1565124474,35.21834145,-97.49592368,90.9,12.510144,9,321,9.754,3.076,-2.258,0
1565124475,35.21834185,-97.49580099,91,11.4101095,9,322,9.902,2.992,-2.332,0
1565124476,35.21834156,-97.495686,90.5,10.240313,9,322,9.869,2.349,-2.298,0
1565124477,35.21833694,-97.49557957,90.5,9.680083,9,322,9.696,2.41,-2.43,0
1565124478,35.21833232,-97.49547325,89.9,9.3,9,321,9.851,2.334,-2.275,0
1565124479,35.21833434,-97.4953808,88.3,8.750206,9,324,9.875,2.229,-2.382,0
1565124480,35.21833512,-97.49529261,86.5,8.48,9,324,9.686,2.157,-2.506,0
1565124481,35.21834177,-97.49519826,85.1,8.390292,9,324,9.677,2.323,-2.067,0
1565124482,35.21835037,-97.49511878,84.3,8.160055,3,323,9.775,2.818,-1.878,0
1565124483,35.21835619,-97.49503693,86,7.4201684,3,323,9.942,2.659,-2.003,0
1565124484,35.2183583,-97.4949654,87.8,6.78,3,323,10.015,2.563,-2.122,0
1565124485,35.21836508,-97.49489815,88.2,6.21,3,323,10.017,2.699,-2.233,0
1565124486,35.21836641,-97.49483724,89.2,5.5800805,3,323,9.979,3.338,-2.097,0
1565124487,35.21837503,-97.49479799,89.4,4.3200116,3,322,9.909,3.225,-2.133,0
1565124488,35.21838002,-97.49476482,89.3,3.1800628,3,322,9.887,3.193,-2.188,0
1565124489,35.21837665,-97.49474664,90.4,1.7813758,3,322,9.848,2.972,-2.119,0
1565124490,35.21837665,-97.49474664,90.4,1.7813758,3,322,9.921,2.066,-2.108,0
1565124491,35.21837665,-97.49474664,90.4,1.7813758,3,322,9.961,1.941,-2.145,0
1565124492,35.21837665,-97.49474664,90.4,1.7813758,3,322,9.957,1.913,-2.141,0
1565124493,35.21837665,-97.49474664,90.4,1.7813758,3,322,9.939,1.908,-2.121,0
1565124494,35.21837665,-97.49474664,90.4,1.7813758,3,322,9.942,1.918,-2.134,0
1565124495,35.21837665,-97.49474664,90.4,1.7813758,3,322,9.935,1.916,-2.122,0
1565124496,35.21837665,-97.49474664,90.4,1.7813758,3,322,9.967,1.911,-2.121,0
1565124497,35.21837665,-97.49474664,90.4,1.7813758,3,322,9.952,1.913,-2.124,0
1565124499,35.2183678,-97.49475008,0,0,3,323,9.941,1.908,-2.115,0
1565124500,35.2183678,-97.49475008,0,0,3,323,9.947,1.912,-2.105,0
1565124501,35.2183678,-97.49475008,0,0,3,323,9.941,1.917,-2.115,0
1565124502,35.2183678,-97.49475008,0,0,3,323,9.949,1.91,-2.133,0
1565124503,35.2183678,-97.49475008,0,0,3,323,9.96,1.907,-2.123,0
1565124504,35.2183678,-97.49475008,0,0,3,323,9.957,1.904,-2.131,0
1565124505,35.2183678,-97.49475008,0,0,3,323,9.946,1.907,-2.121,0
1565124506,35.2183678,-97.49475008,0,0,3,323,9.965,1.902,-2.126,0
1565124507,35.2183678,-97.49475008,0,0,3,323,9.963,1.907,-2.104,0
1565124508,35.2183678,-97.49475008,0,0,3,323,9.938,1.904,-2.108,0
1565124509,35.2183678,-97.49475008,0,0,3,323,9.932,1.907,-2.112,0
1565124510,35.2183678,-97.49475008,0,0,3,323,9.962,1.903,-2.11,0
1565124511,35.2183678,-97.49475008,0,0,3,323,9.957,1.906,-2.103,0
1565124512,35.2183678,-97.49475008,0,0,3,323,9.938,1.902,-2.12,0
1565124513,35.2183678,-97.49475008,0,0,3,323,9.922,1.904,-2.118,0
1565124514,35.2183678,-97.49475008,0,0,3,323,9.968,1.897,-2.135,0
1565124515,35.2183678,-97.49475008,0,0,3,323,9.955,1.9,-2.133,0
1565124516,35.2183678,-97.49475008,0,0,3,323,9.953,1.901,-2.132,0
1565124517,35.2183678,-97.49475008,0,0,3,323,9.946,1.901,-2.122,0
1565124518,35.2183678,-97.49475008,0,0,3,323,9.953,1.905,-2.125,0
1565124519,35.2183678,-97.49475008,0,0,3,323,9.959,1.909,-2.106,0
1565124520,35.2183678,-97.49475008,0,0,3,323,9.957,1.906,-2.111,0
1565124521,35.2183678,-97.49475008,0,0,3,323,9.942,1.909,-2.14,0
1565124522,35.2183678,-97.49475008,0,0,3,323,9.934,1.899,-2.134,0
1565124523,35.2183678,-97.49475008,0,0,3,323,9.972,1.909,-2.142,0
1565124524,35.2183678,-97.49475008,0,0,3,323,9.956,1.899,-2.113,0
1565124525,35.2183678,-97.49475008,0,0,3,323,9.966,1.897,-2.121,0
1565124526,35.2183678,-97.49475008,0,0,3,323,9.957,1.902,-2.131,0
1565124527,35.2183678,-97.49475008,0,0,3,323,9.941,1.899,-2.137,0
1565124528,35.2183678,-97.49475008,0,0,3,323,9.942,1.905,-2.132,0
1565124529,35.2183678,-97.49475008,0,0,3,323,9.971,1.9,-2.113,0
1565124530,35.2183678,-97.49475008,0,0,3,323,9.951,1.902,-2.101,0
1565124531,35.2183678,-97.49475008,0,0,3,323,9.955,1.903,-2.127,0
1565124532,35.2183678,-97.49475008,0,0,3,323,9.947,1.898,-2.144,0
1565124533,35.2183678,-97.49475008,0,0,3,323,9.934,1.901,-2.118,0
1565124534,35.2183678,-97.49475008,0,0,3,323,9.963,1.738,-2.112,0
1565124535,35.2183678,-97.49475008,0,0,3,323,9.997,1.218,-2.084,0
1565124536,35.2183678,-97.49475008,0,0,3,323,10.081,0.338,-2.119,0
1565124537,35.21836609,-97.49473289,92.5,1.560801,3,323,10.14,0.218,-2.169,0
1565124538,35.21836766,-97.49469387,90.9,3.27,3,324,10.059,0.304,-2.11,0
1565124539,35.21837217,-97.49463892,90.1,4.730676,3,324,10.032,0.529,-2.229,0
1565124541,35.21837301,-97.49448484,89.7,7.5000067,3,323,10.029,0.733,-2.135,0
1565124542,35.21837707,-97.49437994,89.5,8.420006,3,323,10.647,0.049,-2.124,0
1565124543,35.21837878,-97.49427288,89.8,9.290021,3,323,9.932,0.199,-2.105,0
1565124544,35.21838057,-97.49415748,89.7,10.190019,3,323,10.216,0.255,-2.329,0
1565124545,35.21837871,-97.49404172,90.4,11.000005,3,323,9.942,0.318,-2.429,0
1565124546,35.21837938,-97.49390094,89.9,11.910017,3,323,9.775,0.014,-2.384,0
1565124547,35.2183744,-97.49375884,90,12.91,3,323,9.783,0.364,-2.396,0
1565124548,35.21836892,-97.49361125,90,13.560034,3,323,9.779,0.641,-2.346,0
1565124549,35.21836759,-97.49345886,90,13.9700575,3,325,9.811,0.735,-2.358,0
1565124550,35.21836355,-97.49330252,90.1,14.300004,3,324,9.779,0.824,-2.334,0
1565124551,35.21837121,-97.49314338,90,14.570124,3,324,10,0.96,-2.216,0
1565124552,35.21836446,-97.49298416,90.8,14.660085,3,325,9.732,1.083,-2.126,0
1565124553,35.2183596,-97.49282972,91.2,14.520014,3,324,9.87,1.072,-2.203,0
1565124554,35.21835762,-97.49266776,91,14.520056,3,325,9.901,0.947,-2.242,0
1565124555,35.2183555,-97.49250499,90.9,14.690003,3,325,10.048,0.934,-2.365,0
1565124556,35.21835374,-97.49234101,90.8,14.8400135,3,326,9.993,0.952,-2.399,0
1565124557,35.21834878,-97.49217935,90.8,14.910013,3,326,9.985,1.456,-2.203,0
1565124558,35.21834824,-97.4920217,90.6,14.650013,3,325,10.12,1.397,-2.403,0
1565124559,35.21835883,-97.49185264,88,15.170557,3,325,10.022,1.526,-2.186,0
1565124560,35.21836389,-97.49169304,89.4,14.390125,3,324,9.727,1.443,-2.14,0
1565124561,35.21836312,-97.49155014,91,13.390183,4,325,9.784,1.433,-2.277,0
1565124562,35.21835758,-97.49142311,91.3,12.510784,3,324,9.804,2.843,-2.355,0
1565124563,35.2183529,-97.49130894,90.8,11.12022,4,324,9.819,2.827,-2.382,0
1565124564,35.21835085,-97.49121202,89.4,9.23,4,324,9.847,1.948,-2.359,0
1565124565,35.21835931,-97.49112485,90.2,7.850159,4,323,9.948,1.34,-2.336,0
1565124566,35.2183622,-97.49104021,89.9,7.510007,4,323,9.937,0.87,-2.371,0
1565124567,35.21836269,-97.49095825,89.7,7.5101066,4,324,9.841,0.298,-2.19,0
1565124568,35.21836616,-97.49087549,90.4,7.82,4,324,9.948,-0.119,-2.376,0
1565124569,35.21836833,-97.49078165,88.8,8.830277,4,324,9.985,0.056,-2.343,0
1565124570,35.21837249,-97.49065888,89.2,10.1104,4,325,9.829,0.634,-2.234,0
1565124571,35.21836866,-97.49054303,89.4,10.590231,3,324,9.855,0.608,-2.289,0
1565124572,35.21837059,-97.49042881,89.5,10.97,3,323,10.004,0.9,-2.343,0
1565124573,35.21837252,-97.49029842,89.6,11.180005,3,323,9.673,0.923,-2.309,0
1565124574,35.21837328,-97.49016921,89.5,11.410039,3,324,9.924,0.591,-2.297,0
1565124575,35.21837071,-97.49002972,89.7,11.920067,3,325,9.724,0.47,-2.109,0
1565124576,35.21836856,-97.48988954,90,12.500016,3,325,9.889,0.372,-2.384,0
1565124577,35.21837439,-97.48973967,90,13.060139,3,325,9.959,0.31,-2.575,0
1565124578,35.21837503,-97.48958567,89.8,13.740232,3,325,9.926,0.213,-2.43,0
1565124579,35.2183812,-97.48942731,89.6,14.450055,3,326,9.84,0.205,-2.338,0
1565124580,35.2183853,-97.48926268,89.4,15.13,3,326,9.921,0.185,-2.373,0
1565124581,35.21838403,-97.48908603,89.5,15.830004,3,325,10.01,0.309,-2.297,0
1565124582,35.21838638,-97.48890181,89.6,16.56001,3,326,9.99,0.994,-2.346,0
1565124583,35.21838611,-97.48871225,89.8,16.950047,3,326,10.025,1.301,-2.322,0
1565124584,35.21839058,-97.48853308,89.8,16.600147,3,326,10.075,0.85,-2.453,0
1565124585,35.21839296,-97.48835079,89.4,16.490194,3,326,9.906,1.23,-2.329,0
1565124587,35.21839226,-97.48800121,89.6,15.730203,4,326,10.368,1.485,-2.445,0
1565124588,35.21839097,-97.48783649,89.8,15.070401,4,326,10.142,1.899,-2.354,0
1565124589,35.21839895,-97.48767714,88.7,14.280126,4,327,9.89,2.503,-2.344,0
1565124590,35.21840146,-97.487552,88.3,12.590195,9,326,9.955,2.548,-2.405,0
1565124591,35.21840928,-97.48743477,87.7,11.140162,9,326,9.963,2.484,-2.306,0
1565124592,35.21840888,-97.48732968,87.7,9.610749,9,326,10.157,1.682,-2.564,0
1565124593,35.2184055,-97.48725992,89.4,8.060751,9,326,9.977,1.467,-2.394,0
1565124594,35.21840121,-97.48717859,89.4,7.3704343,9,326,10.065,1.209,-2.486,0
1565124595,35.21840015,-97.48711773,89.5,6.9001813,9,326,9.852,1.167,-2.388,0
1565124596,35.21839624,-97.48705845,89.2,6.5200076,9,325,9.902,1.129,-2.353,0
1565124597,35.21839616,-97.48698107,89,6.460124,9,326,9.99,0.472,-2.412,0
1565124598,35.21839696,-97.48690886,89.6,6.610008,9,326,9.978,0.041,-2.382,0
1565124599,35.21840059,-97.4868375,90.1,7.1000633,9,326,9.827,-0.12,-2.252,0
1565124600,35.21839077,-97.48674481,91.1,7.8000064,9,327,9.883,0.553,-2.245,0
1565124601,35.2183876,-97.48664582,90.5,8.260097,9,328,10.141,0.954,-2.467,0
1565124602,35.21838893,-97.48654171,90,8.460094,9,329,9.872,0.538,-2.322,0
1565124603,35.21838988,-97.48645142,90,8.490023,9,329,9.779,0.445,-2.441,0
1565124604,35.21839991,-97.48634279,89.5,8.860005,9,328,9.88,0.416,-2.458,0
1565124605,35.21839486,-97.48625307,92.4,9.39,9,328,9.744,0.055,-2.367,0
1565124606,35.21839869,-97.48613241,90.2,9.880005,9,328,9.78,0.104,-2.247,0
1565124607,35.21840037,-97.48602184,90.2,10.440004,9,328,9.674,-0.155,-2.204,0
1565124608,35.21840286,-97.48589467,89.6,11.610039,9,329,9.893,-0.154,-2.275,0
1565124609,35.21840655,-97.48576332,89.4,12.590015,9,329,9.765,-0.011,-2.308,0
1565124610,35.2184015,-97.48561848,89.5,13.650033,9,330,9.945,0.404,-2.361,0
1565124611,35.21840403,-97.48545559,89.7,14.360031,9,331,9.655,1.363,-2.128,0
1565124612,35.21840502,-97.48530443,89.7,14.28,9,329,9.758,1.37,-2.376,0
1565124613,35.21840012,-97.4851532,89.5,14.000004,9,330,10.035,1.416,-2.348,0
1565124614,35.21840652,-97.48500726,89.6,13.750014,9,331,9.862,1.159,-2.17,0
1565124615,35.21841331,-97.48485175,89.9,13.660442,9,330,9.795,1.14,-2.121,0
1565124616,35.21841127,-97.48469871,90.1,13.570943,9,330,9.872,1.197,-2.234,0
1565124617,35.21840875,-97.48454376,90.1,13.69161,9,331,9.828,1.407,-2.186,0
1565124618,35.21840734,-97.48438891,90.3,13.592299,9,330,9.947,1.412,-2.453,0
1565124619,35.21840543,-97.48424126,90.3,13.471203,9,330,9.886,1.382,-2.467,0
1565124620,35.21840368,-97.48409047,90,13.351812,9,329,9.974,1.987,-2.297,0
1565124621,35.21839638,-97.48394753,89.7,12.922229,3,329,9.99,2.563,-2.406,0
1565124622,35.21839306,-97.48381793,89.7,11.762058,3,329,10.062,1.712,-2.528,0
1565124623,35.21839007,-97.48369873,89.2,10.991819,3,328,9.735,1.287,-2.344,0
1565124624,35.21838764,-97.48358869,88.9,10.831334,3,328,10.132,1.281,-2.524,0
1565124625,35.21838834,-97.48346837,88.8,11.111458,3,329,9.953,0.859,-2.519,0
1565124626,35.21838673,-97.48333997,88.9,11.181006,3,329,9.931,-0.22,-2.503,0
1565124627,35.21838978,-97.48319742,88.3,12.301626,3,328,9.935,0.006,-2.195,0
1565124628,35.21839214,-97.48303517,88.6,13.95224,3,327,9.969,0.869,-2.321,0
1565124629,35.21839536,-97.48287148,89.2,14.470885,3,328,10.04,0.82,-2.397,0
1565124630,35.21839428,-97.48270585,89.3,14.85066,3,328,10.142,1.008,-2.361,0
1565124631,35.21839561,-97.48254153,89.2,15.200474,3,328,10.066,1.35,-2.333,0
1565124632,35.21840123,-97.48237148,89.2,15.230209,3,328,9.875,1.134,-2.478,0
1565124633,35.21840197,-97.48220508,89.6,15.180161,3,328,10.25,0.687,-2.606,0
1565124635,35.21839773,-97.4818664,90.1,15.760004,3,329,9.858,0.359,-2.14,0
1565124636,35.21839651,-97.48168874,90.7,16.140001,3,328,10.07,1.172,-2.15,0
1565124637,35.21839199,-97.48151847,91.2,15.870012,3,328,9.501,1.349,-2.161,0
1565124638,35.21838963,-97.4813474,91.2,15.530012,3,328,9.694,1.391,-2.479,0
1565124639,35.21839042,-97.48118213,90.7,15.16,3,327,10.202,1.534,-2.589,0
1565124640,35.21839258,-97.48101565,90.6,14.800055,3,327,10.007,1.393,-2.043,0
1565124641,35.21838764,-97.48086059,91.7,14.600004,3,328,9.786,1.23,-1.782,0
1565124642,35.21837823,-97.48070314,92.8,14.470004,3,329,9.829,0.768,-2.128,0
1565124643,35.218371,-97.48053786,93.1,14.8,3,330,9.82,0.508,-2.257,0
1565124644,35.21836514,-97.48036757,92.2,15.3200035,3,329,9.973,0.836,-2.545,0
1565124645,35.21836236,-97.48020913,91.2,15.280082,3,329,9.916,1.077,-2.418,0
1565124646,35.21835781,-97.48004827,90.6,15.220053,3,329,9.912,0.964,-2.265,0
1565124647,35.21836112,-97.47988429,90.1,15.150119,3,329,10.033,1.535,-2.334,0
1565124648,35.21836017,-97.47971791,90.1,14.890031,3,329,9.769,1.4,-2.148,0
1565124649,35.21836451,-97.47956156,90.2,14.52,3,328,10.114,1.562,-2.495,0
1565124650,35.21836709,-97.47942092,90,14.13,3,327,9.883,1.371,-2.309,0
1565124651,35.21837108,-97.47926507,90.2,13.700058,3,327,9.894,1.365,-2.334,0
1565124652,35.21837176,-97.47911562,89.1,13.510059,3,328,9.928,1.343,-2.303,0
1565124653,35.21837196,-97.47897403,89.3,13.04,3,328,9.926,1.574,-2.235,0
1565124654,35.21837556,-97.47883242,89.1,12.370101,3,328,10.01,2.808,-2.097,0
1565124655,35.21837711,-97.47871828,89.4,10.650004,3,327,9.995,2.389,-2.273,0
1565124656,35.21837906,-97.47861515,89.3,9.140006,3,327,9.958,1.611,-2.278,0
1565124657,35.21838018,-97.47852567,89.1,8.48,3,327,9.976,1.893,-2.102,0
1565124658,35.21837871,-97.47844303,89.8,7.740006,3,327,9.933,2.066,-2.066,0
1565124659,35.21837744,-97.47837231,90.5,6.5,3,327,9.868,1.99,-2.207,0
1565124660,35.21837591,-97.47831264,90.6,5.34,3,327,9.923,1.87,-2.24,0
1565124661,35.21837599,-97.47826185,90.4,4.490044,3,327,9.782,2.032,-2.059,0
1565124662,35.21837665,-97.47821839,90.2,3.540014,3,327,9.913,2.084,-2.286,0
1565124663,35.21837733,-97.47818881,90.3,2.52,3,327,9.975,2.167,-2.238,0
1565124664,35.21838045,-97.47817338,90.3,1.2900387,3,328,9.931,1.866,-2.232,0
1565124665,35.21838045,-97.47817338,90.3,1.2900387,3,328,9.946,1.217,-2.231,0
1565124666,35.21838045,-97.47817338,90.3,1.2900387,3,328,9.944,1.058,-2.236,0
1565124667,35.21838045,-97.47817338,90.3,1.2900387,3,328,9.972,1.029,-2.204,0
1565124668,35.21838045,-97.47817338,90.3,1.2900387,3,328,9.939,1.031,-2.237,0
1565124669,35.21838045,-97.47817338,90.3,1.2900387,3,328,9.929,0.837,-2.211,0
1565124670,35.21838045,-97.47817338,90.3,1.2900387,3,328,9.97,-0.163,-1.935,0
1565124671,35.21837219,-97.47816064,94.9,0.64288414,3,328,9.981,-1.101,-1.63,0
1565124672,35.21836451,-97.47814684,95,1.8106904,3,328,9.877,-0.692,-2.833,0
1565124673,35.21835016,-97.47808531,109.2,4.530177,3,329,9.625,-0.671,-3.392,0
1565124674,35.21834263,-97.47801956,100.8,5.910414,3,328,9.614,-0.704,-2.779,0
1565124675,35.21834557,-97.47792976,92.4,7.710026,3,328,9.943,0.061,-2.622,0
1565124676,35.21833877,-97.477829,90.8,8.96009,3,328,9.996,0.615,-2.486,0
1565124677,35.21834142,-97.47772374,89.8,9.620333,3,329,9.882,0.882,-2.217,0
1565124678,35.21833711,-97.47761049,89.5,9.620878,3,329,9.855,0.549,-2.308,0
1565124679,35.21833848,-97.47751251,89.7,9.710253,3,328,9.784,0.327,-2.178,0
1565124680,35.21833959,-97.47739102,89.6,10.270044,3,328,9.991,0.395,-2.458,0
1565124681,35.21833427,-97.4772658,89.7,10.890005,3,328,9.802,0.157,-2.482,0
1565124682,35.21833111,-97.47714022,89.6,11.46,3,328,9.957,0.324,-2.326,0
1565124684,35.218335,-97.47686413,89.7,12.940096,3,329,9.841,0.612,-2.241,0
1565124685,35.2183343,-97.47671545,89.8,13.280094,3,329,10.092,0.54,-2.482,0
1565124686,35.21833779,-97.4765602,89.8,13.630235,3,329,10.032,0.773,-2.393,0
1565124687,35.21833853,-97.47640825,89.9,13.840231,3,329,9.97,0.856,-2.366,0
1565124688,35.21834278,-97.47624961,89.5,14.190014,3,330,10.141,0.759,-2.43,0
1565124689,35.2183462,-97.47609008,89.5,14.610003,3,330,9.679,0.917,-2.492,0
1565124690,35.21834116,-97.47593081,89.8,15.000854,3,329,9.95,0.501,-2.043,0
1565124691,35.21833807,-97.47575665,90.1,15.760917,3,329,10.194,0.198,-2.268,0
1565124692,35.2183402,-97.47557449,89.7,16.570435,3,329,9.661,0.94,-2.636,0
1565124693,35.21834321,-97.47539126,88.4,16.61059,3,329,9.599,1.133,-2.642,0
1565124694,35.21835123,-97.47521104,87.2,16.470148,3,329,9.923,1.138,-2.374,0
1565124695,35.21835795,-97.47503233,86.8,16.360027,3,328,10.05,1.291,-2.339,0
1565124696,35.21836658,-97.47485392,87.4,16.190079,3,328,10.1,0.972,-2.004,0
1565124697,35.21837428,-97.47468213,88.4,16.141117,3,327,10.261,1.259,-1.984,0
1565124698,35.21836725,-97.47451678,89.2,16.080898,3,327,10.306,1.32,-1.989,0
1565124699,35.21837099,-97.47434127,89.5,15.850711,3,326,10.174,1.203,-2.172,0
1565124700,35.21837686,-97.4741681,89.6,15.690458,3,326,9.723,0.973,-2.183,0
1565124701,35.21837914,-97.47399295,89.6,15.530206,3,325,9.991,0.939,-2.105,0
1565124702,35.21838064,-97.4738303,89.5,15.500261,3,325,10.465,0.974,-2.295,0
1565124703,35.21838501,-97.47366549,89.3,15.190082,3,325,10.204,2.468,-2.155,0
1565124704,35.21838883,-97.47351399,89.6,13.740131,3,324,9.952,2.03,-2.174,0
1565124705,35.21838969,-97.47337678,89.8,12.460257,3,324,9.795,1.76,-2.043,0
1565124706,35.21839331,-97.47324877,90.1,11.680107,3,323,9.953,3.188,-2.039,0
1565124707,35.21839724,-97.47314681,90.6,9.642075,3,324,10.068,4.106,-2.304,0
1565124708,35.21839479,-97.47308756,90.4,5.930135,3,324,10.064,3.742,-2.262,0
1565124709,35.21839072,-97.47305816,90.2,2.99,3,324,10.035,2.676,-2.189,0
1565124710,35.21839572,-97.47303684,90.2,1.59803,3,325,10.028,1.8,-2.244,0
1565124711,35.21839572,-97.47303684,90.2,1.59803,3,325,9.947,1.09,-2.218,0
1565124712,35.21839833,-97.47302568,0,0,4,325,9.928,0.96,-2.235,0
1565124713,35.21839833,-97.47302568,0,0,4,325,9.913,0.946,-2.231,0
1565124714,35.21839833,-97.47302568,0,0,4,325,9.915,0.944,-2.264,0
1565124715,35.21839833,-97.47302568,0,0,4,325,9.937,0.94,-2.268,0
1565124716,35.21839833,-97.47302568,0,0,4,325,9.928,0.941,-2.233,0
1565124717,35.21840828,-97.47302506,0,0,5,326,9.934,0.935,-2.245,0
1565124718,35.21840828,-97.47302506,0,0,5,326,9.953,0.933,-2.276,0
1565124719,35.21840828,-97.47302506,0,0,5,326,9.938,0.943,-2.238,0
1565124720,35.21840828,-97.47302506,0,0,5,326,9.949,0.941,-2.253,0
1565124721,35.21840537,-97.47303651,0,0,4,325,9.956,0.933,-2.244,0
1565124722,35.21840537,-97.47303651,0,0,4,325,9.924,0.94,-2.237,0
1565124723,35.21840537,-97.47303651,0,0,4,325,9.948,0.943,-2.25,0
1565124724,35.21840537,-97.47303651,0,0,4,325,9.925,0.941,-2.246,0
1565124725,35.21840537,-97.47303651,0,0,4,325,9.843,-0.876,-2.273,0
1565124726,35.21840537,-97.47303651,0,0,4,325,9.881,-2.141,-2.413,0
1565124727,35.21840158,-97.47298872,87.1,3.4300582,4,324,9.864,-1.768,-2.415,0
1565124728,35.21839504,-97.47293645,88.5,4.280047,4,324,9.868,-1.019,-2.286,0
1565124729,35.2183963,-97.47282059,87.8,7.7306466,4,324,9.896,-0.454,-2.376,0
1565124730,35.21839017,-97.47271054,88.1,9.340535,4,324,9.923,0.247,-2.173,0
1565124731,35.21838843,-97.47261061,88.6,10.211415,4,320,9.937,0.171,-2.218,0
1565124732,35.21837888,-97.47248066,88.9,11.05,3,319,10.112,0.212,-2.372,0
1565124733,35.21837682,-97.47234606,88.8,11.55,3,320,9.945,0.326,-2.325,0
1565124734,35.21837451,-97.47220586,88.9,12.200496,3,320,9.925,0.299,-2.327,0
1565124735,35.2183807,-97.47206759,88.7,12.770768,3,320,10.056,0.188,-2.344,0
1565124736,35.21838136,-97.47192865,88.7,13.280964,3,321,9.956,0.309,-2.193,0
1565124737,35.21838423,-97.47177522,88.6,13.700441,3,321,9.725,0.249,-2.146,0
1565124739,35.21838793,-97.47145176,89.6,14.510031,3,321,9.444,0.24,-1.933,0
1565124740,35.21838967,-97.4712871,89.4,14.800055,3,322,9.675,0.611,-2.154,0
1565124741,35.21839511,-97.47112247,89.4,15.042606,3,321,10.114,0.78,-2.492,0
1565124742,35.21840303,-97.47095898,89,14.930014,3,321,9.768,1.163,-2.396,0
1565124743,35.21840266,-97.47079684,89.6,15.030851,3,320,9.664,0.898,-2.112,0
1565124744,35.21840129,-97.47062426,89.7,15.000163,3,321,9.971,0.658,-2.239,0
1565124745,35.21840786,-97.47045641,89.3,15.110013,3,322,9.989,0.616,-2.083,0
1565124746,35.21840642,-97.47029532,90.2,15.040004,3,321,10.218,0.586,-2.237,0
1565124747,35.21840311,-97.47012511,90.4,15.230052,3,322,9.996,0.325,-2.363,0
1565124748,35.2184099,-97.46996136,89.9,15.320082,3,323,9.832,0.254,-2.429,0
1565124749,35.218417,-97.46979671,89.9,15.7211485,3,323,9.658,0.293,-2.309,0
1565124750,35.21842191,-97.46962854,90,15.980153,3,323,10.212,0.062,-2.603,0
1565124751,35.21841722,-97.46943681,89.9,16.690048,3,324,9.84,0.564,-2.315,0
1565124752,35.21841777,-97.46925946,90,16.73,3,324,9.84,0.976,-1.934,0
1565124753,35.2184226,-97.46908408,89.9,16.51,3,324,10.078,0.584,-2.009,0
1565124754,35.21842467,-97.46889606,89.8,16.64,4,324,10.184,0.664,-2.277,0
1565124755,35.21842886,-97.46871973,90,16.49,4,324,9.981,0.762,-2.398,0
1565124756,35.21842915,-97.46852594,90.2,16.66,4,324,9.853,0.822,-2.28,0
1565124757,35.2184316,-97.46835892,90.2,16.33,4,324,10.088,0.738,-2.382,0
1565124758,35.21843196,-97.4681807,90.6,16.570011,4,324,10.085,0.609,-2.554,0
1565124759,35.21842952,-97.46800274,90.3,16.570301,4,326,9.771,0.736,-2.16,0
1565124760,35.21842316,-97.46780592,90.1,16.830147,4,326,10.063,0.477,-2.364,0
1565124761,35.21842435,-97.46761993,89.7,16.592897,3,327,9.946,0.579,-2.231,0
1565124762,35.21841731,-97.46743144,89.6,16.780361,4,327,10.088,0.505,-2.273,0
1565124763,35.21841755,-97.46724057,89.8,17.100073,4,327,9.875,0.593,-2.19,0
1565124764,35.21842594,-97.46703793,89.5,17.330072,9,327,10.012,0.596,-2.186,0
1565124765,35.21842653,-97.46684154,90,17.540926,9,328,9.962,0.339,-2.136,0
1565124766,35.21841824,-97.46665993,91.9,17.270569,9,327,9.762,0.627,-1.898,0
1565124767,35.21841799,-97.46646259,91,17.530184,9,328,9.808,0.852,-2.262,0
1565124768,35.21842504,-97.46628875,90.5,17.240185,10,329,9.798,0.795,-2.045,0
1565124769,35.21842243,-97.46608529,91.7,17.735458,9,330,9.883,0.625,-2.315,0
1565124770,35.21843021,-97.46589965,90.1,17.941885,9,330,10.086,0.596,-2.372,0
1565124771,35.21842859,-97.46571466,89.9,17.830404,9,332,9.93,0.649,-2.212,0
1565124772,35.21842873,-97.46550827,89.3,18.110012,9,331,9.997,0.58,-2.22,0
1565124773,35.21842472,-97.46530302,89.5,18.100044,10,331,9.948,0.724,-2.425,0
1565124774,35.2184292,-97.46510253,89.2,18.150002,11,331,9.845,0.641,-2.042,0
1565124775,35.2184611,-97.46489272,85.6,18.230024,11,331,9.963,0.616,-2.067,0
1565124776,35.21843057,-97.46467096,90.3,18.740011,12,332,9.972,0.721,-2.124,0
1565124777,35.21844417,-97.46444675,89.9,19.220041,12,332,10.186,0.731,-2.301,0
1565124778,35.21843433,-97.46424035,89.5,18.244385,10,332,9.725,0.771,-1.936,0
1565124779,35.21842752,-97.46404126,89.9,18.240702,10,332,9.913,0.667,-2.361,0
1565124780,35.21841261,-97.46384683,90.6,18.270044,10,334,10.057,0.849,-2.151,0
1565124781,35.21842067,-97.46365157,90.2,18.470001,9,333,10.327,1.043,-2.428,0
1565124782,35.21842398,-97.46345618,90.2,18.280045,9,334,10.142,0.89,-2.467,0
1565124783,35.21842632,-97.46325129,90.2,18.140043,9,334,9.884,0.833,-2.218,0
1565124784,35.21841866,-97.46305838,91,18.020071,9,333,10.198,0.911,-2.187,0
1565124785,35.21842074,-97.46285462,90.3,17.930044,9,333,9.762,0.85,-2.302,0
1565124786,35.21841721,-97.46267287,90.6,17.61,10,331,9.879,0.797,-2.307,0
1565124787,35.21842171,-97.46247589,89.9,17.71,10,331,9.823,1.096,-2.101,0
1565124788,35.21841123,-97.46229205,91,17.49,10,331,10.078,0.941,-2.351,0
1565124789,35.21841234,-97.46211572,91.1,17.210743,10,330,9.937,0.719,-2.328,0
1565124790,35.21841302,-97.4619182,91.1,17.400045,9,330,9.881,0.933,-2.379,0
1565124791,35.21840546,-97.46172405,91,17.410046,9,329,9.65,1.262,-2.465,0
1565124792,35.21840791,-97.46152955,91.1,17.261278,9,331,9.953,1.158,-2.316,0
1565124793,35.2184039,-97.46134764,89.9,16.980024,9,331,10.005,1.127,-2.412,0
1565124794,35.21839693,-97.46117404,89.6,16.730146,9,331,9.948,1.142,-2.249,0
1565124795,35.21840626,-97.46101706,89.5,16.20025,9,327,9.888,0.71,-3.142,0
1565124797,35.21841318,-97.46069452,90.5,15.30003,9,326,9.978,1.011,-2.373,0
1565124798,35.21841769,-97.46052668,90.1,14.93012,9,324,9.954,1.962,-2.272,0
1565124799,35.21841429,-97.46037261,89.8,13.180035,9,325,10.121,2.208,-2.257,0
1565124800,35.21841237,-97.46024311,90.1,11.72,9,325,10.021,2.074,-2.278,0
1565124801,35.21841607,-97.46012477,89.4,10.900165,9,326,9.97,1.274,-2.315,0
1565124802,35.21841582,-97.46001423,89.7,10.070004,9,326,10.044,1.022,-2.409,0
1565124803,35.2184188,-97.4599041,90.1,9.700005,9,326,9.903,1.633,-2.253,0
1565124804,35.21841704,-97.45981154,90.8,8.710052,9,326,9.923,2.073,-2.325,0
1565124805,35.21842401,-97.45974193,90.3,7.290336,9,326,10.208,2.05,-2.292,0
1565124806,35.21843165,-97.45967359,91.4,5.981413,10,327,10.061,2.268,-2.291,0
1565124807,35.21843676,-97.45964731,88.8,3.920013,9,328,10.069,2.473,-2.241,0
1565124808,35.2184385,-97.45961664,87.9,2.8506315,9,328,10.022,1.999,-2.291,0
1565124809,35.21842934,-97.45959011,96.3,2.05,10,328,9.981,1.819,-2.319,0
1565124810,35.21842934,-97.45959011,96.3,2.05,10,328,9.904,0.94,-2.281,0
1565124811,35.21842934,-97.45959011,96.3,2.05,10,328,9.904,0.764,-2.279,0
1565124812,35.21842934,-97.45959011,96.3,2.05,10,328,9.943,0.721,-2.293,0
1565124813,35.21842934,-97.45959011,96.3,2.05,10,328,9.954,0.703,-2.294,0
1565124814,35.21842934,-97.45959011,96.3,2.05,10,328,9.926,0.72,-2.329,0
1565124815,35.21842934,-97.45959011,96.3,2.05,10,328,9.912,0.726,-2.272,0
1565124816,35.21842934,-97.45959011,96.3,2.05,10,328,9.924,0.723,-2.355,0
1565124817,35.21842934,-97.45959011,96.3,2.05,10,328,9.938,0.71,-2.389,0
1565124818,35.21842934,-97.45959011,96.3,2.05,10,328,9.915,0.726,-2.336,0
1565124819,35.21842934,-97.45959011,96.3,2.05,10,328,9.919,0.731,-2.299,0
1565124820,35.21842934,-97.45959011,96.3,2.05,10,328,9.913,0.734,-2.3,0
1565124821,35.21842934,-97.45959011,96.3,2.05,10,328,9.912,0.719,-2.303,0
1565124822,35.21842934,-97.45959011,96.3,2.05,10,328,9.925,0.733,-2.302,0
1565124823,35.21842934,-97.45959011,96.3,2.05,10,328,9.892,0.731,-2.293,0
1565124824,35.21842934,-97.45959011,96.3,2.05,10,328,9.919,0.728,-2.289,0
1565124825,35.21842934,-97.45959011,96.3,2.05,10,328,9.899,0.725,-2.295,0
1565124826,35.21842934,-97.45959011,96.3,2.05,10,328,9.905,0.725,-2.302,0
1565124827,35.21842934,-97.45959011,96.3,2.05,10,328,9.922,0.719,-2.306,0
1565124828,35.21842934,-97.45959011,96.3,2.05,10,328,9.925,0.72,-2.297,0
1565124829,35.21842934,-97.45959011,96.3,2.05,10,328,9.928,0.722,-2.301,0
1565124830,35.21842934,-97.45959011,96.3,2.05,10,328,9.92,0.716,-2.303,0
1565124831,35.21842934,-97.45959011,96.3,2.05,10,328,9.897,0.723,-2.299,0
1565124832,35.21842934,-97.45959011,96.3,2.05,10,328,9.92,0.725,-2.317,0
1565124833,35.21842934,-97.45959011,96.3,2.05,10,328,9.902,0.727,-2.299,0
1565124834,35.21842934,-97.45959011,96.3,2.05,10,328,9.918,0.722,-2.308,0
1565124835,35.21842934,-97.45959011,96.3,2.05,10,328,9.911,0.725,-2.298,0
1565124836,35.21842934,-97.45959011,96.3,2.05,10,328,9.911,0.729,-2.316,0
1565124837,35.21842934,-97.45959011,96.3,2.05,10,328,9.907,0.724,-2.297,0
1565124838,35.21842934,-97.45959011,96.3,2.05,10,328,9.9,0.728,-2.291,0
1565124839,35.21842934,-97.45959011,96.3,2.05,10,328,9.889,0.733,-2.272,0
1565124840,35.21842934,-97.45959011,96.3,2.05,10,328,9.921,0.724,-2.298,0
1565124841,35.21842934,-97.45959011,96.3,2.05,10,328,9.891,0.733,-2.305,0
1565124842,35.21842934,-97.45959011,96.3,2.05,10,328,9.893,0.734,-2.287,0
1565124843,35.21842934,-97.45959011,96.3,2.05,10,328,9.911,0.723,-2.306,0
1565124844,35.21842934,-97.45959011,96.3,2.05,10,328,9.922,0.728,-2.298,0
1565124845,35.21842934,-97.45959011,96.3,2.05,10,328,9.892,0.725,-2.315,0
1565124846,35.21842934,-97.45959011,96.3,2.05,10,328,9.899,0.438,-2.3,0
1565124847,35.21842934,-97.45959011,96.3,2.05,10,328,9.827,-0.534,-2.306,0
1565124848,35.21842934,-97.45959011,96.3,2.05,10,328,9.822,-0.767,-2.311,0
1565124849,35.21843041,-97.45956244,90.5,1.8852055,9,328,9.746,-0.507,-2.212,0
1565124850,35.21842273,-97.4595306,88.4,2.9324563,9,327,9.87,-0.329,-2.236,0
1565124851,35.21841846,-97.45948189,89.9,4.1530833,9,326,9.822,-0.425,-2.264,0
1565124852,35.21841215,-97.45941783,89.3,5.100039,9,327,9.91,-0.493,-2.252,0
1565124853,35.21841083,-97.45935009,88.9,5.910541,9,327,9.968,-0.466,-2.413,0
1565124855,35.21839747,-97.45919103,90,8.152968,9,324,9.897,-0.317,-2.367,0
1565124856,35.21840537,-97.45909885,89.2,8.770463,9,324,9.949,0.019,-2.263,0
1565124857,35.21840508,-97.45898522,89.7,9.8601265,9,324,9.792,0.11,-2.194,0
1565124858,35.21840739,-97.45885839,91.1,10.740297,9,324,9.941,-0.238,-2.365,0
1565124859,35.21840694,-97.45873254,90.7,11.3270645,9,324,9.946,-0.059,-2.295,0
1565124860,35.21840896,-97.45859985,90.8,12.05,9,325,10.085,0.115,-2.138,0
1565124861,35.21840906,-97.45847154,90.6,12.280066,9,324,9.893,0.224,-2.099,0
1565124862,35.2184092,-97.45832463,90.6,12.750004,9,325,9.744,0.218,-2.116,0
1565124863,35.21840265,-97.45817118,90.7,13.190094,9,324,9.364,0.501,-2.062,0
1565124864,35.21840157,-97.45801388,90.4,13.480092,9,324,9.823,0.435,-2.106,0
1565124865,35.21839736,-97.45786165,90.8,13.720091,9,324,9.975,0.403,-2.349,0
1565124866,35.21840763,-97.45770663,91,14.090057,9,325,10.046,0.308,-2.215,0
1565124867,35.2184146,-97.45756028,91.5,14.200031,9,324,9.955,0.342,-2.532,0
1565124868,35.21840978,-97.45739305,90.2,14.86003,9,325,9.752,0.36,-2.181,0
1565124869,35.21841474,-97.45722852,90.1,15.220014,9,327,10.316,-0.004,-2.08,0
1565124870,35.21841444,-97.45704829,90.7,15.720115,9,326,10.241,0.832,-2.392,0
1565124871,35.21841211,-97.45687463,90.8,15.470391,9,326,9.421,0.934,-1.792,0
1565124872,35.21840579,-97.45669295,91,15.540544,9,327,9.974,0.727,-2.234,0
1565124873,35.21840402,-97.45651438,90.1,15.58008,9,327,10.077,0.59,-2.18,0
1565124874,35.21840545,-97.45633945,90.5,15.700079,9,328,9.868,0.578,-2.025,0
1565124875,35.21839949,-97.45616325,91,15.86,9,328,9.942,0.574,-2.232,0
1565124876,35.21839785,-97.45598293,91.4,16.130013,9,328,9.538,0.424,-2.025,0
1565124877,35.21838501,-97.45579979,91.1,16.230001,9,328,10.22,0.35,-2.307,0
1565124878,35.21839803,-97.455635,90.1,16.340076,9,327,10.286,0.655,-2.341,0
1565124879,35.21839914,-97.45544849,90.8,16.780003,9,327,9.578,0.844,-2.326,0
1565124880,35.21839941,-97.45527337,90.8,16.520027,9,326,9.259,1.051,-2.654,0
1565124881,35.21839172,-97.45509463,90.7,16.200027,9,327,9.475,0.717,-1.989,0
1565124882,35.21839484,-97.45493043,90.2,15.970154,9,325,9.671,1.08,-1.942,0
1565124883,35.21839237,-97.45475012,90.6,15.950004,9,325,9.903,0.726,-2.077,0
1565124884,35.2183986,-97.45458116,90.6,15.840013,9,326,10.233,0.444,-1.991,0
1565124885,35.21839124,-97.45440616,90.7,15.840051,9,327,10.291,0.662,-2.371,0
1565124886,35.21839144,-97.45423226,90.7,15.850013,9,327,10.033,0.661,-2.242,0
1565124887,35.21838786,-97.45405551,91,15.890255,9,328,9.787,0.668,-2.261,0
1565124888,35.21838705,-97.45388623,90.6,15.910028,9,329,10.061,0.736,-2.31,0
1565124889,35.21838926,-97.4537065,89.8,15.860202,9,329,10.101,0.742,-2.41,0
1565124890,35.21838692,-97.45353254,90.6,15.93,9,328,9.829,1.037,-2.242,0
1565124891,35.21838297,-97.45335227,91,15.890013,9,328,9.889,0.76,-2.121,0
1565124892,35.21838226,-97.45317772,90.9,15.770004,9,328,10.065,0.641,-2.25,0
1565124893,35.21838322,-97.45300778,90.5,15.830004,9,327,9.957,0.61,-2.385,0
1565124894,35.21838133,-97.45283233,90.3,16.030012,9,326,10.233,0.83,-2.346,0
1565124895,35.21838018,-97.45267505,90,15.944064,9,326,9.808,0.814,-2.097,0
1565124896,35.21837803,-97.45250265,90,15.903634,9,325,10.116,1.058,-2.398,0
1565124897,35.21837425,-97.45232728,90.3,15.930531,9,325,9.687,0.88,-2.422,0
1565124898,35.21837816,-97.45215392,90,15.761827,9,325,10.247,0.746,-2.482,0
1565124899,35.21837736,-97.45197788,90.3,15.9000025,9,326,10.154,0.936,-2.316,0
1565124900,35.218373,-97.45178922,90.6,15.880079,9,326,10.041,0.906,-2.256,0
1565124901,35.21837245,-97.45161055,90.7,15.780155,9,326,10.255,0.511,-2.502,0
1565124902,35.21837827,-97.451457,89.9,15.400081,9,325,9.864,0.611,-2.019,0
1565124903,35.21836895,-97.45128271,90.4,15.510029,9,325,10.128,0.604,-2.171,0
1565124904,35.21836503,-97.45110623,90.6,15.490012,9,325,9.954,0.746,-2.047,0
1565124905,35.21836021,-97.45094267,90.8,15.1,9,324,9.774,0.974,-2.273,0
1565124906,35.21836595,-97.4507997,90,14.300088,9,323,9.744,1.076,-2.064,0
1565124907,35.21837085,-97.45065716,90.3,13.840058,9,324,10.004,1.071,-2.136,0
1565124908,35.21837619,-97.45050179,90.3,13.390538,9,325,10.165,0.967,-2.2,0
1565124909,35.21837439,-97.45035647,90.3,12.80025,9,325,9.777,0.661,-2.09,0
1565124910,35.21837944,-97.45021884,90.2,12.580254,9,325,9.861,0.609,-2.041,0
1565124911,35.21838315,-97.4500759,89.7,12.4700365,9,324,10.102,0.653,-2.091,0
1565124912,35.2183765,-97.449933,91,12.400036,9,323,9.743,1.036,-2.051,0
1565124913,35.21838184,-97.4497996,91,12.140499,9,323,9.81,0.574,-2.241,0
1565124914,35.21837984,-97.44967467,92.1,11.760208,9,322,9.724,0.737,-3.277,0
1565124915,35.21838422,-97.44955496,89.3,11.48,9,322,9.459,0.771,-4.054,0
1565124916,35.21839777,-97.44942717,81.9,11.480017,4,322,9.985,0.725,-4.21,0
1565124917,35.21842717,-97.44929918,71.4,11.59,3,323,9.637,0.53,-2.862,0
1565124918,35.21845595,-97.44917368,69.9,11.780038,4,322,9.777,0.514,-2.353,0
1565124920,35.2185222,-97.44893745,67.1,11.810343,7,323,9.893,0.512,-2.224,0
1565124921,35.21857639,-97.4488219,64.4,11.920709,8,324,9.871,0.431,-2.304,0
1565124922,35.21861586,-97.44871161,64.2,11.780424,7,324,9.962,0.791,-2.418,0
1565124923,35.21866393,-97.44861808,62.6,11.550351,7,325,9.764,0.313,-2.287,0
1565124924,35.21870307,-97.44847711,64.2,12.070414,6,325,9.929,0.489,-2.29,0
1565124925,35.21875853,-97.4483784,62.4,12.140264,4,327,9.868,0.362,-2.394,0
1565124926,35.21880711,-97.4482542,62.4,12.400064,4,326,9.849,0.345,-2.156,0
1565124927,35.21885761,-97.44812092,62.6,12.770016,4,327,9.937,0.506,-2.44,0
1565124928,35.2189118,-97.44799301,62.7,12.81,4,327,9.761,1.016,-2.266,0
1565124929,35.2189613,-97.44788209,62.9,12.4,4,327,9.845,1.014,-2.112,0
1565124930,35.21901076,-97.44774431,63,12.520037,4,328,9.881,1.143,-2.193,0
1565124931,35.21905244,-97.44764446,63,11.540017,4,328,9.977,1.04,-2.232,0
1565124932,35.21909211,-97.44754058,62.9,11.180018,4,329,9.892,0.992,-2.14,0
1565124933,35.21913709,-97.44744131,62.7,10.860018,5,328,10.009,0.818,-2.181,0
1565124934,35.219185,-97.44733787,62.5,10.64,4,328,10.088,0.664,-2.35,0
1565124935,35.21922933,-97.44726931,62,10.4104805,4,324,9.859,0.346,-2.248,0
1565124936,35.21927783,-97.44714544,62,10.810167,4,324,9.831,0.223,-2.091,0
1565124937,35.2193326,-97.44703304,62,11.160111,4,323,9.739,0.203,-2.03,0
1565124938,35.21938285,-97.44691845,62.2,11.580017,5,322,9.968,0.023,-2.096,0
1565124939,35.21943345,-97.44680068,62.4,11.860017,5,322,9.8,0.202,-2.073,0
1565124940,35.21948729,-97.44668382,62.5,12.270038,5,322,9.664,0.254,-2.073,0
1565124941,35.2195384,-97.44659508,63.1,12.560064,4,318,9.78,0.209,-2.332,0
1565124942,35.21959578,-97.4464704,63.1,12.920248,4,320,9.868,0.532,-2.373,0
1565124943,35.21964955,-97.44633675,62.9,13.0900345,4,320,9.912,1.018,-2.253,0
1565124944,35.21970114,-97.44621225,62.6,12.650099,4,321,9.858,1.078,-2.15,0
1565124945,35.21974919,-97.44609619,62.8,12.39,3,321,9.71,0.87,-2.292,0
1565124946,35.21980053,-97.44598103,62.9,12.170148,3,321,10.06,0.86,-2.364,0
1565124947,35.21984764,-97.44586368,62.6,12.000037,3,320,9.939,1.064,-2.419,0
1565124948,35.21989398,-97.4457556,62.4,11.670017,3,320,9.904,0.747,-2.329,0
1565124949,35.21993999,-97.44564678,62.5,11.420005,3,320,9.853,0.612,-2.221,0
1565124950,35.21998675,-97.44553107,62.6,11.47,3,321,9.724,0.519,-2.257,0
1565124951,35.22003318,-97.4454128,62.8,11.580005,3,321,9.962,0.548,-2.213,0
1565124952,35.22008282,-97.44529503,62.9,11.640005,3,321,9.87,0.638,-2.365,0
1565124953,35.22013084,-97.4451678,62.8,11.760038,3,323,9.853,0.481,-2.451,0
1565124954,35.22017506,-97.44503588,62.7,11.8,3,326,9.883,0.647,-2.225,0
1565124955,35.2202225,-97.44491965,62.6,11.890004,3,326,9.885,0.664,-2.276,0
1565124956,35.22027034,-97.4448011,62.8,11.970004,3,325,9.913,0.476,-2.446,0
1565124957,35.2203197,-97.444689,62.6,12.040004,3,325,9.908,0.743,-2.299,0
1565124958,35.22036632,-97.44457624,62.6,12.060004,3,326,9.801,0.751,-2.189,0
1565124959,35.22041336,-97.44446301,62.8,11.92,3,325,9.983,0.639,-2.234,0
1565124960,35.22046099,-97.44433878,62.9,11.93,4,325,9.871,0.599,-2.201,0
1565124961,35.22050858,-97.44422178,62.9,11.940016,4,325,9.896,0.545,-2.211,0
1565124962,35.22055791,-97.44410215,62.8,11.99,4,325,10.223,0.64,-2.344,0
1565124963,35.22061116,-97.44398931,62.6,11.88,4,325,9.808,0.42,-2.077,0
1565124964,35.22067041,-97.44390474,62.5,11.860004,3,320,10.151,0.518,-2.27,0
1565124965,35.22071975,-97.44378453,62.7,12.01015,3,321,9.951,0.585,-2.363,0
1565124966,35.22076877,-97.44364542,63.1,11.971069,3,322,9.838,0.522,-2.141,0
1565124967,35.22082044,-97.44353716,62.6,12.090067,3,321,9.734,1.035,-2.331,0
1565124968,35.22086606,-97.44341961,62.8,12.150004,4,321,10.032,1.09,-2.432,0
1565124969,35.2209176,-97.44331707,61.9,11.800954,3,325,9.994,1.052,-2.462,0
1565124970,35.22096557,-97.44321919,61.7,11.4511175,4,322,9.609,0.984,-2.284,0
1565124971,35.22100918,-97.44310334,62.4,11.180072,4,321,9.751,1.164,-2.281,0
1565124972,35.22105523,-97.44300791,62.5,10.680076,4,321,9.961,0.928,-2.38,0
1565124973,35.22108987,-97.44291812,62.7,10.210044,4,321,9.908,0.732,-2.249,0
1565124974,35.22113361,-97.44282822,62.6,10.090005,4,321,10.044,1.295,-2.382,0
1565124975,35.22117564,-97.44272484,63,10.03,4,321,10.19,2.147,-2.409,0
1565124976,35.2212082,-97.44262879,64.6,9.650004,4,321,9.992,2.17,-2.412,0
1565124977,35.22124675,-97.44252004,65.1,9.670021,5,321,10.073,1.86,-2.478,0
1565124979,35.22128341,-97.44242624,67.5,6.2706456,10,321,9.969,1.867,-2.483,0
1565124980,35.22129296,-97.4423736,71.7,5.3015943,10,321,9.934,2.007,-2.384,0
1565124981,35.22131041,-97.4423409,68.7,4.8012605,11,321,9.937,1.423,-2.271,0
1565124982,35.22132112,-97.44231272,68.8,4.1612015,11,321,9.961,1.535,-2.342,0
1565124983,35.22131531,-97.4423249,74.1,2.5919297,11,321,9.956,1.38,-2.347,0
1565124984,35.22130837,-97.44238169,0,0,10,321,9.913,0.835,-2.359,0
1565124985,35.22131176,-97.4423922,0,0,10,321,9.892,0.736,-2.345,0
1565124986,35.22131176,-97.4423922,0,0,10,321,9.861,0.759,-2.389,0
1565124987,35.22131546,-97.44240956,0,0,10,321,9.899,0.718,-2.384,0
1565124988,35.22131546,-97.44240956,0,0,10,321,9.906,0.725,-2.337,0
1565124989,35.22131546,-97.44240956,0,0,10,321,9.9,0.727,-2.345,0
1565124990,35.22132711,-97.44240519,0,0,10,321,9.888,0.731,-2.267,0
1565124991,35.2213371,-97.44240159,0,0,10,321,9.887,0.725,-2.298,0
1565124992,35.2213371,-97.44240159,0,0,10,321,9.908,0.712,-2.365,0
1565124993,35.2213371,-97.44240159,0,0,10,321,9.891,0.719,-2.355,0
1565124994,35.22134293,-97.44239158,0,0,11,321,9.886,0.711,-2.346,0
1565124995,35.22134293,-97.44239158,0,0,11,321,9.893,0.721,-2.358,0
1565124996,35.22134293,-97.44239158,0,0,11,321,9.898,0.721,-2.348,0
1565124997,35.22134293,-97.44239158,0,0,11,321,9.888,0.718,-2.36,0
1565124998,35.22134293,-97.44239158,0,0,11,321,9.91,0.729,-2.346,0
1565124999,35.22134293,-97.44239158,0,0,11,321,9.892,0.723,-2.359,0
1565125000,35.22134293,-97.44239158,0,0,11,321,9.91,0.722,-2.349,0
1565125001,35.22134293,-97.44239158,0,0,11,321,9.897,0.725,-2.352,0
1565125002,35.22134293,-97.44239158,0,0,11,321,9.901,0.541,-2.341,0
1565125003,35.22134293,-97.44239158,0,0,11,321,9.882,0.494,-2.325,0
1565125004,35.22134293,-97.44239158,0,0,11,321,9.849,0.279,-2.339,0
1565125005,35.22134293,-97.44239158,0,0,11,321,9.867,0.279,-2.313,0
1565125006,35.22134422,-97.44236649,63.6,1.1920571,10,321,9.87,0.331,-2.313,0
1565125007,35.22134422,-97.44236649,63.6,1.1920571,10,321,9.871,-0.25,-2.301,0
1565125008,35.22134664,-97.44232504,61.7,2.1400235,9,322,9.917,-0.396,-2.282,0
1565125009,35.22136538,-97.44230447,59.9,3.1412897,9,320,9.81,-0.682,-2.217,0
1565125010,35.22138546,-97.44224024,62.7,4.3529415,9,321,9.827,-0.629,-2.304,0
1565125011,35.22140553,-97.44215172,63.6,5.5825887,9,323,9.987,-0.553,-2.391,0
1565125012,35.2214359,-97.4420821,62.1,6.7119074,9,323,10.08,-0.516,-2.52,0
1565125013,35.22147182,-97.44200821,62.1,7.781446,9,323,9.688,-0.413,-2.284,0
1565125014,35.2215058,-97.4419253,62.4,8.850684,9,323,9.873,-0.29,-2.497,0
1565125015,35.22154586,-97.44185001,61.6,9.320772,9,321,10.045,-0.397,-2.391,0
1565125016,35.22158397,-97.4417473,63.6,9.830183,9,322,9.776,-0.145,-2.347,0
1565125017,35.22162336,-97.44165273,63.7,9.910046,9,322,9.839,0.12,-2.695,0
1565125018,35.2216875,-97.44150679,60.3,12.000104,9,322,9.629,0.263,-2.552,0
1565125019,35.22174371,-97.44135128,58.9,12.520037,9,327,9.836,0.946,-2.305,0
1565125020,35.22181433,-97.44122111,57.9,12.330101,9,330,10.005,1.432,-1.784,0
1565125021,35.22186661,-97.44111288,59.1,11.58,9,328,10.09,1.585,-1.905,0
1565125022,35.22191253,-97.44100416,60.9,10.470119,9,328,10.052,1.687,-1.988,0
1565125023,35.22194924,-97.44090904,62.3,9.640254,9,328,10.045,1.763,-1.957,0
1565125024,35.2219799,-97.44082471,63.5,8.770822,9,329,10.193,2.164,-2.089,0
1565125025,35.2220156,-97.44075605,62.9,7.3001714,9,327,10.082,2.654,-2.123,0
1565125026,35.22204381,-97.44070419,62.8,5.860077,9,326,10.066,2.761,-2.072,0
1565125027,35.22206008,-97.44065417,62.5,5.060089,9,326,10.05,2.338,-1.994,0
1565125028,35.22206008,-97.44065417,62.5,5.060089,9,326,9.948,0.996,-2.075,0
1565125029,35.22204759,-97.44064038,64.1,0.94047856,9,327,9.944,0.717,-2.088,0
1565125030,35.22204759,-97.44064038,64.1,0.94047856,9,327,9.938,0.669,-2.094,0
1565125031,35.22204759,-97.44064038,64.1,0.94047856,9,327,9.953,0.653,-2.101,0
1565125032,35.22203658,-97.4406392,0,0,11,326,9.955,0.652,-2.106,0
1565125033,35.22203658,-97.4406392,0,0,11,326,9.944,0.656,-2.092,0
1565125034,35.22203658,-97.4406392,0,0,11,326,9.959,0.65,-2.085,0
1565125035,35.22203658,-97.4406392,0,0,11,326,9.953,0.656,-2.104,0
1565125036,35.22202496,-97.4406448,0,0,11,325,9.943,0.661,-2.081,0
1565125037,35.22202496,-97.4406448,0,0,11,325,9.961,0.658,-2.115,0
1565125038,35.22202496,-97.4406448,0,0,11,325,9.947,0.652,-2.091,0
1565125040,35.22202309,-97.44065961,0,0,10,326,9.956,0.656,-2.096,0
1565125041,35.22202309,-97.44065961,0,0,10,326,9.911,0.501,-2.078,0
1565125042,35.22202309,-97.44065961,0,0,10,326,9.806,-1.198,-2.11,0
1565125043,35.22203892,-97.44059359,63.9,2.3700843,10,325,9.793,-1.624,-2.103,0
1565125044,35.22207692,-97.44055077,62.2,4.4011364,10,324,9.726,-1.368,-2.099,0
1565125045,35.22211648,-97.44053827,61.2,4.845462,9,319,9.844,-1.191,-2.159,0
1565125046,35.22215138,-97.44045116,61.7,7.907313,9,319,9.784,-0.836,-2.231,0
1565125047,35.22219356,-97.44036626,61.1,9.193965,9,319,9.924,-0.076,-2.16,0
1565125048,35.22223405,-97.44027469,61.6,9.791307,9,319,9.925,0.332,-2.226,0
1565125049,35.22228018,-97.44017299,61.6,10.1304,9,318,9.882,0.493,-2.105,0
1565125050,35.22232714,-97.44006803,62.2,10.370043,9,318,9.951,1.044,-2.04,0
1565125051,35.22236435,-97.4399726,62.8,9.95,9,318,9.959,1.11,-2.112,0
1565125052,35.22240564,-97.43987919,63,9.510021,9,317,9.989,1.122,-2.128,0
1565125053,35.22244639,-97.43980134,62.8,8.83005,9,317,9.903,1.325,-2.119,0
1565125054,35.22248551,-97.4397188,62.5,8.590006,10,316,10.092,2.185,-2.104,0
1565125055,35.2225151,-97.43964895,63.1,7.6801624,10,316,9.961,2.065,-2.084,0
1565125056,35.22252984,-97.4396284,63.4,5.340759,10,316,10.064,2.004,-2.116,0
1565125057,35.22254027,-97.4395982,63.6,4.430914,10,316,10.057,1.856,-2.166,0
1565125058,35.22254027,-97.4395982,63.6,4.430914,10,316,10.045,1.973,-2.128,0
1565125059,35.22254027,-97.4395982,63.6,4.430914,10,316,10.016,1.358,-2.116,0
1565125060,35.22253044,-97.43959702,62.7,0.6152235,10,324,9.968,0.836,-2.129,0
1565125061,35.2225244,-97.43961225,0,0.05,9,322,9.963,0.733,-2.125,0
1565125062,35.2225244,-97.43961225,0,0.05,9,322,9.96,0.723,-2.123,0
1565125063,35.22251398,-97.43961512,0,0,9,319,9.961,0.718,-2.105,0
1565125064,35.22251398,-97.43961512,0,0,9,319,9.952,0.723,-2.115,0
1565125065,35.22251398,-97.43961512,0,0,9,319,9.945,0.721,-2.104,0
1565125066,35.22251398,-97.43961512,0,0,9,319,9.957,0.714,-2.114,0
1565125067,35.22251398,-97.43961512,0,0,9,319,9.946,0.718,-2.099,0
1565125068,35.22251398,-97.43961512,0,0,9,319,9.956,0.721,-2.114,0
1565125069,35.22250489,-97.43961361,0,0,10,326,9.946,0.718,-2.1,0
1565125070,35.22250489,-97.43961361,0,0,10,326,9.953,0.733,-2.116,0
1565125071,35.22250489,-97.43961361,0,0,10,326,9.955,0.719,-2.113,0
1565125072,35.22250489,-97.43961361,0,0,10,326,9.933,0.723,-2.103,0
1565125073,35.22250489,-97.43961361,0,0,10,326,9.951,0.569,-2.107,0
1565125074,35.22250489,-97.43961361,0,0,10,326,9.938,0.588,-2.132,0
1565125075,35.22250489,-97.43961361,0,0,10,326,9.952,0.611,-2.097,0
1565125076,35.22250489,-97.43961361,0,0,10,326,9.947,0.451,-2.127,0
1565125077,35.22250489,-97.43961361,0,0,10,326,9.912,0.005,-2.136,0
1565125078,35.22250489,-97.43961361,0,0,10,326,9.748,-1.158,-2.034,0
1565125079,35.22251678,-97.43959492,63.8,2.1700923,9,317,9.784,-1.123,-2.129,0
1565125080,35.22254276,-97.43954375,61.3,3.6726694,9,317,9.815,-0.951,-2.134,0
1565125081,35.22256784,-97.43947169,62.4,4.991442,9,319,9.917,-0.707,-2.007,0
1565125082,35.22261053,-97.43937434,63.2,7.100852,9,318,9.769,-0.414,-1.939,0
1565125083,35.22264804,-97.43928185,64.7,8.151987,9,317,9.884,0.42,-2.039,0
1565125084,35.22268281,-97.43917856,65.5,9.02045,9,316,10.178,0.442,-2.179,0
1565125085,35.222718,-97.43907197,65.6,9.2800045,9,318,9.882,0.488,-2.241,0
1565125086,35.22275323,-97.43896591,65.3,9.660518,3,319,9.783,0.421,-2.287,0
1565125087,35.22278873,-97.4388554,64.4,10.030403,4,321,9.893,0.48,-2.481,0
1565125088,35.22282872,-97.43875185,62.9,10.300952,4,321,10.076,0.387,-2.246,0
1565125089,35.22287101,-97.43864738,63.2,10.820018,3,321,9.928,0.629,-2.271,0
1565125090,35.22291655,-97.43854556,62.7,11.010005,3,322,9.923,0.664,-2.245,0
1565125091,35.22296429,-97.43843432,62.8,11.06,3,322,9.814,0.467,-2.308,0
1565125092,35.22300872,-97.4383255,62.9,11.210005,4,322,10.015,0.427,-2.447,0
1565125094,35.22310867,-97.43810041,62.9,11.680017,4,321,9.955,0.664,-2.339,0
1565125095,35.22315337,-97.43798686,63.5,11.660347,3,322,9.714,1.009,-2.164,0
1565125096,35.22320063,-97.4378746,63.2,11.18,3,323,9.874,1.047,-2.249,0
1565125097,35.22324168,-97.4377646,63.7,10.820074,3,322,9.705,0.926,-2.376,0
1565125098,35.22328484,-97.43766419,63.6,10.690004,3,323,9.832,0.594,-2.517,0
1565125099,35.22333083,-97.43755863,62.9,10.680019,3,323,9.967,0.847,-2.729,0
1565125100,35.22337778,-97.43745071,63.2,10.700019,3,323,9.928,1.069,-2.592,0
1565125101,35.22342233,-97.43735733,62.1,10.390019,3,323,9.945,1.168,-2.443,0
1565125102,35.2234598,-97.4372722,61.4,9.730128,3,323,9.829,0.431,-2.352,0
1565125103,35.22350962,-97.43717806,61.7,10.020005,3,323,9.814,0.271,-2.278,0
1565125104,35.22356186,-97.43708013,61.9,10.43,3,323,9.793,0.227,-2.294,0
1565125105,35.2236067,-97.43697482,62,10.7800045,3,323,9.755,0.167,-2.21,0
1565125106,35.22365367,-97.43686169,62.3,11.160005,3,323,9.899,0.338,-2.382,0
1565125107,35.22369791,-97.43674958,62.5,11.36,4,323,9.718,0.332,-2.239,0
1565125108,35.22374838,-97.43664096,62.5,11.490017,4,323,9.952,0.471,-2.432,0
1565125109,35.22379854,-97.43653916,62.5,11.5600395,4,322,9.821,0.97,-2.513,0
1565125110,35.22383546,-97.43641179,62.9,11.530155,4,325,9.876,0.534,-2.306,0
1565125111,35.22388755,-97.436297,62.8,11.610107,4,325,10.024,0.786,-2.422,0
1565125112,35.22393757,-97.43618721,62.9,11.450109,4,324,9.882,0.84,-2.364,0
1565125113,35.22398744,-97.43607015,63,11.160287,4,324,9.816,0.758,-2.304,0
1565125114,35.22403461,-97.43595773,63.1,11.110162,5,325,9.764,0.668,-2.31,0
1565125115,35.2240806,-97.43585174,62.8,11.11004,5,325,9.682,0.581,-2.303,0
1565125116,35.22412396,-97.43572643,63,11.280159,5,326,9.919,0.666,-2.354,0
1565125117,35.22416363,-97.43561132,63.2,11.23016,5,326,9.881,0.61,-2.4,0
1565125118,35.2242077,-97.43550197,63.1,11.250072,5,326,9.759,0.513,-2.406,0
1565125119,35.22425951,-97.43539924,60.4,11.32007,4,330,9.769,0.595,-2.451,0
1565125120,35.22430576,-97.43527672,61.5,11.520157,4,329,9.927,0.562,-2.398,0
1565125121,35.22435309,-97.43517063,62.5,11.650038,4,329,9.873,0.665,-2.335,0
1565125122,35.22440445,-97.43506257,62.8,11.680017,4,329,9.918,0.867,-2.229,0
1565125123,35.2244495,-97.43493832,63.2,11.57035,4,331,9.859,0.545,-2.358,0
1565125124,35.22449898,-97.43483055,63.1,11.500156,4,331,9.885,0.854,-2.458,0
1565125125,35.22454778,-97.43471567,63.1,11.320159,4,332,9.962,0.632,-2.442,0
1565125126,35.22458999,-97.43460567,63.1,11.26016,3,332,9.879,0.541,-2.449,0
1565125127,35.22463226,-97.43449527,63.2,11.28004,4,332,9.905,0.514,-2.548,0
1565125128,35.22467875,-97.43438177,63.1,11.28004,4,332,9.899,0.567,-2.524,0
1565125129,35.22473741,-97.43428327,62.1,11.37,4,331,9.884,0.647,-2.481,0
1565125130,35.22477828,-97.43417205,63.9,11.46007,4,331,9.869,0.689,-2.412,0
1565125131,35.22482066,-97.43405362,62.9,11.450017,4,331,9.95,0.813,-2.465,0
1565125132,35.22486439,-97.43395613,61.6,11.20004,4,330,10.058,1.007,-2.37,0
1565125133,35.22491269,-97.43384632,61.6,10.9201145,4,331,9.96,0.632,-2.408,0
1565125134,35.22495964,-97.43374894,61.6,10.760117,4,331,9.903,0.587,-2.357,0
1565125135,35.22500746,-97.43364762,61.9,10.820559,3,330,9.705,0.617,-2.314,0
1565125136,35.2250524,-97.43354744,62.6,10.950552,3,330,9.939,0.539,-2.41,0
1565125137,35.22509767,-97.43343006,62.1,11.120112,3,329,10.028,0.748,-2.321,0
1565125138,35.2251501,-97.43332197,62.5,11.240071,3,327,9.905,1.259,-2.312,0
1565125139,35.22519653,-97.43320133,63.1,11.040453,3,330,10.05,1.025,-2.281,0
1565125140,35.22523772,-97.433078,62.8,10.570019,3,332,9.885,0.977,-2.609,0
1565125141,35.2252778,-97.43297975,62.1,10.4,3,330,9.708,0.718,-2.785,0
1565125142,35.22532438,-97.43288885,58.9,10.120079,3,330,9.777,0.495,-2.596,0
1565125143,35.22537892,-97.43278834,57.4,10.181419,4,330,10.366,0.436,-1.142,0
1565125144,35.22542582,-97.43270566,56.1,9.91061,3,329,10.087,0.814,2.782,0
1565125145,35.22545316,-97.43260471,69.3,9.530755,3,330,10.327,1.011,1.689,0
1565125146,35.22547318,-97.43250459,82.3,9.500426,3,330,9.579,1.19,-3.756,0
1565125147,35.2254895,-97.43240486,79.9,9.260021,4,330,9.481,0.713,-3.683,0
1565125148,35.225516,-97.43230562,73.1,9.480005,10,329,10.13,0.796,-0.796,0
1565125149,35.22555755,-97.43222567,64.2,9.020671,9,329,10.537,0.788,-0.536,0
1565125150,35.22558701,-97.43217123,75.3,8.980356,9,326,10.161,0.38,-1.236,0
1565125151,35.22560071,-97.43206158,82.6,9.340134,9,326,10.064,0.085,-1.879,0
1565125152,35.22560643,-97.43195435,87.4,9.820004,3,326,9.887,0.069,-2.278,0
1565125153,35.22561596,-97.43184377,89.4,10.53,3,325,9.901,0.01,-2.352,0
1565125154,35.22561881,-97.43172107,89.8,11.190003,3,326,9.904,0.055,-2.386,0
1565125156,35.22562207,-97.43144751,90,12.440016,3,326,9.825,0.051,-2.414,0
1565125157,35.22562761,-97.43130599,89.8,13.060016,3,325,9.746,0.03,-2.355,0
1565125158,35.22562822,-97.43116458,89.8,13.69,3,324,9.796,0.023,-2.36,0
1565125159,35.22562217,-97.43100152,89.5,14.380421,3,325,9.85,-0.026,-2.389,0
1565125160,35.22562395,-97.43084036,89.7,14.97003,3,325,9.847,0.124,-2.327,0
1565125161,35.2256195,-97.43066863,90.3,15.520052,3,326,9.734,0.074,-2.409,0
1565125162,35.22562366,-97.43048855,89.9,16.170198,4,325,9.672,0.515,-2.329,0
1565125163,35.22562662,-97.43031407,89.9,16.230076,4,325,9.825,0.827,-2.398,0
1565125164,35.22563062,-97.43013534,89.8,16.060251,4,326,10.181,0.581,-2.433,0
1565125165,35.22563842,-97.42995528,90,16.070375,4,328,9.742,0.625,-2.396,0
1565125166,35.22564439,-97.42977738,90,16.130445,4,330,9.896,0.678,-2.384,0
1565125167,35.2256463,-97.42960199,90,16.040312,4,331,9.973,1.054,-2.506,0
1565125168,35.22565078,-97.42942741,90,15.670115,4,330,9.945,1,-2.431,0
1565125169,35.22565304,-97.42925344,89.6,15.450207,4,331,9.785,0.829,-2.434,0
1565125170,35.22565588,-97.42908407,89.5,15.350208,4,331,9.91,0.808,-2.351,0
1565125171,35.22565626,-97.42891211,89.7,15.29016,3,331,9.631,0.82,-2.302,0
1565125172,35.22566131,-97.42875072,89.9,15.200029,3,330,9.591,0.746,-2.281,0
1565125173,35.22566419,-97.4285836,90.1,15.180082,3,331,9.509,0.802,-2.28,0
1565125174,35.22566105,-97.42841274,90.1,15.170004,3,332,9.816,0.817,-2.381,0
1565125175,35.22566495,-97.42824666,90,15.190029,3,331,9.865,0.793,-2.352,0
1565125176,35.2256712,-97.42807819,89.8,15.240013,3,331,9.801,0.743,-2.318,0
1565125177,35.22567366,-97.42791072,89.8,15.290013,3,331,9.894,1.006,-2.343,0
1565125178,35.22566161,-97.42774732,90.3,15.080162,3,330,10.041,0.943,-2.453,0
1565125179,35.22565688,-97.42758286,90.1,14.82003,3,331,9.861,0.946,-2.484,0
1565125180,35.22565134,-97.42741787,90.1,14.740013,3,330,10.051,0.826,-2.402,0
1565125181,35.22564327,-97.42726064,89.9,14.67,3,329,9.813,0.877,-2.454,0
1565125182,35.22564502,-97.42710315,89.6,14.550086,3,329,9.858,0.868,-2.454,0
1565125183,35.22564157,-97.42694964,89.7,14.420125,3,330,9.903,0.878,-2.451,0
1565125184,35.22564155,-97.42679467,89.4,14.290126,3,330,9.939,0.839,-2.499,0
1565125185,35.22564977,-97.42663772,89,14.170127,3,331,9.85,1.131,-2.442,0
1565125186,35.22565528,-97.42647862,88.6,13.820177,3,333,9.902,0.862,-2.441,0
1565125187,35.22566227,-97.42632522,88.4,13.490059,3,333,9.764,0.452,-2.415,0
1565125188,35.22566968,-97.42617269,88.1,13.730058,3,333,9.796,0.324,-2.502,0
1565125189,35.22567974,-97.42601626,87.8,14.150088,3,334,9.931,0.359,-2.5,0
1565125190,35.22568677,-97.42585872,87.3,14.520032,3,334,9.755,0.342,-2.468,0
1565125191,35.22569609,-97.42569667,86.8,14.890084,3,334,9.88,0.638,-2.388,0
1565125192,35.22570072,-97.42552943,86.7,15.100083,3,334,9.928,1.072,-2.229,0
1565125193,35.22569972,-97.42536729,87.4,14.790054,3,334,9.99,0.944,-2.331,0
1565125194,35.22570466,-97.42520825,88.3,14.390032,3,334,9.84,0.935,-2.349,0
1565125195,35.22570606,-97.42505488,88.6,14.180057,3,333,9.947,1.124,-2.491,0
1565125196,35.22570819,-97.42490284,88.6,13.850293,3,334,9.814,1.174,-2.41,0
1565125197,35.22571655,-97.42475673,88.8,13.340303,3,334,9.865,1.247,-2.236,0
1565125198,35.22572366,-97.42461785,88.9,12.820561,3,334,9.89,1.397,-2.299,0
1565125199,35.22572701,-97.42448412,89.5,12.200262,3,335,10.026,2.265,-2.384,0
1565125200,35.22572769,-97.42436618,89.5,10.690468,3,335,9.94,2.215,-2.487,0
1565125201,35.22572682,-97.42426379,89.6,9.19044,3,335,9.965,2.449,-2.42,0
1565125202,35.22571577,-97.42419412,89.8,7.300336,3,335,10.06,1.717,-2.525,0
1565125203,35.225716,-97.42412867,89.4,5.960411,3,335,9.88,1.537,-2.432,0
1565125204,35.22571289,-97.42407212,89.4,4.980251,3,335,9.895,1.517,-2.42,0
1565125205,35.22572069,-97.42402375,89.1,4.1203036,3,335,9.914,1.693,-2.395,0
1565125206,35.2257174,-97.42399296,89.6,3.140255,3,336,9.938,1.82,-2.433,0
1565125207,35.22571445,-97.42396957,89.8,2.0003998,3,336,9.964,1.682,-2.429,0
1565125208,35.22571445,-97.42396957,89.8,2.0003998,3,336,9.874,0.88,-2.418,0
1565125209,35.22571445,-97.42396957,89.8,2.0003998,3,336,9.86,0.641,-2.403,0
1565125210,35.22571445,-97.42396957,89.8,2.0003998,3,336,9.86,0.604,-2.442,0
1565125211,35.22571445,-97.42396957,89.8,2.0003998,3,336,9.892,0.589,-2.443,0
1565125212,35.22571445,-97.42396957,89.8,2.0003998,3,336,9.859,0.594,-2.412,0
1565125213,35.22571445,-97.42396957,89.8,2.0003998,3,336,9.877,0.583,-2.431,0
1565125214,35.22571445,-97.42396957,89.8,2.0003998,3,336,9.881,0.58,-2.432,0
1565125215,35.22571445,-97.42396957,89.8,2.0003998,3,336,9.888,0.587,-2.426,0
1565125217,35.22570552,-97.42397313,0,0,3,335,9.865,0.592,-2.433,0
1565125218,35.22570552,-97.42397313,0,0,3,335,9.872,0.588,-2.436,0
1565125219,35.22570552,-97.42397313,0,0,3,335,9.866,0.582,-2.435,0
1565125220,35.22570552,-97.42397313,0,0,3,335,9.864,0.579,-2.436,0
1565125221,35.22570552,-97.42397313,0,0,3,335,9.879,0.588,-2.441,0
1565125222,35.22570552,-97.42397313,0,0,3,335,9.857,0.59,-2.418,0
1565125223,35.22570552,-97.42397313,0,0,3,335,9.862,0.588,-2.443,0
1565125224,35.22570552,-97.42397313,0,0,3,335,9.855,0.586,-2.411,0
1565125225,35.22570552,-97.42397313,0,0,3,335,9.853,0.591,-2.419,0
1565125226,35.22570552,-97.42397313,0,0,3,335,9.854,0.588,-2.427,0
1565125227,35.22570552,-97.42397313,0,0,3,335,9.854,0.59,-2.431,0
1565125228,35.22570552,-97.42397313,0,0,3,335,9.857,0.579,-2.421,0
1565125229,35.22570552,-97.42397313,0,0,3,335,9.86,0.588,-2.435,0
1565125230,35.22570552,-97.42397313,0,0,3,335,9.855,0.586,-2.429,0
1565125231,35.22570552,-97.42397313,0,0,3,335,9.859,0.576,-2.419,0
1565125232,35.22570552,-97.42397313,0,0,3,335,9.859,0.585,-2.433,0
1565125233,35.22570552,-97.42397313,0,0,3,335,9.856,0.583,-2.44,0
1565125234,35.22570552,-97.42397313,0,0,3,335,9.857,0.585,-2.417,0
1565125235,35.22570552,-97.42397313,0,0,3,335,9.845,0.586,-2.421,0
1565125236,35.22570552,-97.42397313,0,0,3,335,9.859,0.582,-2.43,0
1565125237,35.22570552,-97.42397313,0,0,3,335,9.846,0.584,-2.434,0
1565125238,35.22570552,-97.42397313,0,0,3,335,9.868,0.58,-2.424,0
1565125239,35.22570552,-97.42397313,0,0,3,335,9.853,0.582,-2.439,0
1565125240,35.22570552,-97.42397313,0,0,3,335,9.872,0.575,-2.409,0
1565125241,35.22570552,-97.42397313,0,0,3,335,9.869,0.578,-2.404,0
1565125242,35.22570552,-97.42397313,0,0,3,335,9.852,0.582,-2.407,0
1565125243,35.22570552,-97.42397313,0,0,3,335,9.869,0.582,-2.427,0
1565125244,35.22570552,-97.42397313,0,0,3,335,9.851,0.586,-2.421,0
1565125245,35.22570552,-97.42397313,0,0,3,335,9.862,0.574,-2.429,0
1565125246,35.22570552,-97.42397313,0,0,3,335,9.857,0.586,-2.434,0
1565125247,35.22570552,-97.42397313,0,0,3,335,9.869,0.578,-2.408,0
1565125248,35.22570552,-97.42397313,0,0,3,335,9.863,0.581,-2.41,0
1565125249,35.22570552,-97.42397313,0,0,3,335,9.867,0.581,-2.422,0
1565125250,35.22570552,-97.42397313,0,0,3,335,9.863,0.582,-2.421,0
1565125251,35.22570552,-97.42397313,0,0,3,335,9.867,0.588,-2.419,0
1565125252,35.22570552,-97.42397313,0,0,3,335,9.878,0.578,-2.432,0
1565125253,35.22570552,-97.42397313,0,0,3,335,9.867,0.579,-2.419,0
1565125254,35.22570552,-97.42397313,0,0,3,335,9.873,0.574,-2.426,0
1565125255,35.22570552,-97.42397313,0,0,3,335,9.884,0.577,-2.439,0
1565125256,35.22570552,-97.42397313,0,0,3,335,9.881,0.575,-2.406,0
1565125257,35.22570552,-97.42397313,0,0,3,335,9.88,0.581,-2.422,0
1565125258,35.22570552,-97.42397313,0,0,3,335,9.874,0.58,-2.425,0
1565125259,35.22570552,-97.42397313,0,0,3,335,9.87,0.58,-2.427,0
1565125260,35.22570552,-97.42397313,0,0,3,335,9.881,0.575,-2.419,0
1565125261,35.22570552,-97.42397313,0,0,3,335,9.865,0.586,-2.427,0
1565125262,35.22570552,-97.42397313,0,0,3,335,9.865,0.583,-2.411,0
1565125263,35.22570552,-97.42397313,0,0,3,335,9.852,0.593,-2.426,0
1565125264,35.22570552,-97.42397313,0,0,3,335,9.856,0.584,-2.438,0
1565125265,35.22570552,-97.42397313,0,0,3,335,9.861,0.574,-2.413,0
1565125266,35.22570552,-97.42397313,0,0,3,335,9.876,0.576,-2.436,0
1565125267,35.22570552,-97.42397313,0,0,3,335,9.876,0.574,-2.411,0
1565125268,35.22570552,-97.42397313,0,0,3,335,9.87,0.571,-2.416,0
1565125269,35.22570552,-97.42397313,0,0,3,335,9.886,0.577,-2.436,0
1565125270,35.22570552,-97.42397313,0,0,3,335,9.851,0.59,-2.422,0
1565125271,35.22570552,-97.42397313,0,0,3,335,9.873,0.586,-2.431,0
1565125272,35.22570552,-97.42397313,0,0,3,335,9.85,0.583,-2.432,0
1565125273,35.22570552,-97.42397313,0,0,3,335,9.868,0.582,-2.434,0
1565125274,35.22570552,-97.42397313,0,0,3,335,9.869,0.581,-2.437,0
1565125275,35.22570552,-97.42397313,0,0,3,335,9.877,0.585,-2.422,0
1565125276,35.22570552,-97.42397313,0,0,3,335,9.857,0.581,-2.42,0
1565125277,35.22570552,-97.42397313,0,0,3,335,9.848,0.584,-2.427,0
1565125278,35.22570552,-97.42397313,0,0,3,335,9.877,0.571,-2.431,0
1565125279,35.22570552,-97.42397313,0,0,3,335,9.851,0.535,-2.426,0
1565125280,35.22570552,-97.42397313,0,0,3,335,9.82,-0.092,-2.42,0
1565125281,35.22570552,-97.42397313,0,0,3,335,9.751,-1.128,-2.407,0
1565125283,35.22570035,-97.42393812,89.9,2.410332,3,335,9.789,-1.37,-2.42,0
1565125284,35.22570199,-97.4238919,89.7,4.260106,3,336,9.673,-1.079,-2.373,0
1565125285,35.22569972,-97.42383038,89.7,5.770078,3,335,9.721,-1.14,-2.331,0
1565125286,35.22569827,-97.42374521,90.1,7.280172,3,335,9.659,-0.543,-2.432,0
1565125287,35.2256966,-97.42365319,90,8.471511,3,335,9.22,-0.425,-2.463,0
1565125288,35.22569754,-97.42355105,90.2,9.150197,3,336,9.532,0.902,-2.327,0
1565125289,35.22569364,-97.42344855,91,9.263649,3,336,9.962,1.146,-2.344,0
1565125290,35.22568658,-97.42334458,90.9,9.230347,3,335,9.84,1.218,-2.395,0
1565125291,35.22568494,-97.42324242,90.8,9.170087,3,335,9.83,1.145,-2.419,0
1565125292,35.22568374,-97.42314004,91,9.160088,3,335,9.807,0.928,-2.455,0
1565125293,35.2256834,-97.42303986,90.5,9.270021,3,335,9.964,1.199,-2.63,0
1565125294,35.22568582,-97.42293818,90,9.160022,3,335,9.709,1.318,-2.683,0
1565125295,35.22567766,-97.42284512,89.8,8.97009,3,334,9.894,1.266,-2.631,0
1565125296,35.22567702,-97.42274488,89.7,8.750092,3,335,10.116,1.82,-2.489,0
1565125297,35.22567844,-97.42265627,90.5,8.060156,3,335,9.937,1.653,-2.465,0
1565125298,35.22567488,-97.42257937,91.1,7.370108,3,335,9.984,1.387,-2.418,0
1565125299,35.22567344,-97.42250291,91.5,7.130112,3,336,9.783,2.758,-3.188,0
1565125300,35.22567825,-97.42244369,87.8,5.5908947,3,335,9.443,2.109,-4.473,0
1565125301,35.22569716,-97.4224076,63.8,4.721059,3,334,9.305,1.44,-4.484,0
1565125302,35.22573914,-97.42238446,34.1,4.5601754,3,334,10.534,0.642,-4.081,0
1565125303,35.22579369,-97.4223735,16.5,5.130244,3,334,10.292,0.149,-3.278,0
1565125304,35.22584258,-97.42236519,7.2,5.522934,3,334,9.747,0.285,-2.451,0
1565125305,35.22589705,-97.42235944,1.7,6.111383,3,335,9.97,0.954,-1.95,0
1565125306,35.22595457,-97.42235588,0.7,6.0408273,3,334,9.928,1.197,-2.12,0
1565125307,35.22601058,-97.42234531,1.6,5.7807007,3,335,9.877,1.248,-2.354,0
1565125308,35.22605706,-97.4223402,2.1,5.5307326,3,335,9.886,1.026,-2.213,0
1565125309,35.22610381,-97.42233912,2.2,5.4507427,3,335,10.123,0.629,-2.274,0
1565125310,35.22615755,-97.42233558,1.9,5.9001355,3,336,10.013,1.117,-2.264,0
1565125311,35.22621613,-97.42233933,0.9,6.1201305,3,336,10.006,1.214,-2.183,0
1565125312,35.22627061,-97.42233992,0.2,6.0801315,3,336,10.087,1.511,-1.18,0
1565125313,35.22632275,-97.42234004,1.5,5.780009,3,336,9.995,1.843,2.45,0
1565125314,35.22636461,-97.42231198,20.7,5.290605,3,335,9.816,1.891,3.325,0
1565125315,35.22639467,-97.42226503,52,4.96,3,336,10.094,1.673,1.929,0
1565125316,35.2263997,-97.42221908,75.7,4.4704022,3,336,10.157,1.311,1.099,0
1565125317,35.22640773,-97.42217191,79.6,4.2733827,3,336,9.965,1.212,-2.163,0
1565125318,35.2264026,-97.42213354,88.6,3.7634027,3,336,9.453,1.812,-3.74,0
1565125319,35.22640504,-97.4220895,86.4,3.7653153,3,336,9.473,1.838,-3.796,0
1565125320,35.2264215,-97.4220632,57.3,3.1600158,3,336,9.766,1.75,-3.018,0
1565125321,35.22643639,-97.42204698,31.3,2.5028784,3,337,10.042,1.417,-2.237,0
1565125322,35.22645268,-97.42203835,26.1,2.061189,3,336,9.957,1.286,-2.355,0
1565125323,35.22646657,-97.42202413,26.2,1.8146625,3,336,9.952,1.44,-2.275,0
1565125325,35.22649121,-97.422008,30.2,1.12,3,337,9.928,1.386,-2.283,0
1565125326,35.22649121,-97.422008,30.2,1.12,3,337,9.902,1.767,-2.27,0
1565125327,35.22649121,-97.422008,30.2,1.12,3,337,9.899,1.227,-2.285,0
1565125328,35.22649121,-97.422008,30.2,1.12,3,337,9.929,1.173,-2.265,0
1565125329,35.22649121,-97.422008,30.2,1.12,3,337,9.932,1.132,-2.263,0
1565125330,35.22649121,-97.422008,30.2,1.12,3,337,9.934,1.132,-2.27,0
1565125331,35.22649121,-97.422008,30.2,1.12,3,337,9.93,1.137,-2.241,0
1565125332,35.22650001,-97.42200461,0,0,3,337,9.949,1.137,-2.169,0
1565125333,35.22650001,-97.42200461,0,0,3,337,9.97,1.128,-2.153,0
1565125334,35.22650001,-97.42200461,0,0,3,337,9.96,1.139,-2.14,0
1565125335,35.22650001,-97.42200461,0,0,3,337,11.216,1.508,-1.964,0
1565125336,35.22650001,-97.42200461,0,0,3,337,9.197,5.238,0.894,0
1565125337,35.22650001,-97.42200461,0,0,3,337,7.505,2.224,2.922,0
