time,lat,lng,alt,spd,eps,epx,epv,ept,climb,track
1565124328,35.21845036,-97.51330959,334.436,0.012,0.49,4.426,8.51,0.005,-0.016,347.1181
1565124329,35.21845031,-97.5133102,334.478,0.051,0.47,4.426,8.51,0.005,-0.027,328.7314
1565124330,35.21844986,-97.51331027,334.567,0.025,0.48,4.426,8.51,0.005,0.014,113.8599
1565124331,35.21844973,-97.51331098,334.431,0.057,0.54,4.426,8.51,0.005,-0.072,297.7645
1565124332,35.21844933,-97.51331142,334.493,0.028,0.51,4.426,8.51,0.005,-0.05,292.1629
1565124333,35.21844871,-97.51331151,334.557,0.014,0.48,4.426,8.51,0.005,-0.035,149.3549
1565124334,35.21844773,-97.51331139,334.676,0.022,0.44,4.426,8.51,0.005,0.006,101.2634
1565124335,35.21844777,-97.51331208,334.566,0.065,0.45,4.426,8.51,0.005,-0.043,298.0044
1565124336,35.2184479,-97.51331269,334.338,0.05,0.52,4.426,7.015,0.005,-0.104,317.1457
1565124337,35.21844762,-97.51331248,334.399,0.023,0.53,4.426,7.015,0.005,-0.062,31.6057
1565124338,35.21844719,-97.51331258,334.466,0.04,0.44,4.426,7.015,0.005,-0.011,323.4023
1565124339,35.21845087,-97.51331704,334.548,0.836,0.33,4.426,7.015,0.005,0.007,305.3988
1565124340,35.21845686,-97.51333329,334.577,1.901,0.65,4.426,7.015,0.005,-0.011,292.1886
1565124341,35.21845586,-97.51335834,335.237,2.544,0.62,4.426,7.015,0.005,0.096,266.2727
1565124342,35.21844546,-97.51338314,335.553,2.59,0.91,4.426,7.072,0.005,0.071,247.1698
1565124343,35.21842996,-97.51339971,335.978,2.239,0.69,4.426,7.072,0.005,0.082,217.7066
1565124344,35.21840929,-97.51340368,336.713,2.26,0.62,4.426,7.188,0.005,0.223,185.2875
1565124345,35.21838759,-97.51339477,337.488,2.757,0.58,4.426,7.188,0.005,0.348,151.5952
1565124346,35.2183698,-97.51336716,337.145,3.292,0.75,4.426,7.072,0.005,0.122,122.3819
1565124347,35.21836172,-97.51332807,337.149,3.827,0.69,4.426,7.072,0.005,0.011,99.6884
1565124348,35.21835575,-97.51327661,337.48,4.654,0.5,4.426,7.188,0.005,0.068,94.0575
1565124349,35.21835058,-97.5132153,338.051,5.523,0.5,4.426,7.36,0.005,0.181,91.8372
1565124350,35.21834962,-97.51315529,338.513,5.342,0.49,4.426,7.36,0.005,0.241,90.1178
1565124351,35.21834919,-97.51309629,339.378,5.37,0.55,4.426,7.015,0.005,0.403,91.3373
1565124352,35.21834864,-97.51302911,339.743,6.311,0.49,4.426,7.015,0.005,0.301,90.4876
1565124353,35.21834874,-97.51295664,340.142,6.691,0.59,4.426,7.015,0.005,0.274,90.5013
1565124354,35.21834738,-97.51287794,341.102,7.282,0.59,4.426,7.015,0.005,0.388,91.5747
1565124355,35.21834939,-97.51279257,340.943,7.787,0.45,4.426,7.015,0.005,0.169,87.633
1565124356,35.21835085,-97.51270399,341.026,8.069,0.49,4.426,7.763,0.005,0.054,89.3995
1565124357,35.21834838,-97.51261146,341.881,8.637,0.43,4.426,8.165,0.005,0.274,92.907
1565124358,35.21834499,-97.51251574,342.085,8.577,0.36,4.426,8.165,0.005,0.162,91.2557
1565124359,35.21834364,-97.51242143,342.297,8.448,0.33,4.426,7.36,0.005,0.118,91.0648
1565124360,35.21834333,-97.51232847,342.191,8.308,0.29,4.426,7.36,0.005,-0.004,90.5707
1565124361,35.21834352,-97.51223936,342.143,8.042,0.3,4.426,7.36,0.005,-0.042,89.7869
1565124362,35.21834323,-97.51216189,342.154,6.608,0.36,4.426,7.36,0.005,-0.053,89.6775
1565124363,35.21834291,-97.51210576,342.378,4.568,0.4,4.426,7.763,0.005,-0.017,90.1522
1565124364,35.21834269,-97.51207432,342.43,2.198,0.35,4.426,7.015,0.005,-0.023,90.5276
1565124365,35.21834246,-97.51206374,342.553,0.507,0.3,4.426,7.015,0.005,0,92.7578
1565124366,35.21834331,-97.51206294,342.645,0.038,0.4,4.426,7.015,0.005,0.018,269.158
1565124367,35.21834444,-97.51206282,342.744,0.157,0.29,4.426,7.015,0.005,0.019,99.3089
1565124368,35.21834414,-97.51204697,342.722,1.959,0.31,4.426,7.015,0.005,0.006,90.4761
1565124369,35.21834438,-97.51200706,342.858,4.341,0.33,4.426,7.36,0.005,0.079,90.8949
1565124370,35.21834483,-97.51194366,342.925,6.345,0.35,4.426,7.36,0.005,0.078,90.2752
1565124371,35.21834498,-97.51185822,342.867,8.358,0.29,4.426,7.36,0.005,0.039,90.1888
1565124372,35.21834529,-97.51175565,342.976,9.74,0.37,4.426,7.36,0.005,0.033,90.208
1565124373,35.2183451,-97.51164199,343.143,10.601,0.3,4.426,7.303,0.005,0.055,90.2774
1565124374,35.21834476,-97.51151999,343.423,11.351,0.29,4.426,7.015,0.005,0.11,90.1465
1565124375,35.21834516,-97.51139157,343.567,11.846,0.29,4.426,7.015,0.005,0.089,89.6539
1565124376,35.21834497,-97.51126145,343.702,11.865,0.46,4.426,7.015,0.005,0.087,90.2387
1565124377,35.21834536,-97.51112933,343.606,12.096,0.3,4.426,7.015,0.005,-0.01,89.5607
1565124378,35.21834544,-97.51099579,343.836,12.229,0.32,4.426,7.015,0.005,0.043,89.9709
1565124379,35.21834541,-97.51085977,344.291,12.491,0.44,4.426,7.015,0.005,0.146,89.9113
1565124380,35.21834442,-97.51072266,344.274,12.422,0.37,4.426,7.015,0.005,0.084,90.3874
1565124381,35.21834458,-97.51058459,344.319,12.628,0.3,4.426,7.015,0.005,0.046,89.7018
1565124382,35.21834486,-97.51044565,344.361,12.651,0.38,4.426,7.015,0.005,0.025,89.9694
1565124383,35.21834538,-97.51030669,344.435,12.653,0.34,4.426,7.015,0.005,0.016,89.5518
1565124384,35.21834645,-97.51016683,344.562,12.772,0.33,4.426,7.015,0.005,0.009,89.4788
1565124385,35.21834651,-97.51002592,344.657,12.873,0.33,4.426,7.015,0.005,0.009,90.0818
1565124386,35.21834607,-97.50988607,345.038,12.731,0.44,4.426,7.015,0.005,0.094,90.0785
1565124387,35.21834602,-97.50974616,345.497,12.767,0.44,4.426,7.015,0.005,0.166,89.9765
1565124388,35.21834433,-97.5096042,345.971,13.08,0.48,4.426,7.015,0.005,0.208,90.3218
1565124389,35.21834279,-97.50946089,346.004,13.061,0.3,4.426,7.303,0.005,0.147,90.1859
1565124390,35.21834307,-97.50931682,346.169,13.122,0.44,4.426,7.303,0.005,0.096,89.9766
1565124391,35.21834402,-97.50917216,346.316,13.182,0.39,4.426,7.59,0.005,0.13,89.7086
1565124392,35.21834541,-97.50902651,346.495,13.274,0.39,4.426,7.188,0.005,0.088,89.4243
1565124393,35.21834696,-97.50887925,346.182,13.432,0.34,4.426,7.59,0.005,-0.017,89.3208
1565124394,35.2183465,-97.50872986,346.099,13.646,0.38,4.426,7.59,0.005,-0.003,90.5062
1565124395,35.21834692,-97.50857989,346.016,13.614,0.63,4.426,7.59,0.005,0.019,89.7471
1565124396,35.2183472,-97.5084303,346.162,13.643,0.33,4.426,7.59,0.005,0.074,90.4238
1565124397,35.21834687,-97.50828026,346.266,13.683,0.32,4.426,7.59,0.005,0.098,90.7519
1565124398,35.21834598,-97.508129,345.764,13.769,0.31,4.426,7.59,0.005,-0.08,90.4783
1565124399,35.21834552,-97.50797726,345.525,13.814,0.32,4.426,7.59,0.005,-0.104,90.3561
1565124400,35.21834512,-97.50782463,345.189,13.877,0.34,4.426,7.59,0.005,-0.088,89.8437
1565124401,35.21834504,-97.50767237,344.664,13.815,0.3,4.426,7.763,0.005,-0.185,89.8148
1565124402,35.21834496,-97.50752399,344.503,13.395,0.33,4.426,7.763,0.005,-0.124,89.6264
1565124403,35.218345,-97.50737995,344.341,12.943,0.29,4.426,7.763,0.005,-0.085,90.0598
1565124404,35.21834444,-97.50724085,344.168,12.517,0.3,4.426,7.763,0.005,-0.068,90.3972
1565124405,35.21834396,-97.50710473,344.106,12.314,0.29,4.426,7.705,0.005,-0.025,90.09
1565124406,35.2183441,-97.50696872,343.91,12.342,0.34,4.426,7.763,0.005,-0.05,90.0643
1565124407,35.21834287,-97.50683363,343.67,12.251,0.34,4.426,7.763,0.005,-0.071,90.7954
1565124408,35.21834224,-97.5066975,343.51,12.405,0.45,4.426,7.59,0.005,-0.049,90.2356
1565124409,35.21834108,-97.5065615,343.484,12.313,0.42,4.426,7.705,0.005,0.019,90.8615
1565124410,35.21833839,-97.5064304,343.126,11.741,0.29,4.426,7.705,0.005,-0.009,91.2248
1565124411,35.21833554,-97.50630372,343.228,11.43,0.46,4.426,7.705,0.005,0.048,92.0096
1565124412,35.2183323,-97.50617782,343.026,11.451,0.33,4.426,7.59,0.005,-0.016,91.9047
1565124413,35.21832897,-97.50605185,343.151,11.468,0.53,4.426,7.533,0.005,0.041,91.9186
1565124414,35.21832593,-97.50592417,343.248,11.646,0.47,4.426,7.59,0.005,0.119,91.316
1565124415,35.21832315,-97.50579404,343.181,11.815,0.31,4.426,7.59,0.005,0.103,91.3024
1565124416,35.21832096,-97.50566139,343.334,12.096,0.33,4.426,7.59,0.005,0.144,90.944
1565124417,35.21831916,-97.50552822,343.114,12.059,0.31,4.426,7.705,0.005,0.06,90.5505
1565124418,35.21831904,-97.50539359,343.412,12.331,0.42,4.426,7.705,0.005,0.173,89.8289
1565124419,35.2183221,-97.50525486,343.676,12.696,0.57,4.426,7.533,0.005,0.222,87.8904
1565124420,35.21832372,-97.50511909,343.958,12.284,0.43,4.426,9.545,0.005,0.256,89.4154
1565124421,35.21832524,-97.50498456,344.016,12.183,0.34,4.426,8.855,0.005,0.187,89.2389
1565124422,35.21832576,-97.50485019,344.245,12.177,0.39,4.426,8.51,0.005,0.192,90.1182
1565124423,35.21832469,-97.50471715,344.344,12.041,0.48,4.426,8.682,0.005,0.163,91.1298
1565124424,35.21832353,-97.50458189,344.526,12.351,0.34,4.426,7.303,0.005,0.166,90.4287
1565124425,35.21832278,-97.5044439,344.627,12.617,0.45,4.426,7.303,0.005,0.158,90.1159
1565124426,35.21832361,-97.50430098,344.791,13.158,0.33,4.426,7.303,0.005,0.136,89.4044
1565124427,35.21832395,-97.50415357,344.79,13.503,0.33,4.426,7.015,0.005,0.087,89.8968
1565124428,35.21832521,-97.50400129,345.32,14.001,0.42,4.426,7.015,0.005,0.194,89.4587
1565124429,35.21832718,-97.50384382,345.705,14.468,0.34,4.426,7.015,0.005,0.271,89.1092
1565124430,35.21832854,-97.50368403,346.047,14.62,0.34,4.426,7.475,0.005,0.215,90.1146
1565124431,35.21833009,-97.50352165,346.427,14.876,0.39,4.426,7.878,0.005,0.2,89.836
1565124432,35.2183317,-97.50335768,346.381,14.978,0.34,4.426,7.878,0.005,0.101,89.9461
1565124433,35.21833114,-97.50319102,346.471,15.287,0.56,4.426,7.878,0.005,0.108,90.2392
1565124434,35.21833049,-97.50302269,346.468,15.372,0.37,4.426,7.878,0.005,0.026,90.7972
1565124435,35.21832987,-97.50285271,346.739,15.57,0.35,4.426,7.303,0.005,0.093,90.3318
1565124436,35.21833131,-97.50268215,347.571,15.645,0.33,4.426,7.303,0.005,0.311,89.9068
1565124437,35.21833237,-97.50251108,348.427,15.658,0.36,4.426,7.303,0.005,0.45,90.2654
1565124438,35.21833119,-97.50233893,348.994,15.713,0.31,4.426,7.533,0.005,0.494,90.6915
1565124439,35.21832949,-97.50216596,349.643,15.792,0.33,4.426,7.533,0.005,0.532,90.8735
1565124440,35.21833137,-97.50199241,350.231,15.801,0.5,4.426,7.533,0.005,0.533,88.8332
1565124441,35.21833506,-97.50182203,350.797,15.442,0.45,4.426,7.533,0.005,0.527,88.428
1565124442,35.21834048,-97.50165542,351.037,15.127,0.45,4.426,7.533,0.005,0.397,87.5834
1565124443,35.21834536,-97.50148871,351.034,15.201,0.37,4.426,7.245,0.005,0.258,88.3336
1565124444,35.21834871,-97.50131929,350.958,15.531,0.36,4.426,7.245,0.005,0.139,89.0974
1565124445,35.2183486,-97.50114766,350.975,15.715,0.34,4.426,7.245,0.005,0.088,90.4939
1565124446,35.21834854,-97.50097117,350.898,16.239,0.35,4.426,7.36,0.005,0.023,89.8849
1565124447,35.21834875,-97.50079077,350.675,16.504,0.37,4.426,7.705,0.005,-0.056,89.9468
1565124448,35.21834919,-97.50060955,350.606,16.54,0.35,4.426,7.705,0.005,-0.073,89.8206
1565124449,35.21834444,-97.50043178,350.589,16.122,0.52,4.426,7.36,0.005,-0.055,92.5608
1565124450,35.21834219,-97.50025122,350.405,16.538,0.3,4.426,7.36,0.005,-0.075,90.6213
1565124451,35.21834088,-97.50006937,350.351,16.475,0.39,4.426,7.36,0.005,-0.07,90.8921
1565124452,35.21833822,-97.49989036,350.232,16.174,0.35,4.426,7.705,0.005,-0.074,90.9859
1565124453,35.21833496,-97.499711,350.173,16.33,0.34,4.426,7.705,0.005,-0.024,90.9714
1565124454,35.21833329,-97.49953161,350.175,16.297,0.3,4.426,7.705,0.005,0.003,90.7401
1565124455,35.21833357,-97.49935125,350.391,16.447,0.46,4.426,7.705,0.005,0.067,90.4209
1565124456,35.21833364,-97.4991651,350.9,17.02,0.38,4.426,7.705,0.005,0.271,90.2316
1565124457,35.21833338,-97.49897785,351.01,17.026,0.35,4.426,7.303,0.005,0.251,90.1439
1565124458,35.21833511,-97.49878857,351.294,17.305,0.38,4.426,7.533,0.005,0.285,89.3689
1565124459,35.21834608,-97.49859489,351.72,17.772,0.56,4.426,7.533,0.005,0.376,85.1682
1565124460,35.21835123,-97.49840167,352.055,17.587,0.32,4.426,7.13,0.005,0.373,88.8234
1565124461,35.2183528,-97.49821102,352.085,17.266,0.55,4.426,7.533,0.005,0.251,89.6136
1565124462,35.21834977,-97.49802059,351.659,17.31,0.42,4.426,7.533,0.005,0.065,91.3269
1565124463,35.21834854,-97.49783021,351.524,17.369,0.6,4.426,7.303,0.005,0.009,89.9799
1565124464,35.21835501,-97.49763408,351.894,18.048,0.39,4.426,6.957,0.005,0.169,87.2293
1565124465,35.21835932,-97.49743751,352.275,17.897,0.38,4.426,7.015,0.005,0.332,88.3591
1565124466,35.21835807,-97.49724505,352.021,17.396,0.74,4.426,7.303,0.005,0.205,89.792
1565124467,35.21835649,-97.4970604,352.165,16.687,0.59,4.426,7.533,0.005,0.237,89.9443
1565124468,35.21835546,-97.49688121,352.518,16.211,0.35,4.426,7.533,0.005,0.352,89.7528
1565124469,35.21835385,-97.49670703,352.701,15.7,0.38,4.426,7.533,0.005,0.356,89.8909
1565124470,35.21835323,-97.49653846,353.094,15.24,0.41,4.426,7.533,0.005,0.416,89.769
1565124471,35.21835251,-97.49637603,352.878,14.618,0.4,4.426,7.475,0.005,0.212,90.01
1565124472,35.21835161,-97.49621915,352.828,14.232,0.33,4.426,7.533,0.005,0.092,90.5563
1565124473,35.21835103,-97.49606904,353.162,13.442,0.35,4.426,7.533,0.005,0.104,90.3135
1565124474,35.2183487,-97.49593159,353.235,12.109,0.57,4.426,7.475,0.005,0.045,90.6132
1565124475,35.21834568,-97.49580671,353.032,11.072,0.52,4.426,7.648,0.005,0.011,90.4211
1565124476,35.218343,-97.49569544,353.055,9.87,0.51,4.426,7.648,0.005,0.056,91.2951
1565124477,35.21833981,-97.49559108,353.089,9.405,0.53,4.426,7.533,0.005,0.106,91.5747
1565124478,35.21834053,-97.495488,352.819,9.365,0.62,4.426,7.303,0.005,0.005,88.4477
1565124479,35.21833841,-97.49539474,352.928,8.347,0.57,4.426,6.957,0.005,0.061,91.4704
1565124480,35.21834003,-97.49530322,353.158,8.443,0.46,4.426,6.957,0.005,0.113,87.1338
1565124481,35.21834489,-97.49521164,353.417,8.335,0.4,4.426,6.957,0.005,0.168,85.4262
1565124482,35.21835136,-97.49512283,352.869,8.045,0.56,4.426,7.303,0.005,-0.032,84.1618
1565124483,35.21835522,-97.49504272,352.626,7.096,0.6,4.426,7.303,0.005,-0.062,86.9762
1565124484,35.21835724,-97.49497013,352.621,6.459,0.41,4.426,7.245,0.005,-0.027,87.9833
1565124485,35.21835822,-97.49490261,352.745,6.072,0.43,4.426,7.245,0.005,0.035,87.6921
1565124486,35.21835812,-97.49484291,352.639,5.165,0.4,4.426,7.245,0.005,0.034,89.5875
1565124487,35.21835835,-97.49479788,352.603,3.695,0.48,4.426,7.015,0.005,0.04,89.8726
1565124488,35.2183593,-97.49476759,352.159,2.452,0.49,4.426,12.19,0.005,-0.063,89.2422
1565124489,35.21835774,-97.49474803,353.219,1.438,0.58,4.426,12.19,0.005,0.262,88.6017
1565124490,35.21835776,-97.4947426,353.597,0.17,0.88,4.426,12.65,0.005,0.26,106.7555
1565124491,35.2183575,-97.49474043,354.002,0.108,0.95,4.426,12.765,0.005,0.266,136.1127
1565124492,35.21835773,-97.49473888,354.208,0.117,0.91,4.426,12.765,0.005,0.197,124.203
1565124493,35.21835713,-97.49473937,353.279,0.119,0.38,4.426,12.765,0.005,0.038,198.602
1565124494,35.21835587,-97.49473914,352.905,0.078,0.77,4.426,9.372,0.005,0.028,235.2808
1565124495,35.21835357,-97.49473993,352.712,0.23,0.77,4.426,12.132,0.005,0.057,229.1067
1565124496,35.21835276,-97.49474079,352.389,0.115,0.75,4.426,12.132,0.005,0.05,231.3237
1565124497,35.21835325,-97.49474019,351.999,0.086,0.74,4.426,12.132,0.005,0.013,52.7241
1565124498,35.21835492,-97.4947361,351.65,0.257,0.77,4.426,12.132,0.005,-0.015,58.8115
1565124499,35.21835583,-97.49473702,351.698,0.084,0.5,4.426,11.787,0.005,0.111,311.6937
1565124500,35.21835828,-97.49473667,351.243,0.107,0.47,4.426,12.132,0.005,0.016,45.7827
1565124501,35.21835961,-97.49473709,350.896,0.009,0.44,4.426,9.372,0.005,-0.015,101.167
1565124502,35.21836031,-97.49473776,350.665,0.01,0.35,4.426,9.372,0.005,-0.001,85.6613
1565124503,35.21836121,-97.49473814,350.42,0.008,0.34,4.426,9.372,0.005,-0.006,180
1565124504,35.21836235,-97.49473715,350.223,0.037,0.31,4.426,8.568,0.005,-0.007,210.2768
1565124505,35.21836377,-97.49473371,350.432,0.307,0.41,4.426,8.453,0.005,0.138,83.0066
1565124506,35.21836515,-97.49473265,350.216,0.064,0.49,4.426,8.453,0.005,0.074,44.6074
1565124507,35.21836603,-97.49473278,350.077,0.008,0.53,4.426,8.568,0.005,0.044,141.3819
1565124508,35.21836673,-97.49473301,350.036,0.025,0.48,4.426,8.568,0.005,0.039,69.5352
1565124509,35.21836738,-97.4947329,349.987,0.087,0.39,4.426,9.372,0.005,0.023,67.7527
1565124510,35.21836844,-97.49473219,349.924,0.129,0.41,4.426,9.372,0.005,-0.001,54.7012
1565124511,35.21836846,-97.49473323,350.076,0.111,0.32,4.426,9.372,0.005,0.012,238.9417
1565124512,35.2183683,-97.49473449,350.119,0.07,0.4,4.426,9.372,0.005,-0.017,237.9863
1565124513,35.21836835,-97.49473525,350.233,0.013,0.43,4.426,9.487,0.005,-0.021,281.349
1565124514,35.21836825,-97.49473556,350.526,0.031,0.31,4.426,9.487,0.005,0.011,81.3766
1565124515,35.2183681,-97.4947357,350.775,0,0.4,4.426,9.487,0.005,0,0
1565124516,35.21836795,-97.49473629,351.007,0.043,0.42,4.426,9.372,0.005,0.015,238.6015
1565124517,35.2183682,-97.49473676,351.194,0.013,0.35,4.426,9.372,0.005,0.005,48.0169
1565124518,35.21836797,-97.4947369,351.437,0,0.21,4.426,9.372,0.005,0,0
1565124519,35.21836795,-97.49473755,351.631,0.022,0.39,4.426,9.372,0.005,0.018,233.0781
1565124520,35.21836789,-97.49473792,351.779,0.008,0.24,4.426,10.293,0.005,0.006,0
1565124521,35.21836771,-97.49473849,351.946,0.048,0.4,4.426,10.293,0.005,0.031,225.3277
1565124522,35.21836734,-97.49473881,352.021,0.035,0.38,4.426,10.293,0.005,0.036,224.3065
1565124523,35.21836695,-97.49473941,352.135,0.076,0.33,4.426,10.293,0.005,0.042,236.2448
1565124524,35.21836687,-97.49473906,352.148,0.035,0.3,4.426,10.235,0.005,0.029,36.5914
1565124525,35.21836677,-97.49473892,352.163,0.003,0.33,4.426,10.235,0.005,0.014,28.0116
1565124526,35.21836662,-97.49473877,352.186,0.008,0.3,4.426,10.235,0.005,0.006,0
1565124527,35.21836638,-97.49473894,352.207,0.022,0.35,4.426,10.235,0.005,-0.004,243.9937
1565124528,35.21836586,-97.49473921,352.22,0.046,0.31,4.426,10.235,0.005,0.001,236.8339
1565124529,35.21836523,-97.49473987,352.266,0.083,0.3,4.426,10.235,0.005,0.001,233.5251
1565124530,35.21836484,-97.49474005,352.276,0.024,0.38,4.426,10.235,0.005,0.004,230.2778
1565124531,35.21836441,-97.49474026,352.344,0.033,0.37,4.426,10.235,0.005,0.006,240.4181
1565124532,35.21836517,-97.49473841,352.277,0.182,0.37,4.426,10.235,0.005,-0.005,51.4286
1565124533,35.21836506,-97.49473807,352.276,0.024,0.29,4.426,9.372,0.005,-0.004,50.2778
1565124534,35.21836521,-97.49473764,352.565,0.037,0.3,4.426,9.487,0.005,0,49.472
1565124535,35.21836518,-97.49473643,352.829,0.112,0.26,4.426,7.418,0.005,0.004,91.6214
1565124536,35.21836473,-97.49473128,353.126,0.517,0.27,4.426,7.418,0.005,0.009,103.0368
1565124537,35.21836372,-97.49471095,353.094,2.055,0.3,4.426,7.418,0.005,0.004,95.8857
1565124538,35.21836373,-97.49467181,353.595,3.769,0.31,4.426,9.487,0.005,0.032,92.2037
1565124539,35.21836241,-97.494617,353.664,5.135,0.32,4.426,7.418,0.005,0.034,93.0006
1565124540,35.21836148,-97.49454833,353.671,6.355,0.43,4.426,7.418,0.005,0.022,91.7951
1565124541,35.21836003,-97.49446531,353.883,7.564,0.34,4.426,7.59,0.005,0.036,92.0494
1565124542,35.21835972,-97.49437117,354.121,8.628,0.33,4.426,7.59,0.005,0.046,90.7843
1565124543,35.2183607,-97.49426651,354.367,9.594,0.36,4.426,7.59,0.005,0.05,89.772
1565124544,35.21836066,-97.49415429,354.459,10.235,0.42,4.426,7.418,0.005,0.045,90.1796
1565124545,35.21836019,-97.49403193,354.567,11.119,0.33,4.426,7.418,0.005,0.054,90.5101
1565124546,35.21835973,-97.49389933,354.624,12.13,0.34,4.426,7.475,0.005,0.057,90.5946
1565124547,35.2183593,-97.49375663,354.708,13.068,0.34,4.426,7.475,0.005,0.049,90.582
1565124548,35.21835925,-97.49360765,354.595,13.574,0.34,4.426,7.475,0.005,0.043,90.1812
1565124549,35.21835839,-97.49345449,354.677,13.966,0.48,4.426,7.475,0.005,0.04,90.6187
1565124550,35.21835841,-97.49329633,354.657,14.35,0.34,4.426,8.912,0.005,0.043,90.1687
1565124551,35.21835772,-97.49313577,354.644,14.616,0.45,4.426,8.912,0.005,0.04,90.3516
1565124552,35.21835816,-97.49296934,354.523,15.082,0.52,4.426,8.912,0.005,0.036,89.9583
1565124554,35.21835355,-97.49264737,354.208,14.653,0.46,4.426,7.475,0.005,0.032,90.7095
1565124555,35.21835086,-97.4924857,354.232,14.74,0.45,4.426,7.475,0.005,0.029,90.9838
1565124556,35.21834925,-97.49232209,354.19,14.865,0.36,4.426,7.475,0.005,0.034,90.7049
1565124557,35.21834775,-97.49215806,354.236,14.935,0.42,4.426,7.475,0.005,0.032,90.6501
1565124558,35.21834603,-97.49199754,354.576,14.633,0.38,4.426,7.475,0.005,0.045,90.6528
1565124559,35.2183417,-97.49184238,354.58,14.165,0.48,4.426,7.475,0.005,0.044,91.7589
1565124560,35.21833949,-97.49169284,354.685,13.649,0.39,4.426,8.797,0.005,0.052,90.8723
1565124561,35.2183369,-97.49154775,354.554,13.235,0.39,4.426,7.59,0.005,0.047,90.8846
1565124562,35.21833525,-97.49141197,354.397,12.37,0.46,4.426,7.59,0.005,0.042,90.5917
1565124563,35.21833149,-97.4912973,354.398,10.589,0.42,4.426,7.59,0.005,0.035,91.5262
1565124564,35.21833116,-97.49120221,354.225,8.761,0.38,4.426,7.418,0.005,0.034,90.2352
1565124565,35.21833132,-97.49111918,354.009,7.549,0.37,4.426,8.682,0.005,0.012,90.3441
1565124566,35.21833127,-97.49103607,354.589,7.562,0.47,4.426,7.245,0.005,0.039,90.3007
1565124567,35.21833166,-97.49095125,354.685,7.757,0.38,4.426,7.475,0.005,0.042,89.6752
1565124568,35.21833368,-97.49085888,354.922,8.399,0.37,4.426,8.797,0.005,0.043,89.2882
1565124569,35.21833475,-97.49075722,355.17,9.292,0.36,4.426,7.072,0.005,0.044,89.8151
1565124570,35.21833414,-97.49064801,355.856,9.963,0.43,4.426,7.245,0.005,0.068,90.768
1565124571,35.21833352,-97.49053471,356.074,10.348,0.44,4.426,7.245,0.005,0.07,90.8165
1565124572,35.21833266,-97.49041567,356.435,10.805,0.45,4.426,7.245,0.005,0.07,90.9752
1565124573,35.21833328,-97.49029336,356.493,11.093,0.34,4.426,6.957,0.005,0.07,90.0655
1565124574,35.2183344,-97.49016794,356.509,11.408,0.44,4.426,6.957,0.005,0.066,89.5572
1565124575,35.21833562,-97.49003433,356.993,12.116,0.35,4.426,6.957,0.005,0.069,89.709
1565124576,35.21833538,-97.48989537,357.394,12.663,0.32,4.426,6.957,0.005,0.09,90.288
1565124577,35.2183346,-97.48975156,357.535,13.121,0.42,4.426,6.957,0.005,0.086,90.5334
1565124578,35.21833565,-97.4895988,357.527,13.854,0.33,4.426,7.245,0.005,0.083,89.836
1565124579,35.21833623,-97.48943858,357.608,14.632,0.33,4.426,7.245,0.005,0.078,89.9284
1565124580,35.21833588,-97.48927171,357.802,15.237,0.42,4.426,7.245,0.005,0.085,90.3636
1565124581,35.21833867,-97.48909147,357.936,16.32,0.41,4.426,7.245,0.005,0.089,89.5758
1565124582,35.21834094,-97.48890488,357.874,16.934,0.37,4.426,6.957,0.005,0.081,89.5716
1565124583,35.21834202,-97.48871775,357.982,17.027,0.34,4.426,7.072,0.005,0.09,89.6365
1565124584,35.21834267,-97.48853494,358.244,16.604,0.34,4.426,7.475,0.005,0.1,89.6094
1565124585,35.21834266,-97.48835531,358.488,16.399,0.33,4.426,7.475,0.005,0.106,89.9195
1565124586,35.21834317,-97.4881778,358.755,16.164,0.33,4.426,8.682,0.005,0.111,89.7133
1565124587,35.21834317,-97.48800575,358.963,15.643,0.33,4.426,8.912,0.005,0.122,89.8231
1565124588,35.21834407,-97.48784132,359.255,14.929,0.4,4.426,8.912,0.005,0.125,89.3519
1565124589,35.21834446,-97.48769389,359.558,13.392,0.42,4.426,8.912,0.005,0.133,88.9346
1565124590,35.21834461,-97.48756678,359.795,11.616,0.46,4.426,8.912,0.005,0.141,88.5578
1565124591,35.21834428,-97.48745987,359.968,9.895,0.34,4.426,8.912,0.005,0.137,88.7864
1565124592,35.21834316,-97.4873654,360.336,8.606,0.37,4.426,8.912,0.005,0.15,89.7289
1565124593,35.21834464,-97.48727922,360.449,7.829,0.48,4.426,8.912,0.005,0.148,88.3441
1565124594,35.21834548,-97.48720037,360.595,7.258,0.36,4.426,8.912,0.005,0.149,88.8038
1565124595,35.21834597,-97.48712463,360.795,6.908,0.49,4.426,8.97,0.005,0.147,89.1376
1565124596,35.21834605,-97.48705314,361.112,6.576,0.48,4.426,8.97,0.005,0.153,89.232
1565124597,35.21834524,-97.4869827,361.413,6.487,0.49,4.426,8.97,0.005,0.153,90.6299
1565124598,35.21834627,-97.4869071,361.633,6.832,0.49,4.426,8.97,0.005,0.163,89.528
1565124599,35.21834692,-97.48682346,361.878,7.561,0.49,4.426,8.97,0.005,0.155,89.9931
1565124600,35.218346,-97.48673238,362.386,8.271,0.49,4.426,8.97,0.005,0.166,91.0663
1565124601,35.21834635,-97.48663896,362.539,8.449,0.52,4.426,8.97,0.005,0.17,89.9
1565124602,35.21834679,-97.48654578,362.592,8.474,0.52,4.426,8.97,0.005,0.157,89.5095
1565124603,35.21834584,-97.48645149,362.914,8.63,0.51,4.426,8.97,0.005,0.167,90.7014
1565124604,35.21834435,-97.48635566,363.27,8.74,0.55,4.426,8.97,0.005,0.173,91.2808
1565124605,35.21834268,-97.48625456,363.585,9.141,0.56,4.426,8.97,0.005,0.178,91.7067
1565124606,35.21834368,-97.48614049,364.017,10.047,0.53,4.426,8.97,0.005,0.185,90.8133
1565124607,35.21834493,-97.48601729,364.41,10.942,0.46,4.426,10.293,0.005,0.2,90.4822
1565124608,35.21834631,-97.48588571,364.505,11.846,0.52,4.426,10.293,0.005,0.194,90.2488
1565124609,35.21834819,-97.48574468,364.661,12.654,0.6,4.426,10.465,0.005,0.187,89.765
1565124610,35.21834886,-97.48559222,364.555,13.598,0.59,4.426,10.465,0.005,0.179,90.172
1565124611,35.21835342,-97.48543229,364.793,14.23,0.62,4.426,10.465,0.005,0.184,88.6486
1565124612,35.21834954,-97.48529689,364.987,12.887,0.66,4.426,10.293,0.005,0.177,90.4479
1565124613,35.21835067,-97.48514967,364.982,13.177,0.61,4.426,10.293,0.005,0.174,89.7895
1565124614,35.21835258,-97.48499828,364.631,13.502,0.58,4.426,8.797,0.005,0.158,89.433
1565124615,35.21835242,-97.48484826,364.742,13.601,0.57,4.426,8.797,0.005,0.155,89.9455
1565124616,35.21835171,-97.48469814,364.612,13.615,0.5,4.426,8.568,0.005,0.138,90.2553
1565124617,35.21835173,-97.48454698,364.105,13.66,0.48,4.426,8.568,0.005,0.112,90.0744
1565124618,35.21835059,-97.48439785,364.042,13.573,0.5,4.426,8.568,0.005,0.109,90.3242
1565124619,35.21834916,-97.48425023,364.077,13.443,0.48,4.426,8.568,0.005,0.103,90.4143
1565124620,35.2183491,-97.48410411,363.895,13.261,0.49,4.426,8.568,0.005,0.092,89.9105
1565124621,35.21834842,-97.48396566,363.828,12.647,0.46,4.426,8.568,0.005,0.095,89.9695
1565124622,35.21834731,-97.48384075,363.517,11.416,0.44,4.426,8.453,0.005,0.075,90.0204
1565124623,35.21834901,-97.48371768,363.182,10.941,0.33,4.426,8.453,0.005,0.06,89.3253
1565124624,35.2183521,-97.48359672,362.851,10.76,0.43,4.426,8.453,0.005,0.053,88.5685
1565124625,35.21835497,-97.48347378,362.313,10.962,0.37,4.426,8.797,0.005,0.033,88.7769
1565124626,35.21835579,-97.48335119,362.064,11.139,0.55,4.426,8.797,0.005,0.022,89.3863
1565124627,35.21835693,-97.4832177,362.162,12.043,0.67,4.426,11.787,0.005,0.024,89.849
1565124628,35.21835687,-97.48306648,361.981,13.317,0.64,4.426,11.787,0.005,0.021,90.5913
1565124629,35.21835667,-97.48291139,361.596,13.881,0.62,4.426,11.787,0.005,0.007,90.6264
1565124630,35.21835841,-97.48274713,361.34,14.598,0.6,4.426,11.787,0.005,0.001,90.1943
1565124631,35.21835935,-97.48258008,361.228,15.009,0.63,4.426,11.787,0.005,-0.001,90.0434
1565124632,35.21835838,-97.48241778,361.171,14.693,0.44,4.426,13.053,0.005,-0.005,90.4153
1565124633,35.21836066,-97.48224765,360.674,15.137,0.34,4.426,8.97,0.005,-0.015,90.0063
1565124634,35.2183621,-97.48207734,360.171,15.275,0.34,4.426,9.027,0.005,-0.032,89.9148
1565124635,35.21836214,-97.48189969,359.87,16.044,0.34,4.426,9.027,0.005,-0.045,90.5435
1565124636,35.21836078,-97.4817219,359.668,16.05,0.41,4.426,9.027,0.005,-0.047,90.8
1565124637,35.21835868,-97.48154666,359.408,15.834,0.41,4.426,8.797,0.005,-0.05,91.0689
1565124638,35.2183588,-97.48137067,359.199,15.891,0.51,4.426,8.797,0.005,-0.053,90.0862
1565124639,35.21835754,-97.48120464,359.276,15.17,0.44,4.426,8.797,0.005,-0.048,90.2884
1565124640,35.21835684,-97.48104109,359.074,14.819,0.47,4.426,8.797,0.005,-0.046,90.3938
1565124641,35.21835204,-97.48088183,359.047,14.519,0.46,4.426,8.797,0.005,-0.048,92.1377
1565124642,35.2183461,-97.48072151,358.889,14.561,0.48,4.426,8.797,0.005,-0.047,92.8561
1565124643,35.21833931,-97.48055771,358.899,14.869,0.42,4.426,10.35,0.005,-0.041,93.2395
1565124644,35.21833319,-97.48038628,358.282,15.425,0.6,4.426,10.35,0.005,-0.107,91.4916
1565124645,35.21833109,-97.48021578,357.573,15.262,0.58,4.426,10.35,0.005,-0.176,90.4983
1565124646,35.2183299,-97.48004686,356.909,15.158,0.53,4.426,10.35,0.005,-0.221,90.1043
1565124647,35.21832753,-97.47987883,356.709,15.057,0.55,4.426,9.43,0.005,-0.037,90.5992
1565124648,35.21832798,-97.47971267,355.807,14.767,0.58,4.426,8.797,0.005,-0.199,88.9789
1565124649,35.21832866,-97.47955152,355.181,14.416,0.53,4.426,8.797,0.005,-0.216,89.7824
1565124650,35.21832825,-97.47939609,355.072,13.965,0.55,4.426,8.797,0.005,-0.063,90.1682
1565124651,35.21832648,-97.47924278,355.592,13.673,0.5,4.426,8.797,0.005,0.229,90.6248
1565124652,35.21832721,-97.47909356,355.096,13.198,0.42,4.426,8.797,0.005,0.055,89.3725
1565124653,35.21833061,-97.47894983,354.371,12.85,0.54,4.426,8.797,0.005,-0.176,88.5195
1565124654,35.21833158,-97.47881711,354.184,11.824,0.61,4.426,8.797,0.005,-0.106,89.6365
1565124655,35.21833204,-97.47870109,354.25,9.986,0.42,4.426,8.797,0.005,0.031,89.8466
1565124656,35.21833522,-97.4786008,353.785,8.725,0.65,4.426,8.797,0.005,-0.109,87.9685
1565124657,35.2183377,-97.47850704,353.361,8.32,0.41,4.426,8.797,0.005,-0.162,88.5381
1565124658,35.21833897,-97.47842331,353.162,7.233,0.4,4.426,8.797,0.005,-0.128,89.478
1565124659,35.21833853,-97.47835005,353.352,6.366,0.59,4.426,8.797,0.005,0.075,90.4786
1565124660,35.21833724,-97.47829111,353.537,4.963,0.54,4.426,8.797,0.005,0.185,91.5058
1565124661,35.21833733,-97.47824146,353.003,4.205,0.66,4.426,8.797,0.005,0.029,89.2746
1565124662,35.21833853,-97.47820235,352.537,3.252,0.52,4.426,8.797,0.005,-0.096,88.5938
1565124663,35.21833886,-97.47817611,352.364,2.032,0.38,4.426,8.797,0.005,-0.065,90.4239
1565124664,35.21833868,-97.47816148,352.358,1.004,0.58,4.426,8.797,0.005,0.021,92.2387
1565124665,35.21833927,-97.47815603,351.953,0.196,0.63,4.426,8.797,0.005,-0.06,66.2735
1565124666,35.21834018,-97.47815427,351.827,0.108,0.64,4.426,8.797,0.005,-0.044,73.3159
1565124667,35.21834057,-97.47815316,351.766,0.009,0.52,4.426,8.797,0.005,-0.015,101.1721
1565124668,35.21834118,-97.47815194,351.722,0.057,0.61,4.426,8.797,0.005,0.012,60.3134
1565124669,35.21834161,-97.47815068,351.602,0.011,0.53,4.426,8.797,0.005,-0.009,53.0946
1565124670,35.21833917,-97.47815291,351.864,0.495,0.64,4.426,8.797,0.005,0.105,217.586
1565124671,35.21833725,-97.4781434,352.08,1.243,0.47,4.426,8.797,0.005,0.169,101.7697
1565124672,35.21833489,-97.47812223,352.277,2.108,0.99,4.426,8.797,0.005,0.148,100.5469
1565124673,35.21832204,-97.47807461,352.389,4.906,0.59,4.426,8.797,0.005,0.093,107.7763
1565124674,35.21831152,-97.4780068,352.708,6.758,0.54,4.426,8.797,0.005,0.167,99.0269
1565124675,35.21830873,-97.47792469,352.141,7.676,0.7,4.426,8.797,0.005,-0.068,90.7365
1565124676,35.21830656,-97.4778297,351.458,8.946,0.73,4.426,9.027,0.005,-0.272,91.9836
1565124677,35.21830575,-97.47772664,351.899,9.577,0.7,4.426,9.027,0.005,-0.065,90.1669
1565124678,35.2183069,-97.47761971,351.734,9.777,0.65,4.426,8.797,0.005,-0.123,88.846
1565124679,35.21830994,-97.47751161,350.736,9.841,0.66,4.426,8.797,0.005,-0.402,87.92
1565124680,35.21831129,-97.47739834,350.333,10.457,0.67,4.426,8.797,0.005,-0.422,89.4391
1565124681,35.2183112,-97.47727823,350.261,10.97,0.65,4.426,8.797,0.005,-0.333,90.1138
1565124682,35.21830885,-97.47714954,350.614,11.636,0.58,4.426,8.797,0.005,-0.101,90.494
1565124683,35.21830762,-97.47701374,350.704,12.418,0.62,4.426,8.797,0.005,-0.029,90.8669
1565124684,35.21830941,-97.47686815,349.937,13.299,0.54,4.426,8.797,0.005,-0.217,89.2873
1565124685,35.21830994,-97.47672094,349.974,13.341,0.6,4.426,8.797,0.005,-0.142,90.1463
1565124686,35.21830965,-97.47656848,349.413,13.767,0.53,4.426,8.797,0.005,-0.231,89.678
1565124687,35.21831022,-97.47641466,349.047,13.985,0.51,4.426,8.797,0.005,-0.283,89.7828
1565124688,35.21831037,-97.47625576,348.919,14.515,0.6,4.426,8.797,0.005,-0.249,89.8851
1565124689,35.21831115,-97.4760925,348.865,14.947,0.61,4.426,8.797,0.005,-0.191,89.9994
1565124690,35.21830853,-97.47592324,348.48,15.199,0.51,4.426,8.797,0.005,-0.199,90.0243
1565124691,35.21830855,-97.47574809,348.217,16.175,0.57,4.426,8.797,0.005,-0.259,90.2194
1565124692,35.21830926,-97.47556784,348.192,16.568,0.61,4.426,8.797,0.005,-0.222,89.5427
1565124693,35.21831328,-97.47538682,347.959,16.502,0.6,4.426,8.797,0.005,-0.265,88.289
1565124694,35.21831935,-97.47520915,347.959,16.243,0.43,4.426,8.797,0.005,-0.215,87.0013
1565124695,35.21832686,-97.47503205,347.871,16.171,0.5,4.426,8.797,0.005,-0.216,86.682
1565124696,35.21833244,-97.47485532,348.069,16.152,0.44,4.426,9.372,0.005,-0.1,87.8377
1565124697,35.21833843,-97.47467759,347.544,16.239,0.44,4.426,8.797,0.005,-0.256,88.0651
1565124698,35.21834109,-97.47450106,347.246,15.982,0.55,4.426,8.797,0.005,-0.276,89.2141
1565124699,35.21834319,-97.47432718,346.917,15.735,0.45,4.426,8.797,0.005,-0.307,89.1217
1565124700,35.21834387,-97.47415393,346.499,15.671,0.41,4.426,8.797,0.005,-0.354,89.2214
1565124701,35.2183448,-97.47398226,346.457,15.51,0.4,4.426,8.797,0.005,-0.299,89.4476
1565124702,35.21834534,-97.47381079,346.684,15.581,0.4,4.426,8.797,0.005,-0.137,89.6437
1565124703,35.21834716,-97.47364561,346.658,14.823,0.89,4.426,8.797,0.005,-0.118,89.442
1565124704,35.21834942,-97.47349995,346.545,12.919,0.55,4.426,30.59,0.005,-0.103,89.4053
1565124705,35.21835134,-97.47336405,346.4,12.154,0.83,4.426,30.59,0.005,-0.101,89.4326
1565124706,35.21835354,-97.47324237,346.053,10.839,0.55,4.426,30.532,0.005,-0.16,89.5339
1565124707,35.21835225,-97.47314075,346.084,8.702,1,4.426,30.532,0.005,-0.112,91.4928
1565124708,35.21835091,-97.47307893,346.173,5.123,1.12,4.426,30.532,0.005,-0.047,92.782
1565124709,35.21835628,-97.47306252,343.786,1.775,0.73,4.426,30.532,0.005,-0.558,89.5233
1565124710,35.21835361,-97.47304914,344.69,0.717,0.72,4.426,8.797,0.005,-0.282,90.7231
1565124711,35.21835087,-97.47304519,345.381,0.113,0.62,4.426,8.797,0.005,-0.112,144.5405
1565124712,35.21834917,-97.47304486,345.44,0.113,0.75,4.426,8.797,0.005,-0.102,186.3845
1565124713,35.21834685,-97.47304496,346.013,0.116,0.79,4.426,8.797,0.005,0.019,244.6099
1565124714,35.21834576,-97.47304492,346.15,0.05,0.75,4.426,8.797,0.005,0.005,265.674
1565124715,35.21834325,-97.47304138,347.272,0.487,0.67,4.426,8.797,0.005,0.313,88.6202
1565124716,35.21834503,-97.4730381,346.906,0.141,0.58,4.426,8.797,0.005,0.068,52.18
1565124717,35.21834559,-97.47303791,346.923,0.025,0.55,4.426,8.797,0.005,0.017,0
1565124718,35.2183479,-97.47303789,346.646,0.181,0.65,4.426,8.797,0.005,-0.117,354.9029
1565124719,35.21834819,-97.47303677,347.9,0.367,0.58,4.426,8.797,0.005,0.267,56.4012
1565124720,35.21834949,-97.47303596,347.94,0.031,0.64,4.426,8.797,0.005,0.163,161.8883
1565124721,35.21834956,-97.47303657,348.276,0.08,0.67,4.426,8.797,0.005,0.189,205.6914
1565124722,35.21834905,-97.47303708,348.65,0.125,0.65,4.426,8.797,0.005,0.243,168.3711
1565124723,35.21835009,-97.47303762,348.555,0.048,0.62,4.426,8.797,0.005,0.105,318.6661
1565124724,35.21835168,-97.47303647,348.341,0.199,0.66,4.426,8.797,0.005,-0.054,64.1258
1565124725,35.21835296,-97.47303636,348.156,0.094,0.71,4.426,8.797,0.005,-0.118,51.2814
1565124726,35.21835028,-97.47302645,348.838,1.394,0.98,4.426,8.797,0.005,0.135,104.136
1565124727,35.21834887,-97.47299163,349.701,3.643,0.98,4.426,8.797,0.005,0.412,92.8409
1565124728,35.21835027,-97.47292536,349.829,6.412,0.96,4.426,8.797,0.005,0.351,90.0268
1565124729,35.21834925,-97.47283701,350.371,8.441,0.98,4.426,8.797,0.005,0.385,91.4305
1565124730,35.21834965,-97.47273033,350.411,9.836,0.9,4.426,8.797,0.005,0.305,90.0405
1565124731,35.21835257,-97.47261499,350.472,10.624,0.9,4.426,8.797,0.005,0.242,87.9516
1565124732,35.21835392,-97.47249365,350.903,11.252,0.88,4.426,8.797,0.005,0.295,89.6259
1565124733,35.21835625,-97.47237148,351.645,11.29,0.87,4.426,8.797,0.005,0.421,89.2095
1565124734,35.21836134,-97.47223572,351.158,12.24,0.84,4.426,8.797,0.005,0.208,87.8787
1565124735,35.21836528,-97.47209612,351.389,12.843,0.83,4.426,10.35,0.005,0.219,88.6158
1565124736,35.2183691,-97.47194828,350.996,13.403,0.77,4.426,8.797,0.005,0.048,88.9416
1565124737,35.21837272,-97.47179534,350.687,13.918,0.76,4.426,8.797,0.005,-0.059,89.123
1565124738,35.21837527,-97.47164218,351.327,14.112,0.77,4.426,8.797,0.005,0.105,89.5046
1565124739,35.21837807,-97.4714833,351.581,14.575,0.81,4.426,8.797,0.005,0.114,89.4009
1565124740,35.21838195,-97.47131809,351.075,15.027,0.93,4.426,8.797,0.005,-0.051,89.1164
1565124741,35.21838309,-97.47115529,351.798,14.922,0.93,4.426,8.797,0.005,0.127,90.1104
1565124742,35.2183859,-97.47098793,351.634,15.13,0.92,4.426,8.797,0.005,0.031,89.3879
1565124743,35.21838962,-97.47081934,350.98,15.185,1.08,4.426,8.797,0.005,-0.168,89.0901
1565124744,35.21839244,-97.47065188,350.988,15.301,1.05,4.426,8.797,0.005,-0.149,89.2865
1565124745,35.21839362,-97.47048691,351.2,15.146,1.04,4.426,8.797,0.005,-0.099,89.8745
1565124746,35.21839452,-97.47032062,351.198,15.196,1.1,4.426,8.797,0.005,-0.125,90.0365
1565124747,35.21839414,-97.47015497,351.588,15.347,1.03,4.426,8.797,0.005,-0.026,90.4329
1565124748,35.21839416,-97.46998407,351.758,15.767,1.04,4.426,8.797,0.005,-0.001,90.1319
1565124749,35.21839392,-97.46981059,352.229,16.046,1.05,4.426,8.797,0.005,0.084,90.037
1565124750,35.21839411,-97.46963532,352.46,16.054,1.11,4.426,8.797,0.005,0.086,89.9556
1565124751,35.21839515,-97.46945042,352.556,16.898,1.16,4.426,8.797,0.005,0.091,89.761
1565124752,35.21839579,-97.46926607,352.542,16.646,1.19,4.426,10.35,0.005,0.047,89.9879
1565124753,35.21839731,-97.46907956,351.974,16.761,1.12,4.426,10.35,0.005,-0.16,89.8238
1565124754,35.21839834,-97.4688947,351.76,16.842,1.13,4.426,8.797,0.005,-0.232,89.6935
1565124755,35.21839954,-97.46870864,351.26,16.847,1.08,4.426,8.797,0.005,-0.369,89.6969
1565124756,35.21839983,-97.468523,350.989,16.985,1.11,4.426,8.797,0.005,-0.415,89.755
1565124757,35.21839694,-97.46834838,351.842,16.453,1.11,4.426,8.797,0.005,-0.233,90.3656
1565124758,35.21839266,-97.46817969,353.573,16.339,1.09,4.426,8.797,0.005,0.146,90.2329
1565124759,35.2183924,-97.46799978,354.134,16.569,1.15,4.426,8.797,0.005,0.211,89.7944
1565124760,35.21839511,-97.46781201,353.603,16.854,1.06,4.426,8.797,0.005,-0.018,89.6663
1565124761,35.21839543,-97.46763037,353.987,16.972,1.02,4.426,8.797,0.005,-0.01,89.4811
1565124762,35.21840224,-97.46743245,352.518,17.606,1.16,4.426,8.797,0.005,-0.408,88.4249
1565124763,35.21840386,-97.46724958,352.541,16.871,1.37,4.426,8.797,0.005,-0.345,89.2133
1565124764,35.21840539,-97.46706394,352.37,17.023,1.22,4.426,8.797,0.005,-0.311,89.0561
1565124765,35.21840588,-97.46687745,352.276,17.049,1.31,4.426,8.797,0.005,-0.285,89.736
1565124766,35.21840457,-97.46668586,352.326,17.469,1.33,4.426,8.797,0.005,-0.227,90.1961
1565124767,35.21839939,-97.46650145,353.226,17.187,1.37,4.426,8.797,0.005,-0.023,90.9657
1565124768,35.21839515,-97.46631339,353.53,17.196,1.38,4.426,10.35,0.005,0.002,91.1885
1565124769,35.21839504,-97.46612149,353.373,17.312,1.44,4.426,10.35,0.005,-0.061,90.0592
1565124770,35.21839182,-97.46593764,354.695,17.336,1.34,4.426,10.35,0.005,0.185,90.3911
1565124771,35.2183892,-97.46574807,353.684,16.888,1.35,4.426,10.35,0.005,-0.112,91.7663
1565124772,35.21836589,-97.46556201,352.77,17.028,1.41,4.426,11.098,0.005,-0.349,98.5945
1565124773,35.21837735,-97.46536778,354.091,17.689,1.48,4.426,12.592,0.005,-0.026,87.7594
1565124774,35.21837601,-97.46518029,355.359,17.57,1.57,4.426,11.443,0.005,0.191,89.5606
1565124775,35.2183748,-97.46498544,355.653,17.788,1.66,4.426,11.385,0.005,0.201,90.6544
1565124776,35.21837396,-97.4647821,354.902,18.057,1.65,4.426,12.707,0.005,-0.003,90.9256
1565124777,35.21836915,-97.46459322,355.952,17.639,1.41,4.426,11.385,0.005,0.184,91.137
1565124778,35.21836801,-97.46440575,357.693,17.538,1.28,4.426,11.385,0.005,0.494,89.3801
1565124779,35.21837052,-97.46419832,356.725,18.131,1.26,4.426,11.385,0.005,0.221,90.1439
1565124780,35.21836198,-97.46400127,356.524,17.77,1.44,4.426,11.385,0.005,0.09,93.4027
1565124781,35.21834012,-97.46382321,358.435,17.049,1.37,4.426,12.535,0.005,0.389,96.3239
1565124782,35.21831378,-97.46365106,359.783,16.13,1.52,4.426,12.535,0.005,0.538,98.687
1565124783,35.21831541,-97.46345421,360.013,17.04,1.47,4.426,12.535,0.005,0.517,92.1739
1565124784,35.21831654,-97.46324284,358.707,18.162,1.43,4.426,11.385,0.005,0.187,91.3815
1565124785,35.21831415,-97.46303569,357.211,18.051,1.36,4.426,9.487,0.005,-0.14,91.5518
1565124786,35.21830611,-97.46284706,356.013,16.99,1.53,4.426,9.487,0.005,-0.193,94.1662
1565124787,35.21829209,-97.46265418,354.47,17.065,1.45,4.426,27.83,0.005,-0.447,95.4428
1565124788,35.21828526,-97.4624556,351.937,17.408,1.36,4.426,11.385,0.005,-0.677,94.6372
1565124789,35.21827907,-97.46226419,351.263,17.188,1.42,4.426,10.35,0.005,-0.578,93.088
1565124790,35.21827505,-97.46208205,351.548,16.439,1.28,4.426,10.35,0.005,-0.305,92.2793
1565124791,35.21828155,-97.4618864,351.325,17.253,1.42,4.426,9.027,0.005,-0.232,88.4799
1565124792,35.21828592,-97.46169292,350.793,17.252,1.69,4.426,11.27,0.005,-0.288,88.7974
1565124793,35.2182695,-97.46153173,352.265,15.699,1.52,4.426,11.27,0.005,-0.007,93.6479
1565124794,35.21824003,-97.46139455,354.14,13.84,1.41,4.426,9.315,0.005,0.362,99.4103
1565124795,35.21822337,-97.46123414,355.024,14.506,1.4,4.426,9.315,0.005,0.465,98.2394
1565124796,35.21823554,-97.46104974,354.533,15.005,1.5,4.426,9.487,0.005,0.327,90.1795
1565124797,35.21824269,-97.46087819,354.503,14.85,1.35,4.426,11.155,0.005,0.323,89.4623
1565124798,35.21825053,-97.46070292,353.547,14.907,1.42,4.426,9.43,0.005,0.055,88.456
1565124799,35.2182551,-97.46055133,353.297,13.272,1.5,4.426,9.085,0.005,0.02,88.4228
1565124800,35.21822606,-97.46043353,351.637,10.666,1.36,4.426,9.43,0.005,-0.206,99.0525
1565124801,35.21821842,-97.460316,351.138,9.747,1.29,4.426,9.315,0.005,-0.249,98.1343
1565124802,35.21822945,-97.46019169,350.706,10.21,1.33,4.426,9.085,0.005,-0.308,89.7421
1565124803,35.21823539,-97.46007509,350.569,10.025,1.31,4.426,9.085,0.005,-0.309,89.3848
1565124804,35.21824433,-97.4599654,348.939,8.966,1.33,4.426,9.085,0.005,-0.619,86.4212
1565124805,35.2182527,-97.45987649,348.335,7.596,1.42,4.426,9.085,0.005,-0.66,87.2234
1565124806,35.21826036,-97.45981061,348.726,5.761,1.29,4.426,10.695,0.005,-0.473,88.872
1565124807,35.21825534,-97.45977107,348.423,3.637,1.2,4.426,10.695,0.005,-0.363,88.6675
1565124808,35.21825575,-97.45973981,347.629,2.4,1.15,4.426,8.797,0.005,-0.444,88.6599
1565124809,35.21826258,-97.45971948,346.99,1.196,1.17,4.426,8.797,0.005,-0.495,72.3929
1565124810,35.21826794,-97.45970474,345.627,0.805,1.15,4.426,8.797,0.005,-0.673,58.0299
1565124811,35.21827138,-97.45969432,344.584,0.555,1.1,4.426,8.797,0.005,-0.772,60.2381
1565124812,35.2182776,-97.45968352,344.074,0.751,1.1,4.426,8.797,0.005,-0.805,60.291
1565124813,35.21828333,-97.45967881,345.047,0.351,1.09,4.426,8.797,0.005,-0.538,56.0099
1565124814,35.21828804,-97.45966809,344.358,0.847,1.15,4.426,9.832,0.005,-0.679,63.2239
1565124815,35.21828876,-97.45966244,344.418,0.63,1.12,4.426,9.487,0.005,-0.591,51.3796
1565124816,35.21828955,-97.45965991,344.554,0.275,0.99,4.426,9.487,0.005,-0.543,43.3813
1565124817,35.21829351,-97.4596561,345.093,0.417,1.15,4.426,8.797,0.005,-0.416,49.759
1565124818,35.21829171,-97.45966276,346.728,0.386,1.07,4.426,9.085,0.005,-0.061,234.0229
1565124819,35.21829465,-97.45966622,348.07,0.172,1.2,4.426,9.085,0.005,0.12,218.9213
1565124820,35.2182941,-97.4596712,349.162,0.472,1.28,4.426,9.085,0.005,0.231,230.8855
1565124821,35.21829608,-97.45967448,349.822,0.266,1.19,4.426,9.832,0.005,0.222,230.553
1565124822,35.21829346,-97.45968037,349.887,0.127,1.09,4.426,9.085,0.005,0.147,223.9617
1565124823,35.2182904,-97.45968811,350.316,0.46,1.16,4.426,8.797,0.005,0.153,251.6623
1565124824,35.21828799,-97.4596935,350.539,0.168,1.1,4.426,8.797,0.005,0.153,253.7949
1565124825,35.21828473,-97.45970015,350.566,0.392,1.19,4.426,8.797,0.005,0.089,247.7183
1565124826,35.21828287,-97.45970634,349.956,0.611,1.14,4.426,8.797,0.005,-0.1,252.2294
1565124827,35.21828537,-97.45970563,349.252,0.325,1.22,4.426,10.408,0.005,-0.266,36.5565
1565124828,35.21828495,-97.45970727,349.231,0.181,1.09,4.426,10.408,0.005,-0.252,38.8543
1565124829,35.21828581,-97.45970579,349.338,0.453,1.43,4.426,10.408,0.005,-0.265,49.0608
1565124830,35.21828617,-97.45970592,349.628,0.267,1.31,4.426,11.385,0.005,-0.218,40.495
1565124831,35.21829246,-97.45969716,349.091,0.538,1.23,4.426,11.385,0.005,-0.404,63.9369
1565124832,35.21829576,-97.45969228,349.266,0.498,1.23,4.426,11.385,0.005,-0.436,61.9618
1565124833,35.2183018,-97.45968475,349.357,0.693,1.28,4.426,9.487,0.005,-0.451,51.7914
1565124834,35.21830595,-97.4596801,349.676,0.449,1.25,4.426,9.487,0.005,-0.423,48.329
1565124835,35.218312,-97.45967339,349.262,0.537,1.26,4.426,9.487,0.005,-0.521,44.9644
1565124836,35.21832081,-97.45966223,348.518,0.91,1.26,4.426,9.487,0.005,-0.645,49.5978
1565124837,35.21833438,-97.45964148,346.785,1.444,1.27,4.426,9.487,0.005,-0.937,57.1088
1565124838,35.21833677,-97.45963567,346.825,0.548,1.16,4.426,9.487,0.005,-0.779,59.2042
1565124839,35.21834111,-97.45962872,346.767,0.729,1.25,4.426,9.43,0.005,-0.683,49.838
1565124840,35.21834649,-97.45962153,346.615,0.69,1.28,4.426,9.43,0.005,-0.615,45.5866
1565124841,35.21834883,-97.45961837,346.751,0.397,1.22,4.426,9.43,0.005,-0.517,39.9286
1565124842,35.21835312,-97.45961218,346.319,0.49,1.24,4.426,9.487,0.005,-0.534,43.955
1565124843,35.21835459,-97.45960944,346.505,0.312,1.17,4.426,9.43,0.005,-0.422,37.0694
1565124844,35.21835417,-97.45960859,346.916,0.032,0.87,4.426,9.43,0.005,-0.287,12.854
1565124845,35.21835638,-97.45960407,346.69,0.103,1.02,4.426,9.43,0.005,-0.272,47.7896
1565124846,35.21835927,-97.45959901,346.324,0.221,1.12,4.426,9.43,0.005,-0.324,40.6853
1565124847,35.21836278,-97.45958986,345.997,0.498,1.19,4.426,9.43,0.005,-0.304,70.5636
1565124848,35.21836321,-97.45957805,346.277,1.073,1.11,4.426,9.43,0.005,-0.15,90.219
1565124849,35.21835396,-97.45956829,347.731,1.585,1.05,4.426,9.43,0.005,0.146,109.1374
1565124850,35.21834508,-97.45954868,349.49,2.451,1.06,4.426,9.43,0.005,0.417,102.4148
1565124851,35.21833422,-97.45951903,351.527,3.442,0.98,4.426,9.43,0.005,0.664,102.8046
1565124852,35.21832436,-97.4594839,354.255,3.756,1.05,4.426,9.43,0.005,1.065,100.971
1565124853,35.21832618,-97.45942027,354.629,5.533,1.14,4.426,9.43,0.005,0.949,93.5179
1565124854,35.21832424,-97.45934819,355.87,6.446,1.12,4.426,8.74,0.005,1.069,95.6271
1565124855,35.21832487,-97.45926192,356.846,7.637,1.04,4.426,8.74,0.005,1.102,92.7154
1565124856,35.21832641,-97.45915892,357.142,8.732,1.02,4.426,8.74,0.005,1.084,93.3353
1565124857,35.21832712,-97.45905165,357.238,9.232,1.01,4.426,10.408,0.005,0.952,92.7296
1565124858,35.21833173,-97.45892892,356.376,10.516,1.09,4.426,10.408,0.005,0.554,90.532
1565124859,35.21833255,-97.45880098,356.351,11.471,1.12,4.426,10.408,0.005,0.429,91.0833
1565124860,35.21833343,-97.45866621,356.577,12.122,1.1,4.426,10.408,0.005,0.42,90.3012
1565124861,35.21833325,-97.45852542,356.57,12.413,1.06,4.426,10.408,0.005,0.38,91.4643
1565124862,35.2183264,-97.45839544,358.149,12.253,0.98,4.426,10.408,0.005,0.562,92.8299
1565124863,35.2183279,-97.45824252,357.567,13.094,1.03,4.426,8.74,0.005,0.374,91.2084
1565124864,35.21832355,-97.45810138,359.031,13.179,1.02,4.426,10.408,0.005,0.573,91.3339
1565124865,35.21832181,-97.45794778,359.148,13.358,1.01,4.426,8.74,0.005,0.581,92.7578
1565124866,35.21831839,-97.4577914,359.339,13.744,1.01,4.426,10.408,0.005,0.559,92.5142
1565124867,35.21831836,-97.45762595,358.269,14.204,1.07,4.426,10.408,0.005,0.223,92.1664
1565124868,35.2183179,-97.457458,357.683,14.803,1.08,4.426,10.408,0.005,0.075,91.3426
1565124869,35.21832026,-97.4572812,356.376,15.38,1.05,4.426,10.408,0.005,-0.215,91.0309
1565124870,35.21831994,-97.45710249,355.731,15.863,1.04,4.426,10.408,0.005,-0.295,90.8848
1565124871,35.21831799,-97.45692952,355.536,15.57,1.1,4.426,10.408,0.005,-0.221,90.9572
1565124872,35.21831577,-97.45675679,355.399,15.553,1.26,4.426,10.638,0.005,-0.108,91.0267
1565124873,35.21832071,-97.45657276,354.224,16.099,1.13,4.426,10.638,0.005,-0.261,89.5178
1565124874,35.21832214,-97.45639509,353.671,15.797,1.01,4.426,10.408,0.005,-0.245,90.437
1565124875,35.21832087,-97.45621583,353.228,16.074,1.05,4.426,10.408,0.005,-0.239,91.3619
1565124876,35.21831886,-97.45603476,352.763,16.153,1.06,4.426,10.408,0.005,-0.251,90.9778
1565124877,35.21831928,-97.45584896,352.074,16.557,1.13,4.426,10.408,0.005,-0.314,90.4608
1565124878,35.21831957,-97.45566274,351.837,16.787,1.11,4.426,10.408,0.005,-0.282,90.2396
1565124879,35.21832074,-97.45547393,351.324,16.912,1.07,4.426,10.408,0.005,-0.32,90.1469
1565124880,35.21832383,-97.4552872,350.509,16.597,1.08,4.426,10.408,0.005,-0.421,89.5648
1565124881,35.21832515,-97.45510782,350.181,16.216,1.05,4.426,10.408,0.005,-0.391,90.0186
1565124882,35.2183288,-97.45492514,349.26,16.464,1.09,4.426,10.408,0.005,-0.503,89.4023
1565124883,35.21833119,-97.4547416,348.313,16.505,1.06,4.426,10.408,0.005,-0.613,90.0288
1565124884,35.21833296,-97.45456292,347.809,16.215,1,4.426,10.408,0.005,-0.595,89.5549
1565124885,35.21833514,-97.45438582,347.397,16.194,1.08,4.426,10.408,0.005,-0.577,89.4239
1565124886,35.21833242,-97.4542182,348.345,15.763,1.03,4.426,10.408,0.005,-0.208,90.0881
1565124887,35.21832912,-97.45404744,348.708,15.695,1.06,4.426,10.408,0.005,-0.043,91.1416
1565124888,35.21832954,-97.45387163,348.485,15.846,1.09,4.426,10.408,0.005,-0.052,90.3551
1565124889,35.21833134,-97.45369357,348.203,16.046,1.06,4.426,10.408,0.005,-0.088,89.9972
1565124890,35.21833064,-97.45351747,347.568,15.673,1.22,4.426,10.408,0.005,-0.209,91.3852
1565124891,35.21832915,-97.45334693,347.507,15.505,1.11,4.426,10.408,0.005,-0.163,90.5239
1565124892,35.21832986,-97.45317125,346.718,15.701,1.07,4.426,10.408,0.005,-0.305,90.5109
1565124893,35.2183306,-97.45299524,345.926,15.783,1.06,4.426,10.408,0.005,-0.409,90.152
1565124894,35.21832961,-97.45282451,346.359,15.85,1.08,4.426,10.408,0.005,-0.182,89.7569
1565124895,35.21832896,-97.45265102,346.236,15.771,1.14,4.426,10.408,0.005,-0.136,90.5398
1565124896,35.21832746,-97.45247881,346.472,15.798,1.2,4.426,10.408,0.005,-0.032,90.3617
1565124897,35.21832383,-97.45230919,346.505,15.427,1.16,4.426,10.408,0.005,-0.004,91.5801
1565124898,35.21832726,-97.45212462,344.823,16.007,1.17,4.426,10.408,0.005,-0.319,89.7639
1565124899,35.2183289,-97.45194031,343.438,16.2,1.08,4.426,8.74,0.005,-0.505,90.2976
1565124900,35.2183275,-97.45176541,343.137,15.871,1.07,4.426,8.74,0.005,-0.438,90.608
1565124901,35.21832847,-97.45158842,342.447,15.834,1.02,4.426,8.74,0.005,-0.454,89.9025
1565124902,35.21833259,-97.45140935,341.505,15.929,0.96,4.426,8.74,0.005,-0.531,88.96
1565124903,35.21833537,-97.45123358,341.05,15.8,0.97,4.426,8.74,0.005,-0.457,89.1851
1565124904,35.21833757,-97.45106097,340.41,15.414,0.91,4.426,8.74,0.005,-0.425,89.3856
1565124905,35.21834132,-97.45089094,339.855,15.188,0.91,4.426,8.74,0.005,-0.401,88.9794
1565124906,35.21834255,-97.4507313,339.785,14.389,0.9,4.426,8.74,0.005,-0.254,90.2109
1565124907,35.21834644,-97.45057697,339.173,13.773,0.94,4.426,8.74,0.005,-0.333,88.8682
1565124908,35.21834977,-97.45042627,338.633,13.53,0.97,4.426,8.74,0.005,-0.369,89
1565124909,35.21835254,-97.45028239,338.284,13.018,0.94,4.426,8.74,0.005,-0.359,89.0999
1565124910,35.21835539,-97.45014076,337.628,12.801,0.99,4.426,8.74,0.005,-0.417,89.1221
1565124911,35.21835803,-97.44999936,336.848,12.935,0.92,4.426,8.74,0.005,-0.536,89.5156
1565124912,35.21835584,-97.44986603,337.4,12.472,0.95,4.426,8.74,0.005,-0.287,90.9264
1565124913,35.21835449,-97.44972903,336.903,12.379,0.93,4.426,8.74,0.005,-0.371,90.2052
1565124914,35.21835195,-97.44959928,336.937,11.938,0.9,4.426,8.74,0.005,-0.319,90.6801
1565124915,35.218353,-97.44947024,337.015,11.846,0.85,4.426,8.74,0.005,-0.276,88.8812
1565124916,35.21836457,-97.44934608,337.346,11.654,0.83,4.426,9.258,0.005,-0.221,80.8276
1565124917,35.21839457,-97.4492227,337.33,11.888,1.05,4.426,9.258,0.005,-0.177,70.7477
1565124918,35.21843494,-97.44911338,337.368,11.322,0.95,4.426,16.503,0.005,-0.195,65.387
1565124919,35.21847997,-97.44900759,337.971,11.665,0.78,4.426,13.34,0.005,-0.157,62.6358
1565124920,35.21852781,-97.44890052,338.948,11.911,0.8,4.426,8.74,0.005,-0.036,62.1167
1565124921,35.21857647,-97.44879076,339.641,11.975,0.78,4.426,8.74,0.005,0.034,62.4781
1565124922,35.21862433,-97.44868086,339.628,11.705,0.79,4.426,8.74,0.005,-0.051,62.203
1565124923,35.21867122,-97.44857021,339.8,11.787,0.79,4.426,8.74,0.005,-0.074,62.7276
1565124924,35.2187163,-97.44845775,339.964,11.711,0.8,4.426,8.74,0.005,-0.096,63.9906
1565124925,35.21876283,-97.44833977,340.124,12.303,0.81,4.426,8.74,0.005,-0.087,64.4177
1565124926,35.2188134,-97.44821817,341.14,12.683,0.84,4.426,8.74,0.005,0.085,63.3903
1565124927,35.21886505,-97.44809822,340.08,12.509,0.86,4.426,8.74,0.005,-0.158,61.4677
1565124928,35.21891939,-97.44798311,338.128,12.267,0.9,4.426,8.74,0.005,-0.517,59.49
1565124929,35.21896904,-97.44786718,337.538,12.062,0.84,4.426,9.258,0.005,-0.573,62.4325
1565124930,35.21900624,-97.4477591,337.692,10.653,0.99,4.426,9.258,0.005,-0.495,67.7474
1565124931,35.21904846,-97.44765273,337.437,10.935,1.05,4.426,10.465,0.005,-0.504,64.3252
1565124932,35.21909215,-97.44754579,337.696,10.96,1.02,4.426,10.982,0.005,-0.436,63.6698
1565124933,35.21913664,-97.44744308,338.178,10.724,1,4.426,10.982,0.005,-0.358,62.4916
1565124934,35.21917668,-97.44734132,339.116,10.209,0.87,4.426,10.982,0.005,-0.197,64.0947
1565124935,35.21921902,-97.44723918,339.327,10.513,0.8,4.426,10.465,0.005,-0.189,63.0766
1565124936,35.21926515,-97.44713465,339.516,10.964,0.78,4.426,10.465,0.005,-0.18,62.2263
1565124937,35.21931415,-97.44702459,340.294,11.482,0.76,4.426,9.2,0.005,-0.053,62.3662
1565124938,35.21936402,-97.44691109,340.485,11.792,0.76,4.426,9.2,0.005,-0.024,62.733
1565124939,35.21941552,-97.4467933,340.593,12.225,0.75,4.426,9.2,0.005,-0.027,62.5377
1565124940,35.21946607,-97.44667215,340.467,12.429,0.76,4.426,9.2,0.005,-0.051,63.5082
1565124941,35.21951797,-97.44654958,340.426,12.554,0.77,4.426,9.2,0.005,-0.035,63.2248
1565124942,35.21957094,-97.44642279,340.58,13.034,0.78,4.426,9.2,0.005,-0.036,63.4443
1565124943,35.21962392,-97.44629439,340.785,13,0.77,4.426,9.2,0.005,-0.012,63.0275
1565124944,35.21967491,-97.4461698,341.076,12.589,0.76,4.426,9.2,0.005,0.004,63.0099
1565124945,35.21972536,-97.44604905,341.071,12.296,0.8,4.426,9.2,0.005,-0.033,63.0734
1565124946,35.21977587,-97.44593101,341.024,12.091,0.87,4.426,9.2,0.005,-0.079,62.1409
1565124947,35.2198271,-97.44581506,341.052,11.921,0.77,4.426,9.2,0.005,-0.08,61.8394
1565124948,35.21987539,-97.44570256,341.023,11.45,0.77,4.426,9.2,0.005,-0.095,62.8056
1565124949,35.21992355,-97.44559093,340.996,11.417,0.81,4.426,9.2,0.005,-0.103,62.5502
1565124950,35.21997175,-97.44547885,341.362,11.517,0.79,4.426,9.2,0.005,-0.062,62.833
1565124951,35.22002094,-97.4453656,341.763,11.719,0.78,4.426,9.2,0.005,-0.015,62.5822
1565124952,35.2200687,-97.44525163,341.523,11.67,0.79,4.426,9.2,0.005,-0.081,62.8087
1565124953,35.22011651,-97.44513745,342.037,11.749,0.77,4.426,9.2,0.005,-0.023,63.364
1565124954,35.22016604,-97.44502143,342.177,11.975,0.77,4.426,9.2,0.005,-0.034,62.0216
1565124955,35.2202166,-97.44490544,342.189,12.045,0.76,4.426,9.2,0.005,-0.069,61.9324
1565124956,35.22026633,-97.44478915,342.194,11.982,0.76,4.426,9.2,0.005,-0.093,62.6044
1565124957,35.22031656,-97.44467188,342.605,12.175,0.76,4.426,9.2,0.005,-0.054,62.5751
1565124958,35.2203634,-97.44455644,342.803,11.75,0.78,4.426,9.2,0.005,-0.059,63.9591
1565124959,35.22041018,-97.44444027,343.047,11.882,0.74,4.426,9.2,0.005,-0.037,63.9599
1565124960,35.22046006,-97.44432284,343.183,12.118,0.76,4.426,9.2,0.005,-0.039,62.4914
1565124961,35.22051219,-97.44420457,345.359,12.182,0.74,4.426,9.2,0.005,0.321,63.2167
1565124962,35.22055953,-97.44408671,345.757,11.919,0.74,4.426,9.2,0.005,0.263,63.8049
1565124963,35.22060836,-97.4439694,346.665,11.984,0.72,4.426,8.74,0.005,0.289,63.2035
1565124964,35.22065619,-97.4438523,347.212,11.939,0.72,4.426,9.2,0.005,0.255,63.2965
1565124965,35.22070314,-97.44373483,347.253,11.953,0.72,4.426,9.2,0.005,0.168,63.6553
1565124966,35.22075394,-97.44361904,346.917,12.001,0.78,4.426,9.2,0.005,0.019,60.4239
1565124967,35.22080559,-97.44350087,346.983,12.181,0.73,4.426,9.2,0.005,-0.012,62.5535
1565124968,35.22085625,-97.44338261,347.328,12.094,0.73,4.426,9.2,0.005,-0.035,62.771
1565124969,35.22090601,-97.44326791,347.778,11.71,0.74,4.426,9.2,0.005,-0.056,62.2609
1565124970,35.22095525,-97.44315844,348.449,11.279,0.89,4.426,9.2,0.005,0.001,61.6191
1565124971,35.22100176,-97.44305249,348.734,10.88,0.85,4.426,9.2,0.005,-0.001,62.1631
1565124972,35.22104605,-97.4429513,348.57,10.392,0.79,4.426,9.2,0.005,-0.074,61.7179
1565124973,35.22108842,-97.44285255,348.154,10.097,0.82,4.426,9.2,0.005,-0.207,62.3387
1565124974,35.22113013,-97.4427502,345.759,10.528,0.89,4.426,9.2,0.005,-0.689,62.0043
1565124975,35.22117106,-97.44265112,343.437,10.044,0.86,4.426,9.2,0.005,-1.034,62.3591
1565124976,35.22120545,-97.44256683,343.286,8.297,0.96,4.426,10.408,0.005,-0.915,63.9412
1565124977,35.22123312,-97.44249975,343.341,6.645,0.89,4.426,10.408,0.005,-0.819,64.0857
1565124978,35.22125597,-97.44244565,343.652,5.384,0.95,4.426,10.408,0.005,-0.723,62.8496
1565124979,35.22127437,-97.44240162,344.106,4.351,0.94,4.426,9.372,0.005,-0.622,64.8804
1565124980,35.22128722,-97.4423705,344.635,3.054,0.87,4.426,9.372,0.005,-0.513,64.1951
1565124981,35.22129576,-97.4423502,345.045,1.921,0.83,4.426,10.408,0.005,-0.456,65.4151
1565124982,35.22130147,-97.44233968,345.587,0.987,0.83,4.426,10.408,0.005,-0.376,63.7225
1565124983,35.22130418,-97.44233603,346.548,0.296,0.89,4.426,9.2,0.005,-0.243,82.8304
1565124984,35.22130544,-97.44233595,346.905,0.025,0.99,4.426,9.2,0.005,-0.235,256.9298
1565124985,35.22130767,-97.44233741,347.249,0.146,0.96,4.426,9.2,0.005,-0.223,325.3463
1565124986,35.22130965,-97.44233909,348.046,0.085,0.93,4.426,9.2,0.005,-0.15,292.2469
1565124987,35.22131107,-97.44233958,348.88,0.035,0.91,4.426,9.2,0.005,-0.06,101.1782
1565124988,35.22131292,-97.44234109,349.059,0.162,0.93,4.426,9.2,0.005,-0.111,329.2702
1565124989,35.2213152,-97.44234244,349.689,0.048,0.93,4.426,9.2,0.005,-0.078,333.1159
1565124990,35.22131712,-97.44234315,350.184,0.063,0.95,4.426,10.408,0.005,-0.053,350.525
1565124991,35.22131677,-97.44234273,351.175,0.217,0.95,4.426,9.2,0.005,0.029,174.8716
1565124992,35.221319,-97.44234241,351.432,0.087,0.79,4.426,9.2,0.005,-0.031,83.4224
1565124993,35.22132208,-97.44234245,351.92,0.025,0.87,4.426,9.2,0.005,-0.014,293.9158
1565124994,35.22132657,-97.44234305,352.515,0.143,0.87,4.426,9.2,0.005,0.013,331.3349
1565124995,35.22132945,-97.4423437,352.565,0.049,0.81,4.426,9.2,0.005,-0.035,240.1705
1565124996,35.22133202,-97.44234428,352.836,0.102,0.87,4.426,9.2,0.005,-0.054,328.7993
1565124997,35.22133255,-97.44234408,353.43,0.054,0.92,4.426,9.143,0.005,-0.001,153.8655
1565124998,35.22133365,-97.44234425,353.655,0.133,0.84,4.426,9.143,0.005,-0.021,311.4743
1565124999,35.22133433,-97.44234393,354.173,0.061,0.85,4.426,9.143,0.005,0.03,163.0608
1565125000,35.22133492,-97.44234424,354.705,0.045,0.84,4.426,9.143,0.005,0.037,76.6437
1565125001,35.22133605,-97.44234398,355.394,0.061,0.89,4.426,9.143,0.005,0.082,49.2554
1565125002,35.22133688,-97.44234417,355.87,0.045,0.91,4.426,9.143,0.005,0.086,56.2034
1565125003,35.22133978,-97.44234373,356.09,0.303,0.81,4.426,9.143,0.005,0.069,27.1904
1565125004,35.22134261,-97.4423402,356.582,0.477,0.74,4.426,9.143,0.005,0.103,64.0694
1565125005,35.22134868,-97.44233453,356.703,0.921,0.75,4.426,9.143,0.005,0.038,42.1373
1565125006,35.22135579,-97.44232486,356.625,1.21,0.74,4.426,9.143,0.005,-0.051,54.102
1565125007,35.22136363,-97.4423114,356.624,1.582,0.8,4.426,9.143,0.005,-0.131,57.4529
1565125008,35.22137234,-97.44228926,356.539,2.398,0.88,4.426,8.682,0.005,-0.21,66.1797
1565125009,35.22137795,-97.44226052,354.375,2.644,0.85,4.426,8.682,0.005,-0.63,77.6162
1565125010,35.22138581,-97.44221749,351.821,4.121,0.86,4.426,8.682,0.005,-1.009,75.5162
1565125011,35.22140291,-97.44215678,351.561,5.934,0.75,4.426,8.682,0.005,-0.948,67.6089
1565125012,35.22143433,-97.44208778,349.104,7.307,0.82,4.426,8.682,0.005,-1.289,57.6586
1565125013,35.22146457,-97.44200785,347.939,8.155,0.87,4.426,8.682,0.005,-1.335,66.2828
1565125014,35.22149567,-97.44193395,343.399,7.295,0.91,4.426,8.682,0.005,-1.929,58.7379
1565125015,35.22153549,-97.44187699,339.257,6.781,1,4.426,8.682,0.005,-2.335,46.7312
1565125016,35.22157506,-97.44177352,339.159,10.557,0.94,4.426,8.74,0.005,-1.933,65.0745
1565125017,35.22162238,-97.44166137,338.085,11.289,0.93,4.426,9.143,0.005,-1.704,63.1677
1565125018,35.2216778,-97.44154813,337.543,11.758,0.85,4.426,9.143,0.005,-1.468,59.7628
1565125019,35.22173664,-97.44142993,338.197,12.092,0.62,4.426,8.682,0.005,-1.107,58.7923
1565125020,35.2217948,-97.44130985,339.165,12.091,0.6,4.426,8.682,0.005,-0.822,58.2753
1565125021,35.22184724,-97.44119893,339.523,11.042,0.53,4.426,8.682,0.005,-0.673,59.5742
1565125022,35.22189835,-97.4411005,338.86,9.962,0.64,4.426,8.682,0.005,-0.674,56.8637
1565125023,35.22193626,-97.44100398,339.128,9.145,0.75,4.426,8.682,0.005,-0.584,64.6673
1565125024,35.22197221,-97.44091751,338.784,8.292,0.68,4.426,9.315,0.005,-0.592,61.6041
1565125025,35.22199834,-97.44084637,339.722,6.401,0.68,4.426,8.682,0.005,-0.409,64.8036
1565125026,35.22201896,-97.44079611,340.556,4.484,0.72,4.426,9.143,0.005,-0.272,62.9311
1565125027,35.2220303,-97.44076671,341.201,2.356,0.71,4.426,9.143,0.005,-0.204,66.1792
1565125028,35.22203372,-97.44075539,341.774,0.511,0.76,4.426,9.143,0.005,-0.152,72.1547
1565125029,35.22203443,-97.44075375,342.755,0.164,0.75,4.426,9.143,0.005,-0.048,305.4304
1565125030,35.2220333,-97.44075339,343.921,0.263,0.58,4.426,9.143,0.005,0.109,241.4541
1565125031,35.22203175,-97.44075265,344.147,0.017,0.92,4.426,9.143,0.005,0.057,101.5173
1565125032,35.22202991,-97.44074982,343.863,0.052,0.76,4.426,9.143,0.005,-0.039,39.8583
1565125033,35.22202873,-97.44074902,343.981,0.128,0.75,4.426,9.143,0.005,-0.042,277.719
1565125034,35.22202901,-97.44074744,344.214,0.229,0.84,4.426,9.143,0.005,-0.046,356.9713
1565125035,35.22202831,-97.44074561,344.688,0.153,0.73,4.426,9.143,0.005,0.006,328.5413
1565125036,35.22202871,-97.44074432,345.059,0.062,0.87,4.426,9.143,0.005,0.053,321.6401
1565125037,35.22202891,-97.44074292,345.512,0.034,0.95,4.426,10.293,0.005,0.101,294.8408
1565125038,35.22202856,-97.44074165,345.811,0.056,0.93,4.426,10.293,0.005,0.112,7.9628
1565125039,35.22202823,-97.4407394,345.913,0.102,0.84,4.426,10.293,0.005,0.106,111.9041
1565125040,35.22202736,-97.44073738,345.964,0.073,0.86,4.426,10.293,0.005,0.09,101.3733
1565125041,35.22202699,-97.44073584,346.109,0.041,0.88,4.426,10.293,0.005,0.08,65.6963
1565125042,35.22203005,-97.44072755,346.339,0.974,0.57,4.426,10.293,0.005,0.061,65.1281
1565125043,35.22204323,-97.44070036,346.47,3.267,0.68,4.426,9.143,0.005,0.008,60.9688
1565125044,35.22206347,-97.44065075,346.531,5.276,0.52,4.426,9.143,0.005,-0.055,63.6752
1565125045,35.22208744,-97.44058078,347.341,7.006,0.77,4.426,9.143,0.005,-0.045,63.8149
1565125046,35.22211918,-97.44049785,347.521,8.396,0.83,4.426,8.682,0.005,-0.079,65.2138
1565125047,35.22215539,-97.4404034,347.119,9.472,0.62,4.426,8.682,0.005,-0.208,64.4301
1565125049,35.22224161,-97.44020539,347.127,10.214,0.74,4.426,8.682,0.005,-0.198,61.5559
1565125050,35.22228477,-97.4401051,347.419,10.119,0.6,4.426,8.682,0.005,-0.134,62.8868
1565125050,35.22228477,-97.4401051,347.419,10.119,0.6,4.426,8.682,0.005,-0.134,62.8868
1565125052,35.22236725,-97.43991543,347.86,9.13,0.76,4.426,8.682,0.005,-0.114,62.2232
1565125053,35.22240459,-97.43983077,348.356,8.624,0.72,4.426,8.682,0.005,-0.072,62.3288
1565125054,35.22243496,-97.43975366,349.045,7.422,0.71,4.426,8.682,0.005,0.019,63.8837
1565125055,35.22245927,-97.43969171,349.368,5.823,0.75,4.426,8.682,0.005,0.04,63.307
1565125056,35.22247963,-97.43964648,349.861,4.329,0.67,4.426,8.682,0.005,0.09,60.9359
1565125057,35.22249362,-97.43961448,350.194,2.897,0.63,4.426,8.682,0.005,0.065,60.0291
1565125058,35.22250234,-97.43959322,350.21,1.724,0.7,4.426,8.682,0.005,0.048,62.412
1565125059,35.22250684,-97.43958594,351.099,0.494,0.72,4.426,8.682,0.005,0.111,50.5986
1565125060,35.22250776,-97.43958348,351.197,0.04,0.91,4.426,8.682,0.005,0.079,41.1677
1565125061,35.22250696,-97.43958278,351.445,0.091,0.74,4.426,8.682,0.005,0.075,189.8113
1565125062,35.22250884,-97.43958198,351.704,0.238,0.85,4.426,8.682,0.005,0.07,12.2432
1565125063,35.22250978,-97.43958097,351.886,0.078,0.92,4.426,8.682,0.005,0.05,14.8082
1565125064,35.22251129,-97.43958066,352.272,0.062,0.87,4.426,8.682,0.005,0.069,353.1889
1565125065,35.22251321,-97.43957963,352.543,0.209,0.85,4.426,8.682,0.005,0.045,16.7529
1565125066,35.22251472,-97.43957872,353.154,0.054,0.91,4.426,8.682,0.005,0.083,16.3683
1565125067,35.22251617,-97.43957812,353.777,0.03,0.87,4.426,8.682,0.005,0.096,355.946
1565125068,35.22251597,-97.43957785,354.276,0.177,0.73,4.426,8.682,0.005,0.106,191.8298
1565125069,35.22251831,-97.43957646,354.983,0.208,0.86,4.426,8.682,0.005,0.153,26.6427
1565125070,35.22251966,-97.43957527,355.639,0.035,0.81,4.426,8.682,0.005,0.187,192.778
1565125071,35.22252158,-97.43957368,356.099,0.104,0.88,4.426,8.682,0.005,0.153,16.0655
1565125072,35.22252249,-97.43957294,356.234,0.058,0.58,4.426,8.682,0.005,0.045,250.5438
1565125073,35.22252272,-97.43957257,356.197,0.051,0.63,4.426,8.682,0.005,-0.027,328.8023
1565125074,35.22252463,-97.43957044,356.365,0.246,0.67,4.426,8.682,0.005,-0.055,41.0215
1565125075,35.2225269,-97.43956734,356.634,0.316,0.67,4.426,9.315,0.005,0,51.6361
1565125076,35.22252717,-97.43956436,356.365,0.279,0.33,4.426,9.315,0.005,-0.045,108.9747
1565125077,35.22252953,-97.43955853,356.983,0.559,0.59,4.426,8.682,0.005,0.07,70.854
1565125078,35.22253429,-97.43954637,356.772,1.41,0.6,4.426,9.315,0.005,-0.002,64.7714
1565125079,35.22254659,-97.43951888,356.521,3.245,0.59,4.426,9.315,0.005,-0.049,63.853
1565125080,35.22256315,-97.43947595,355.983,4.69,0.57,4.426,8.682,0.005,-0.167,66.0347
1565125081,35.22258753,-97.43941667,356.018,6.328,0.56,4.426,8.682,0.005,-0.132,64.7389
1565125082,35.22261588,-97.43934476,356.365,7.554,0.55,4.426,8.682,0.005,-0.068,64.2672
1565125083,35.22264944,-97.43926044,356.656,8.663,0.81,4.426,8.682,0.005,-0.018,65.364
1565125084,35.22268147,-97.43917726,357.831,8.155,0.96,4.426,8.682,0.005,0.187,65.8856
1565125085,35.22271065,-97.43909141,358.324,8.569,0.95,4.426,8.682,0.005,0.175,67.1417
1565125086,35.22274442,-97.43900131,358.93,8.969,0.94,4.426,8.682,0.005,0.294,66.8537
1565125087,35.22278276,-97.43890231,358.036,10.05,0.91,4.426,8.682,0.005,0.055,63.8514
1565125088,35.22282573,-97.43879905,357.925,10.563,0.77,4.426,8.682,0.005,0.036,62.7625
1565125089,35.22287112,-97.43869388,357.641,10.773,0.72,4.426,8.682,0.005,-0.07,62.4487
1565125090,35.22291654,-97.43858686,357.247,10.926,0.7,4.426,8.682,0.005,-0.159,62.8605
1565125091,35.22296193,-97.4384796,356.859,10.955,0.73,4.426,8.682,0.005,-0.179,63.1432
1565125092,35.22300785,-97.43837005,356.961,11.306,0.59,4.426,9.085,0.005,-0.16,63.0074
1565125093,35.22305585,-97.43825809,356.821,11.426,0.75,4.426,9.085,0.005,-0.15,62.3838
1565125094,35.22310241,-97.43814437,356.838,11.595,0.6,4.426,9.085,0.005,-0.136,63.8936
1565125095,35.22314903,-97.43803167,357.036,11.377,0.58,4.426,9.085,0.005,-0.07,63.3383
1565125096,35.22319405,-97.43792204,357.227,11.086,0.55,4.426,9.085,0.005,-0.083,62.8818
1565125097,35.22323803,-97.43781699,356.921,10.824,0.95,4.426,9.085,0.005,-0.148,62.9212
1565125098,35.22328114,-97.43771099,356.509,10.89,0.92,4.426,10.753,0.005,-0.251,63.3188
1565125099,35.22332349,-97.4376029,356.6,10.919,1.01,4.426,10.753,0.005,-0.203,65.0202
1565125100,35.22336486,-97.43749964,356.548,10.404,0.85,4.426,10.753,0.005,-0.22,63.7665
1565125101,35.22340568,-97.43740486,356.219,9.599,0.9,4.426,9.085,0.005,-0.304,61.9646
1565125102,35.22344515,-97.43731053,355.581,9.614,0.95,4.426,9.085,0.005,-0.405,63.2643
1565125103,35.22348967,-97.43721056,355.33,10.246,0.76,4.426,9.085,0.005,-0.334,61.5108
1565125104,35.22353834,-97.43711027,354.548,10.508,0.76,4.426,9.085,0.005,-0.395,58.7935
1565125105,35.22358511,-97.43700409,354.013,10.959,0.73,4.426,9.085,0.005,-0.419,62.0846
1565125106,35.22363378,-97.4368944,353.785,11.281,0.76,4.426,9.085,0.005,-0.384,61.4681
1565125107,35.22368124,-97.4367829,353.869,11.366,0.61,4.426,9.085,0.005,-0.33,63.2421
1565125108,35.22373052,-97.43666855,353.597,11.75,0.71,4.426,9.085,0.005,-0.327,62.3209
1565125109,35.22377824,-97.4365537,353.727,11.553,0.55,4.426,9.085,0.005,-0.257,63.3135
1565125110,35.22382588,-97.43644028,353.574,11.59,0.66,4.426,9.085,0.005,-0.277,62.7169
1565125111,35.22387374,-97.43632613,353.873,11.558,0.55,4.426,9.085,0.005,-0.22,62.7921
1565125112,35.22391998,-97.43621696,354.426,11.019,0.85,4.426,9.085,0.005,-0.132,62.4282
1565125113,35.22396721,-97.43610844,355.448,11.037,0.84,4.426,9.085,0.005,0.047,62.8606
1565125114,35.22401313,-97.43599923,355.445,11.116,0.73,4.426,9.085,0.005,0.032,63.0772
1565125115,35.22406043,-97.43589267,354.514,11.024,0.77,4.426,9.085,0.005,-0.117,60.4788
1565125116,35.22410727,-97.43578646,353.725,10.963,0.86,4.426,8.625,0.005,-0.234,61.2662
1565125117,35.22415323,-97.43567736,353.628,11.153,0.77,4.426,8.625,0.005,-0.227,62.3996
1565125118,35.22419946,-97.43556794,353.732,11.189,0.83,4.426,8.625,0.005,-0.194,63.1968
1565125119,35.22424668,-97.43545724,354.253,11.319,0.93,4.426,9.027,0.005,-0.129,63.163
1565125120,35.2242962,-97.43534498,354.586,11.613,0.96,4.426,9.027,0.005,-0.099,62.1844
1565125121,35.22434776,-97.43523094,354.51,11.861,0.87,4.426,9.027,0.005,-0.108,61.0337
1565125122,35.22439632,-97.43511692,353.52,11.671,0.78,4.426,8.625,0.005,-0.23,62.2279
1565125123,35.22444253,-97.43500479,353.385,11.366,0.78,4.426,8.625,0.005,-0.221,63.2615
1565125124,35.22448733,-97.43489411,352.656,11.223,0.76,4.426,8.625,0.005,-0.295,63.4373
1565125125,35.22453597,-97.43478586,354.41,11.128,0.75,4.426,8.625,0.005,0.043,62.018
1565125126,35.22458182,-97.43467599,353.256,11.307,0.6,4.426,8.625,0.005,-0.149,62.4927
1565125127,35.22462923,-97.43456547,353.919,11.303,0.76,4.426,8.625,0.005,-0.046,62.5479
1565125128,35.22467803,-97.43445371,353.29,11.518,0.84,4.426,8.625,0.005,-0.176,61.5544
1565125129,35.22472551,-97.43434085,353.874,11.463,0.75,4.426,8.625,0.005,-0.068,63.3538
1565125130,35.22477306,-97.43423084,354.777,11.28,0.92,4.426,8.625,0.005,0.083,63.0091
1565125131,35.22482011,-97.43411899,355.22,11.495,0.94,4.426,8.625,0.005,0.122,63.0933
1565125132,35.22486754,-97.43401104,354.823,11.038,0.91,4.426,8.625,0.005,0.006,61.6142
1565125133,35.22490995,-97.43390703,353.793,10.413,0.9,4.426,8.625,0.005,-0.167,63.569
1565125134,35.22494313,-97.43380962,354.63,9.2,0.88,4.426,8.625,0.005,0.047,69.4939
1565125135,35.2249881,-97.4337038,355.626,10.94,0.69,4.426,8.625,0.005,0.226,62.6933
1565125136,35.22503415,-97.43359615,355.533,11.023,0.76,4.426,8.625,0.005,0.169,62.3982
1565125137,35.22508029,-97.43348664,355.235,11.122,0.66,4.426,8.625,0.005,0.101,62.3097
1565125138,35.22513266,-97.43337432,356.68,11.583,0.66,4.426,8.625,0.005,0.295,60.843
1565125139,35.22517914,-97.4332659,357.559,10.913,0.62,4.426,8.625,0.005,0.29,62.4523
1565125140,35.22522505,-97.43315996,358.356,10.608,0.54,4.426,8.625,0.005,0.344,62.6472
1565125141,35.22527114,-97.43305996,359.106,10.189,0.59,4.426,8.625,0.005,0.353,60.3608
1565125142,35.22531999,-97.4329637,359.336,10.156,0.64,4.426,9.027,0.005,0.293,57.1455
1565125143,35.22537159,-97.43287057,359.567,10.07,0.61,4.426,8.625,0.005,0.23,54.156
1565125144,35.22542134,-97.43277722,359.465,9.807,0.65,4.426,9.085,0.005,0.192,56.95
1565125145,35.225453,-97.4326785,359.795,9.472,0.83,4.426,9.085,0.005,0.236,71.353
1565125146,35.22546485,-97.43257543,359.632,9.207,0.65,4.426,9.085,0.005,0.187,83.7253
1565125147,35.22548059,-97.43247729,358.685,8.756,1.04,4.426,9.085,0.005,-0.038,76.1506
1565125148,35.22551526,-97.43238748,358.923,8.882,1.04,4.426,9.085,0.005,0.001,61.882
1565125149,35.22555018,-97.43229743,358.62,8.93,0.98,4.426,9.085,0.005,-0.027,65.9301
1565125150,35.22556967,-97.43219881,357.812,9.084,0.9,4.426,9.085,0.005,-0.137,78.6626
1565125151,35.22558095,-97.43209311,356.542,9.476,0.66,4.426,9.085,0.005,-0.257,85.1985
1565125152,35.22558289,-97.43198231,355.96,9.901,0.74,4.426,9.085,0.005,-0.12,89.156
1565125153,35.22558314,-97.43186365,356.094,10.812,0.72,4.426,9.085,0.005,-0.019,90.2518
1565125154,35.22558458,-97.43173757,356.041,11.448,0.7,4.426,9.085,0.005,-0.039,89.7413
1565125155,35.22558645,-97.43160658,356.147,11.939,0.7,4.426,9.085,0.005,0.017,89.7645
1565125156,35.22558822,-97.43146647,356.076,12.772,0.72,4.426,9.085,0.005,0.023,89.5242
1565125157,35.22558851,-97.43132096,356.256,13.234,0.73,4.426,9.085,0.005,0.093,90.1769
1565125158,35.2255898,-97.43116633,356.071,14.08,0.72,4.426,9.085,0.005,0.071,89.6557
1565125159,35.22559203,-97.43100564,356.12,14.599,0.76,4.426,9.085,0.005,0.09,89.2401
1565125160,35.22559267,-97.43083932,356.21,15.164,0.69,4.426,9.085,0.005,0.141,90.098
1565125161,35.22559381,-97.43066692,356.151,15.663,0.71,4.426,9.085,0.005,0.133,89.8509
1565125162,35.2255958,-97.43048737,355.735,16.364,0.71,4.426,9.085,0.005,0.042,89.6319
1565125163,35.225598,-97.4303083,355.39,16.196,0.74,4.426,9.085,0.005,0.034,89.3063
1565125164,35.2256003,-97.43012763,354.821,16.303,0.74,4.426,9.085,0.005,-0.088,89.222
1565125165,35.22560073,-97.42994908,354.84,16.204,0.71,4.426,9.085,0.005,-0.018,89.9972
1565125166,35.22560155,-97.42977055,354.693,16.201,0.71,4.426,9.085,0.005,-0.017,89.8702
1565125167,35.22559937,-97.42959357,354.776,16.016,0.82,4.426,9.085,0.005,0.048,91.1287
1565125168,35.22560021,-97.42941961,354.697,15.634,0.78,4.426,9.085,0.005,0.03,89.4499
1565125169,35.2256004,-97.42924979,354.528,15.273,0.7,4.426,9.085,0.005,-0.011,90.2913
1565125170,35.22560111,-97.4290811,354.675,15.232,0.69,4.426,9.027,0.005,0.042,89.9746
1565125171,35.22560212,-97.42891223,354.708,15.298,0.67,4.426,9.027,0.005,0.045,89.7074
1565125172,35.22560405,-97.42874186,354.198,15.3,0.74,4.426,9.027,0.005,-0.099,89.5551
1565125173,35.22560432,-97.42857404,354.225,15.153,0.76,4.426,9.027,0.005,-0.064,90.152
1565125174,35.22560404,-97.42840665,354.598,15.158,0.73,4.426,9.027,0.005,0.043,90.3001
1565125175,35.22560562,-97.42823617,354.627,15.437,0.88,4.426,9.027,0.005,0.048,89.5808
1565125176,35.22560722,-97.42806746,354.289,15.186,0.77,4.426,9.027,0.005,-0.048,89.6414
1565125177,35.22560924,-97.42789767,353.955,15.34,0.74,4.426,9.027,0.005,-0.112,89.6585
1565125178,35.22561039,-97.42773027,353.687,15.03,0.82,4.426,9.027,0.005,-0.136,89.9141
1565125179,35.22561093,-97.42756607,353.862,14.838,0.68,4.426,9.027,0.005,-0.011,89.7341
1565125180,35.22561283,-97.42740175,353.772,14.907,0.69,4.426,9.027,0.005,-0.034,89.2006
1565125181,35.22561364,-97.42724025,353.835,14.612,0.65,4.426,9.027,0.005,0.022,89.8198
1565125182,35.22561567,-97.42707968,353.759,14.54,0.71,4.426,9.027,0.005,0.025,89.1058
1565125183,35.22561809,-97.42692018,353.657,14.528,0.65,4.426,9.027,0.005,-0.027,88.7185
1565125184,35.22562039,-97.42676218,353.59,14.35,0.71,4.426,9.027,0.005,-0.046,89.0401
1565125185,35.2256234,-97.42660617,353.585,14.106,0.63,4.426,9.027,0.005,-0.032,88.8142
1565125186,35.22562695,-97.4264549,353.826,13.687,0.41,4.426,9.027,0.005,0.055,88.3686
1565125187,35.2256313,-97.42630555,354.009,13.569,0.4,4.426,9.027,0.005,0.106,88.092
1565125188,35.22563601,-97.42615364,354.135,13.884,0.39,4.426,9.027,0.005,0.133,88.1142
1565125189,35.22564048,-97.42599826,354.178,14.32,0.38,4.426,9.027,0.005,0.109,87.7101
1565125190,35.22564684,-97.42583809,354.288,14.675,0.38,4.426,9.027,0.005,0.077,87.153
1565125191,35.22565302,-97.42567621,354.532,14.975,0.37,4.426,9.027,0.005,0.094,86.5987
1565125192,35.22566073,-97.42551123,354.604,15.055,0.49,4.426,9.027,0.005,0.076,86.7092
1565125193,35.22566597,-97.42534978,354.595,14.598,0.38,4.426,9.027,0.005,0.038,88.0378
1565125194,35.22567002,-97.42519248,354.825,14.247,0.39,4.426,9.027,0.005,0.1,88.5117
1565125195,35.22567354,-97.42503705,354.93,14.124,0.4,4.426,9.027,0.005,0.083,88.4987
1565125196,35.22567675,-97.42488565,355.069,13.665,0.56,4.426,9.027,0.005,0.094,88.7395
1565125197,35.2256802,-97.42474017,355.375,13.144,0.59,4.426,9.027,0.005,0.138,88.5558
1565125198,35.22568254,-97.42460074,355.718,12.611,0.4,4.426,9.027,0.005,0.196,88.9041
1565125199,35.2256843,-97.42446643,355.72,12.056,0.64,4.426,9.027,0.005,0.114,88.7538
1565125200,35.22568489,-97.42435066,355.974,10.122,0.72,4.426,9.027,0.005,0.129,89.478
1565125201,35.2256855,-97.42425418,356.398,8.42,0.63,4.426,9.027,0.005,0.212,89.7677
1565125202,35.22568593,-97.42417547,356.486,6.711,0.71,4.426,9.027,0.005,0.197,89.3051
1565125203,35.22568616,-97.42411091,356.208,5.619,0.63,4.426,9.027,0.005,0.078,88.9415
1565125204,35.22568659,-97.42405736,356.279,4.673,0.62,4.426,9.027,0.005,0.074,89.2857
1565125205,35.22568727,-97.42401347,356.449,3.814,0.6,4.426,9.027,0.005,0.084,88.1369
1565125206,35.22568892,-97.42398054,356.988,2.787,0.61,4.426,9.027,0.005,0.2,86.3561
1565125207,35.22568949,-97.42396112,357.158,1.518,0.63,4.426,9.027,0.005,0.185,85.6827
1565125208,35.22568908,-97.42395473,356.997,0.301,0.64,4.426,9.027,0.005,0.088,83.2358
1565125209,35.22568884,-97.42395398,357.053,0.033,0.91,4.426,9.027,0.005,0.071,218.5996
1565125210,35.22568865,-97.42395404,356.891,0.03,0.75,4.426,9.027,0.005,0.009,281.279
1565125211,35.22568861,-97.42395379,356.724,0.057,0.72,4.426,9.372,0.005,-0.011,38.7154
1565125212,35.22568915,-97.4239524,356.536,0.018,0.87,4.426,9.372,0.005,-0.024,74.569
1565125213,35.22568928,-97.42395187,356.428,0.038,0.78,4.426,9.372,0.005,-0.036,197.3524
1565125214,35.22568865,-97.42395189,356.267,0.014,0.88,4.426,9.372,0.005,-0.035,149.2461
1565125215,35.22568772,-97.42395203,356.171,0.024,0.41,4.426,9.372,0.005,0,120.4087
1565125216,35.22568719,-97.42395215,356.219,0.029,0.45,4.426,9.372,0.005,-0.006,14.4164
1565125217,35.22568637,-97.42395175,355.828,0.026,0.67,4.426,9.372,0.005,-0.045,101.1766
1565125218,35.2256857,-97.42395202,355.829,0.013,0.67,4.426,9.372,0.005,0.021,318.8622
1565125219,35.22568491,-97.42395136,355.572,0.033,0.58,4.426,9.372,0.005,-0.015,115.3627
1565125220,35.2256843,-97.42395141,355.771,0.027,0.78,4.426,9.372,0.005,0.013,219.2659
1565125221,35.22568345,-97.42395162,355.905,0.02,0.65,4.426,9.372,0.005,0.01,248.7492
1565125222,35.22568258,-97.42395174,356.111,0.01,0.82,4.426,9.372,0.005,0.03,156.6754
1565125223,35.22568179,-97.42395153,356.132,0.023,0.8,4.426,9.372,0.005,0.024,29.8487
1565125224,35.22568092,-97.42395241,356.546,0.044,0.86,4.426,9.372,0.005,0.071,252.0659
1565125225,35.22568003,-97.42395287,356.841,0.005,0.91,4.426,9.372,0.005,0.051,280.533
1565125226,35.22567941,-97.42395297,356.991,0.027,0.87,4.426,9.372,0.005,0.031,275.5982
1565125227,35.22567887,-97.42395311,357.111,0.014,0.85,4.426,9.372,0.005,0.027,65.7015
1565125228,35.22567823,-97.42395376,357.453,0.041,0.82,4.426,9.372,0.005,0.05,234.8145
1565125229,35.22567782,-97.42395441,357.813,0.008,0.93,4.426,9.372,0.005,0.058,122.3469
1565125230,35.2256776,-97.42395475,358.073,0.044,0.93,4.426,9.372,0.005,0.075,281.1766
1565125231,35.22567752,-97.42395532,358.432,0.058,0.94,4.426,9.372,0.005,0.115,299.8994
1565125232,35.22567718,-97.42395505,358.538,0.022,0.94,4.426,9.372,0.005,0.111,27.8141
1565125233,35.2256771,-97.42395445,358.671,0.024,0.93,4.426,9.372,0.005,0.104,58.9978
1565125234,35.22567715,-97.42395525,359.218,0.054,0.96,4.426,9.372,0.005,0.151,301.1838
1565125235,35.22567737,-97.42395587,359.651,0.06,0.97,4.426,9.372,0.005,0.199,275.9706
1565125236,35.22567765,-97.42395591,359.834,0.043,0.97,4.426,9.372,0.005,0.203,291.657
1565125237,35.22567755,-97.42395623,360.213,0.013,0.96,4.426,9.372,0.005,0.269,240.8034
1565125238,35.22567758,-97.4239575,360.642,0.103,0.95,4.426,9.372,0.005,0.288,279.6134
1565125239,35.22567743,-97.4239575,360.63,0.027,0.96,4.426,9.372,0.005,0.232,286.2738
1565125240,35.22567706,-97.4239587,361.001,0.097,0.97,4.426,9.372,0.005,0.244,254.7995
1565125241,35.22567677,-97.42395917,361.047,0.066,0.95,4.426,9.372,0.005,0.236,274.0768
1565125242,35.2256763,-97.42395854,360.791,0.003,0.94,4.426,9.372,0.005,0.187,350.0602
1565125243,35.22567592,-97.42395767,360.366,0.018,0.92,4.426,9.372,0.005,0.141,53.2749
1565125244,35.22567564,-97.4239567,359.663,0.048,0.86,4.426,9.372,0.005,0.072,352.7454
1565125245,35.22567507,-97.4239568,359.25,0.1,0.87,4.426,9.372,0.005,0.091,230.0617
1565125246,35.22567486,-97.42395682,359.024,0.027,0.93,4.426,9.372,0.005,0.126,263.6093
1565125247,35.22567472,-97.42395672,358.629,0.031,0.93,4.426,9.372,0.005,0.109,286.0618
1565125248,35.22567466,-97.42395567,357.72,0.067,0.78,4.426,9.372,0.005,-0.006,12.6728
1565125249,35.22567484,-97.42395491,357.241,0.048,0.93,4.426,9.372,0.005,-0.043,67.4561
1565125250,35.22567502,-97.42395558,357.352,0.048,0.67,4.426,9.372,0.005,0.027,261.5321
1565125251,35.22567523,-97.42395459,356.885,0.022,0.89,4.426,9.372,0.005,-0.018,53.1434
1565125252,35.22567532,-97.4239533,356.194,0.031,0.94,4.426,9.372,0.005,-0.09,85.9384
1565125253,35.22567576,-97.42395265,355.935,0.021,0.96,4.426,9.372,0.005,-0.089,86.0518
1565125254,35.22567596,-97.42395236,355.626,0.008,0.95,4.426,9.372,0.005,-0.092,173.9559
1565125255,35.22567626,-97.42395224,355.475,0.018,0.93,4.426,9.372,0.005,-0.062,164.5862
1565125256,35.22567653,-97.4239516,355.19,0.034,0.9,4.426,9.372,0.005,-0.062,77.9754
1565125257,35.22567701,-97.42395243,355.462,0.08,0.74,4.426,9.372,0.005,-0.006,225.0794
1565125258,35.22567733,-97.42395306,355.706,0.05,0.84,4.426,9.372,0.005,0.046,206.1894
1565125259,35.22567781,-97.42395362,355.925,0.032,0.93,4.426,9.372,0.005,0.084,251.3356
1565125260,35.22567851,-97.42395538,356.56,0.05,0.95,4.426,9.372,0.005,0.192,268.6787
1565125261,35.22567884,-97.42395681,356.977,0.052,0.96,4.426,9.372,0.005,0.218,289.8891
1565125262,35.22567903,-97.42395802,357.38,0.027,0.96,4.426,9.372,0.005,0.232,286.2737
1565125263,35.22567893,-97.42395998,357.968,0.105,0.96,4.426,9.372,0.005,0.305,245.2034
1565125264,35.22567928,-97.4239608,358.243,0.04,0.97,4.426,9.372,0.005,0.299,327.973
1565125265,35.22567999,-97.4239622,359.084,0.048,0.97,4.426,9.372,0.005,0.382,300.0556
1565125266,35.22568025,-97.4239632,359.39,0.064,0.98,4.426,9.372,0.005,0.339,297.7953
1565125267,35.22568058,-97.42396464,359.98,0.073,0.98,4.426,9.372,0.005,0.354,266.0994
1565125268,35.22568108,-97.42396536,360.351,0.057,0.97,4.426,9.372,0.005,0.361,333.0924
1565125269,35.22568112,-97.42396585,360.225,0.081,0.97,4.426,9.372,0.005,0.282,294.4671
1565125270,35.22568096,-97.42396641,360.11,0.043,0.96,4.426,9.372,0.005,0.217,295.332
1565125271,35.2256808,-97.4239669,360.154,0.003,0.95,4.426,9.372,0.005,0.187,350.0607
1565125272,35.2256809,-97.42396784,360.398,0.034,0.94,4.426,9.372,0.005,0.16,350.5113
1565125273,35.22568086,-97.42396913,360.525,0.063,0.92,4.426,9.372,0.005,0.166,263.7959
1565125274,35.22568116,-97.42396992,360.72,0.025,0.93,4.426,9.372,0.005,0.178,328.8597
1565125275,35.22568119,-97.4239701,360.663,0.032,0.92,4.426,9.372,0.005,0.146,5.3785
1565125276,35.2256813,-97.42397093,360.82,0.037,0.91,4.426,9.372,0.005,0.143,245.988
1565125277,35.22568143,-97.42397153,360.974,0.024,0.92,4.426,9.372,0.005,0.153,274.5039
1565125278,35.22568126,-97.42397219,361.156,0.043,0.91,4.426,9.372,0.005,0.18,247.3416
1565125279,35.22568157,-97.42397231,361.367,0.021,0.91,4.426,9.372,0.005,0.212,2.2557
1565125280,35.22568141,-97.42397205,361.289,0.018,0.92,4.426,9.372,0.005,0.219,244.2657
1565125281,35.22568162,-97.42397052,361.481,0.227,0.67,17.705,37.49,0.005,0.244,87.0697
1565125282,35.22568178,-97.4239598,361.473,1.27,0.37,17.705,37.49,0.005,0.195,89.0388
1565125283,35.22568208,-97.42393034,361.773,3.308,0.37,17.705,37.49,0.005,0.212,89.4153
1565125284,35.22568241,-97.42388146,362.015,4.92,0.37,17.705,37.49,0.005,0.188,89.8358
1565125285,35.22568342,-97.42381546,362.74,6.537,0.37,17.705,35.88,0.005,0.257,89.3399
1565125286,35.22568317,-97.42373358,362.556,7.811,0.38,17.705,35.88,0.005,0.14,90.0957
1565125287,35.22568371,-97.42364045,363.234,8.833,0.38,17.705,35.88,0.005,0.186,89.9781
1565125288,35.22568348,-97.42353912,362.818,9.302,0.68,17.705,35.88,0.005,0.046,89.8998
1565125289,35.22568121,-97.42344202,363.453,8.841,0.74,17.705,35.88,0.005,0.145,92.1698
1565125290,35.22567936,-97.4233405,362.599,9.191,0.72,17.705,35.88,0.005,0.027,90.8813
1565125291,35.22567891,-97.42323764,361.959,9.295,0.86,17.705,35.88,0.005,-0.017,89.925
1565125292,35.22567725,-97.4231367,361.857,9.19,0.79,17.705,35.88,0.005,0.065,91.202
1565125293,35.22567772,-97.42303291,361.609,9.374,0.8,17.705,35.88,0.005,0.061,89.8889
1565125294,35.22567731,-97.42293334,361.76,9.013,0.7,17.705,35.88,0.005,0.117,90.4493
1565125295,35.22567879,-97.42283346,361.562,8.908,0.68,17.705,35.88,0.005,0.108,89.2314
1565125296,35.22568012,-97.42273563,361.024,8.699,0.71,17.705,35.88,0.005,0.018,89.4402
1565125297,35.22568176,-97.42264644,360.697,7.88,0.86,17.705,35.88,0.005,-0.038,88.6452
1565125298,35.22567968,-97.42256833,361.214,7.109,0.85,17.705,35.88,0.005,0.054,92.0864
1565125299,35.2256783,-97.42249204,361.171,6.854,0.9,17.705,35.88,0.005,0.048,91.1045
1565125300,35.22568218,-97.42242982,360.597,5.186,0.87,17.705,35.88,0.005,-0.064,83.5366
1565125301,35.22569904,-97.42238047,360.547,4.677,0.91,17.705,35.88,0.005,-0.02,64.5553
1565125302,35.2257336,-97.42234839,360.752,4.913,1.21,17.705,35.88,0.005,0.061,32.4985
1565125303,35.22577999,-97.42233275,361.369,5.373,1.26,17.705,35.88,0.005,0.158,13.4284
1565125304,35.22583161,-97.42232496,361.942,5.85,0.91,17.705,35.88,0.005,0.212,5.3248
1565125305,35.22588679,-97.4223243,362.564,6.12,0.75,17.705,35.88,0.005,0.261,359.9202
1565125306,35.22594106,-97.42232327,362.863,6.094,0.72,17.705,35.88,0.005,0.161,1.0712
1565125307,35.22599398,-97.42231941,362.261,5.839,0.75,17.705,35.88,0.005,0.023,2.1548
1565125308,35.22604202,-97.42231739,362.255,5.266,0.74,17.705,35.65,0.005,0.05,0.9106
1565125309,35.22609261,-97.42231448,362.263,5.717,0.83,17.705,35.65,0.005,0.021,1.682
1565125310,35.22614672,-97.42231086,362.117,6.136,0.82,17.705,35.65,0.005,-0.035,1.8775
1565125311,35.22620026,-97.42231078,362.113,5.969,0.82,17.705,35.65,0.005,0.027,358.627
1565125312,35.22625361,-97.42231086,361.861,5.929,0.78,17.705,35.65,0.005,0.016,358.2467
1565125313,35.22630324,-97.4223079,361.743,5.346,0.81,17.705,35.65,0.005,0.014,2.7417
1565125314,35.22634738,-97.42228634,361.568,5.061,1.2,17.705,35.65,0.005,-0.008,26.664
1565125315,35.22637231,-97.42225114,361.603,4.532,0.84,17.705,35.65,0.005,-0.051,54.5024
1565125316,35.22638402,-97.42220689,361.619,4.422,0.93,17.705,59.34,0.005,-0.049,75.2751
1565125317,35.2263875,-97.42215902,361.714,4.44,0.81,17.705,35.65,0.005,-0.047,85.6198
1565125318,35.22638852,-97.42211408,362.056,3.995,0.72,17.705,35.65,0.005,-0.006,90.4673
1565125319,35.22638855,-97.42207385,362.832,3.574,0.73,17.705,35.65,0.005,0.113,83.8087
1565125320,35.22639899,-97.42204283,362.422,2.846,0.83,17.705,35.65,0.005,-0.005,59.9834
1565125321,35.22641847,-97.42202595,363.036,2.654,1.3,17.705,35.65,0.005,0.113,31.1809
1565125322,35.22643515,-97.42201596,363.606,2.053,1.05,17.705,35.65,0.005,0.174,26.6028
1565125323,35.2264504,-97.42200743,363.948,1.787,0.88,17.705,35.65,0.005,0.184,27.6071
1565125324,35.226464,-97.42200063,364.1,1.476,0.94,17.705,35.65,0.005,0.138,25.2832
1565125325,35.22647367,-97.42199609,364.384,0.958,0.96,17.705,35.65,0.005,0.047,27.6985
1565125326,35.22647747,-97.42199365,364.116,0.171,0.94,17.705,35.65,0.005,0.039,10.7561
1565125327,35.2264786,-97.42199139,363.678,0.063,0.85,17.705,35.65,0.005,-0.033,169.7783
1565125328,35.22647941,-97.42199014,363.673,0.12,0.77,17.705,35.65,0.005,-0.062,164.3483
1565125329,35.22647844,-97.42199115,363.773,0.463,1.04,17.705,35.65,0.005,-0.016,211.9092
1565125330,35.22647827,-97.4219902,363.437,0.22,0.94,17.705,35.65,0.005,-0.053,185.0537
1565125331,35.22648256,-97.42198809,363.298,0.262,0.99,17.705,35.65,0.005,0.005,23.2443
1565125332,35.22648443,-97.42198671,363.301,0.042,0.92,17.705,35.65,0.005,-0.012,132.0427
1565125333,35.22648571,-97.42198195,362.925,0.296,0.94,17.705,35.65,0.005,-0.156,82.8069
1565125334,35.22648857,-97.42197944,362.927,0.258,0.93,17.705,35.65,0.005,-0.136,62.1467
1565125335,35.22649115,-97.42197717,362.8,0.272,0.95,17.705,35.65,0.005,-0.153,44.604
1565125336,35.22649182,-97.42197406,362.573,0.243,0.93,17.705,35.65,0.005,-0.172,101.8799
1565125337,35.22649087,-97.42197384,362.496,0.24,0.94,17.705,35.65,0.005,-0.148,172.2615
