Time,Latitude,Longitude,Accuracy,Speed
1584395932,35.346804,-97.475425,5,0.97
1584395934,35.346817,-97.475436,5,0.72
1584395935,35.346831,-97.475432,5,1.54
1584395936,35.34686,-97.475416,5,3.48
1584395937,35.346902,-97.475397,5,4.4
1584395938,35.34695,-97.475399,5,4.94
1584395939,35.347007,-97.4754,5,5.3
1584395940,35.347064,-97.475401,5,5.63
1584395941,35.347087,-97.475402,5,5.24
1584395942,35.347192,-97.475402,5,5.22
1584395943,35.347264,-97.475402,5,5.14
1584395945,35.347408,-97.475404,5,4.96
1584395946,35.347431,-97.475404,5,4.3
1584395948,35.347549,-97.475407,5,5.54
1584395949,35.347555,-97.475407,12.822489,5.3
1584395950,35.347687,-97.475494,5,5.26
1584395951,35.347733,-97.475494,5,5.57
1584395952,35.347785,-97.475495,5,5.62
1584395953,35.347795,-97.475495,5,5.32
1584395954,35.347882,-97.475496,5,5.53
1584395955,35.347906,-97.475496,5,4.3
1584395956,35.347923,-97.475496,5,2.77
1584395957,35.347939,-97.475497,5,2.15
1584395958,35.347951,-97.475497,5,2.22
1584395959,35.347971,-97.475497,5,2.12
1584395960,35.347979,-97.475497,5,2.5
1584395961,35.348023,-97.475497,5,4.03
1584395962,35.348088,-97.475498,5,5
1584395964,35.348211,-97.475497,5,6.23
1584395965,35.348236,-97.475497,5,5.68
1584395966,35.348314,-97.475497,5,5.87
1584395967,35.348351,-97.475497,10,5.81
1584395968,35.348373,-97.475497,10,5.34
1584395969,35.348425,-97.475496,10,5.14
1584395970,35.34847,-97.475496,10,4.64
1584395971,35.34851,-97.475496,10,4.37
1584395973,35.348517,-97.475495,10,3.52
1584395975,35.348615,-97.475434,10,1.95
1584395976,35.348623,-97.475434,10,1.34
1584395978,35.348632,-97.475434,10,0.67
1584395979,35.348626,-97.475434,10,0.42
1584395980,35.348619,-97.475434,10,0.66
1584395981,35.348609,-97.475433,10,0.61
1584395985,35.348616,-97.475434,10,1.21
1584395986,35.34864,-97.475434,10,2.29
1584395987,35.348718,-97.475431,10,3.35
1584395988,35.348783,-97.475298,10,5.92
1584395989,35.348782,-97.475172,10,8.83
1584395990,35.348781,-97.475041,10,10.7
1584395991,35.348779,-97.474873,10,12.78
1584395992,35.348778,-97.474746,10,12.79
1584395993,35.348776,-97.474555,10,13.88
1584395994,35.348775,-97.474492,10,14.03
1584395995,35.348773,-97.474261,10,13.85
1584395996,35.348771,-97.474075,10,15.29
1584395997,35.34877,-97.473934,10,15.62
1584395998,35.348768,-97.473774,10,15.23
1584395999,35.348766,-97.473586,10,15.93
1584396000,35.348764,-97.473413,10,16
1584396001,35.348763,-97.473244,10,15.79
1584396002,35.34876,-97.47306,10,16.01
1584396003,35.348759,-97.472957,10,16.030001
1584396004,35.348757,-97.472722,10,15.76
1584396005,35.348756,-97.472555,10,15.57
1584396006,35.348754,-97.472338,10,16.59
1584396007,35.348753,-97.472265,10,16.82
1584396008,35.348751,-97.472071,10,16.35
1584396009,35.34875,-97.471976,10,0
1584396010,35.348749,-97.471919,10,15.59
1584396011,35.348747,-97.471657,10,16.08
1584396012,35.348745,-97.471456,10,15.88
1584396013,35.348743,-97.471246,10,15.94
1584396014,35.348741,-97.471051,10,16.200001
1584396015,35.348739,-97.470859,10,16.77
1584396016,35.348737,-97.470633,10,17.52
1584396017,35.348734,-97.470337,10,19.83
1584396018,35.348732,-97.470172,10,18.700001
1584396019,35.348729,-97.469855,10,20.9
1584396020,35.348728,-97.469724,10,18.799999
1584396021,35.348727,-97.469602,30,17.16
1584396022,35.348726,-97.469502,30,15.31
1584396023,35.348725,-97.469401,30,13.93
1584396024,35.348723,-97.469235,30,14.46
1584396025,35.348721,-97.468984,30,16.1
1584396026,35.348719,-97.468831,10,16.08
1584396027,35.348717,-97.468643,10,16.049999
1584396028,35.348716,-97.468474,10,16.780001
1584396029,35.348714,-97.468294,10,16.59
1584396030,35.348712,-97.468116,10,16.540001
1584396031,35.34871,-97.467933,10,16.51
1584396032,35.348708,-97.467759,10,16.75
1584396033,35.348706,-97.467598,10,16.49
1584396034,35.348704,-97.467412,10,17.09
1584396035,35.348701,-97.467221,10,17.110001
1584396036,35.3487,-97.467138,10,16.77
1584396037,35.348698,-97.466899,10,16.059999
1584396038,35.348696,-97.466727,30,15.97
1584396039,35.348694,-97.466534,30,16.4
1584396040,35.348691,-97.466302,10,17.51
1584396041,35.348689,-97.466131,10,16.889999
1584396042,35.348687,-97.465917,10,16.98
1584396043,35.348686,-97.465787,10,15.89
1584396044,35.348684,-97.465604,10,15.97
1584396045,35.348682,-97.465412,10,16.209999
1584396046,35.348681,-97.46524,10,16.16
1584396047,35.348679,-97.465072,10,15.83
1584396048,35.348677,-97.464907,30,15.88
1584396049,35.348676,-97.464728,10,16.48
1584396050,35.348674,-97.464533,10,17.049999
1584396051,35.348672,-97.46433,10,17.75
1584396052,35.34867,-97.464132,10,18.57
1584396053,35.348668,-97.463922,10,19.25
1584396054,35.348666,-97.463699,10,19.620001
1584396055,35.348664,-97.463496,10,20.41
1584396056,35.348661,-97.463276,10,19.969999
1584396057,35.348659,-97.463021,10,20.4
1584396058,35.348657,-97.462806,10,20.07
1584396059,35.348655,-97.462623,10,19.58
1584396060,35.348652,-97.462418,30,19.18
1584396061,35.34865,-97.462207,30,19.200001
1584396062,35.348646,-97.461902,30,21.280001
1584396063,35.348644,-97.461754,30,20.379999
1584396064,35.348646,-97.461924,30,16.66
1584396065,35.348645,-97.461764,30,17.52
1584396066,35.348646,-97.461864,10,16.110001
1584396067,35.348643,-97.461636,10,15.87
1584396068,35.348641,-97.461364,10,16.469999
1584396069,35.348638,-97.461137,10,16.57
1584396070,35.348637,-97.460951,10,16.459999
1584396071,35.348635,-97.460746,10,16.719999
1584396072,35.348632,-97.460476,10,18.42
1584396073,35.348633,-97.460567,10,0
1584396074,35.348632,-97.460444,10,0
1584396075,35.348632,-97.460464,10,14.33
1584396076,35.34863,-97.460218,18.158219,16.290001
1584396077,35.348627,-97.459991,16.794829,17.24
1584396078,35.348625,-97.459728,16.895134,19.17
1584396079,35.348617,-97.459447,30,20.1
1584396080,35.348614,-97.459316,10,18.27
1584396081,35.348612,-97.459224,10,16.139999
1584396082,35.34861,-97.459137,10,14.01
1584396083,35.348608,-97.459035,10,13.08
1584396084,35.34861,-97.459145,10,7.85
1584396085,35.34861,-97.459133,10,6.73
1584396086,35.34861,-97.459142,10,5.61
1584396087,35.348609,-97.459102,10,5.04
1584396088,35.348608,-97.459038,10,5.29
1584396089,35.348606,-97.458961,10,5.57
1584396090,35.348604,-97.458847,10,6.52
1584396091,35.348602,-97.458691,10,7.95
1584396092,35.348601,-97.458561,10,8.79
1584396093,35.348598,-97.458408,10,9.99
1584396094,35.348597,-97.458256,30,10.65
1584396095,35.348593,-97.457959,10,13.55
1584396096,35.348594,-97.457767,10,14.57
1584396097,35.348597,-97.457549,10,15.33
1584396098,35.348599,-97.457371,10,15.43
1584396099,35.3486,-97.457277,10,14.28
1584396100,35.348601,-97.457111,10,14.52
1584396101,35.348603,-97.456945,10,15.69
1584396102,35.348605,-97.456682,10,16.02
1584396103,35.348607,-97.456456,10,15.53
1584396104,35.348609,-97.456275,10,14.94
1584396105,35.34861,-97.456137,10,14.6
1584396106,35.348611,-97.455966,10,14.84
1584396107,35.348612,-97.45577,10,15.2
1584396108,35.348614,-97.455557,10,15.88
1584396109,35.348615,-97.455423,10,15.19
1584396110,35.348616,-97.455245,10,15.43
1584396111,35.34862,-97.455047,10,15.92
1584396112,35.348623,-97.454883,10,15.72
1584396113,35.348627,-97.454694,10,15.88
1584396114,35.34863,-97.454574,10,15.11
1584396115,35.348633,-97.454409,10,15.03
1584396116,35.348636,-97.454253,10,15.14
1584396117,35.34864,-97.454071,10,15.49
1584396118,35.348644,-97.453903,10,15.26
1584396119,35.348649,-97.453712,10,15.47
1584396120,35.348653,-97.453556,10,15.26
1584396121,35.348658,-97.453348,10,15.94
1584396122,35.348662,-97.453134,10,16.52
1584396123,35.348665,-97.452984,30,16.360001
1584396124,35.34867,-97.452755,30,16.9
1584396125,35.348674,-97.452588,30,16.610001
1584396126,35.348675,-97.452549,30,14.54
1584396127,35.34868,-97.452299,30,15.9
1584396128,35.34868,-97.452245,30,0
1584396129,35.34868,-97.452194,30,14.41
1584396130,35.348681,-97.451964,30,16.07
1584396131,35.348682,-97.451514,30,22.24
1584396132,35.348682,-97.451319,20.541819,17.950001
1584396133,35.348682,-97.451117,20.186191,18.01
1584396134,35.348682,-97.450888,21.595037,18.549999
1584396135,35.34868,-97.450665,19.129364,18.540001
1584396136,35.348679,-97.450473,16.4507,18.280001
1584396137,35.348679,-97.45028,18.072169,18.15
1584396138,35.348679,-97.45011,10,17.65
1584396139,35.348681,-97.449918,10,17.530001
1584396140,35.348682,-97.449753,10,17.110001
1584396141,35.348683,-97.449643,10,15.63
1584396142,35.348685,-97.44939,30,17.139999
1584396143,35.348687,-97.449084,30,19.26
1584396144,35.34869,-97.448827,30,20.040001
1584396145,35.348693,-97.448585,10,20.4
1584396146,35.348695,-97.448395,10,19.780001
1584396147,35.348697,-97.448237,10,18.76
1584396148,35.348698,-97.448128,10,16.879999
1584396149,35.348701,-97.447895,10,17.790001
1584396150,35.348704,-97.447625,10,19.15
1584396151,35.348705,-97.447489,10,17.82
1584396152,35.348708,-97.447219,10,19.200001
1584396153,35.348709,-97.447115,10,17.07
1584396154,35.34871,-97.446924,10,17.280001
1584396155,35.348712,-97.446644,10,19.139999
1584396156,35.348713,-97.446471,10,18.049999
1584396157,35.348715,-97.446255,10,18.65
1584396158,35.348717,-97.445996,10,19.549999
1584396159,35.348719,-97.445715,30,20.700001
1584396160,35.348721,-97.44555,30,19.57
1584396161,35.348723,-97.445349,30,19.219999
1584396162,35.348726,-97.445164,30,18.639999
1584396163,35.348727,-97.445048,30,16.870001
1584396164,35.348727,-97.445029,30,13.85
1584396165,35.34873,-97.444848,30,14.23
1584396166,35.348733,-97.444621,10,15.5
1584396167,35.348734,-97.444482,10,15.01
1584396168,35.348737,-97.444274,30,15.7
1584396169,35.348739,-97.444133,10,15.19
1584396170,35.348741,-97.443954,10,15.52
1584396171,35.348743,-97.443785,17.360226,15.92
1584396172,35.348746,-97.443613,30,15.81
1584396173,35.348748,-97.443442,10,15.91
1584396174,35.348749,-97.44332,10,17.01
1584396175,35.348752,-97.443118,10,17.030001
1584396176,35.348754,-97.442902,10,17.26
1584396177,35.348756,-97.442723,30,17.120001
1584396178,35.348758,-97.442562,30,16.709999
1584396179,35.348761,-97.442367,30,17.08
1584396180,35.348764,-97.442169,30,17.209999
1584396181,35.348767,-97.441976,30,17.02
1584396182,35.348769,-97.441857,30,15.59
1584396183,35.348771,-97.441686,30,15.6
1584396184,35.348772,-97.441635,10,13.32
1584396185,35.348772,-97.441617,10,11.01
1584396186,35.348773,-97.441554,10,9.73
1584396187,35.348774,-97.441476,10,9.14
1584396188,35.348775,-97.441385,30,8.99
1584396189,35.348776,-97.441362,10,9.33
1584396192,35.348777,-97.441205,30,6.54
1584396193,35.348778,-97.441155,10,5.98
1584396194,35.348778,-97.441095,10,5.93
1584396195,35.348779,-97.441033,10,5.89
1584396197,35.348782,-97.440623,30,10.8
1584396198,35.348783,-97.440511,30,10.64
1584396199,35.348785,-97.440279,30,12.52
1584396200,35.348786,-97.440124,10,12.95
1584396201,35.348788,-97.439895,10,14.51
1584396202,35.34879,-97.439637,10,16.549999
1584396203,35.34879,-97.439391,10,18.059999
1584396204,35.348791,-97.43917,10,18.15
1584396205,35.348791,-97.438948,10,18.440001
1584396206,35.348791,-97.438751,10,18.530001
1584396207,35.348791,-97.438532,10,18.5
1584396208,35.348792,-97.4383,10,18.940001
1584396209,35.348792,-97.438101,10,18.77
1584396210,35.348792,-97.437979,10,18.709999
1584396211,35.348791,-97.437685,10,18.82
1584396212,35.34879,-97.43747,10,19.110001
1584396213,35.348789,-97.437298,17.114544,18.559999
1584396214,35.348788,-97.437071,15.774966,18.99
1584396215,35.348785,-97.436833,10,19.34
1584396216,35.348783,-97.436559,10,20.23
1584396217,35.348782,-97.436466,10,18.129999
1584396218,35.34878,-97.436231,10,18.76
1584396219,35.348778,-97.435994,10,19.15
1584396220,35.348777,-97.435881,16.447996,17.34
1584396221,35.348777,-97.435782,17.397708,15.65
1584396222,35.348776,-97.435659,30,14.24
1584396223,35.348775,-97.435519,10,14.22
1584396224,35.348774,-97.435319,10,15.05
1584396225,35.348773,-97.43512,10,15.77
1584396226,35.348772,-97.434901,10,16.530001
1584396227,35.348771,-97.434684,10,18.370001
1584396228,35.34877,-97.434403,10,18.84
1584396229,35.348769,-97.434237,10,18.02
1584396230,35.348767,-97.433922,10,20.18
1584396231,35.348766,-97.433761,10,19.16
1584396232,35.348765,-97.43359,10,18.24
1584396233,35.348763,-97.433352,10,18.92
1584396234,35.348761,-97.433085,10,20.049999
1584396235,35.348759,-97.432856,10,20.120001
1584396236,35.348758,-97.432774,10,17.41
1584396237,35.348757,-97.432607,10,18.49
1584396238,35.348753,-97.432284,10,18.83
1584396239,35.34875,-97.432066,10,19.290001
1584396240,35.348748,-97.431856,10,19.17
1584396241,35.348747,-97.431733,10,17.219999
1584396242,35.348745,-97.431577,10,16.66
1584396243,35.348744,-97.431386,10,16.799999
1584396244,35.348743,-97.431178,10,17.27
1584396245,35.348743,-97.430986,10,17.43
1584396246,35.348742,-97.430886,10,16.299999
1584396247,35.348742,-97.430679,10,16.690001
1584396248,35.348741,-97.4304,10,19.08
1584396249,35.348741,-97.430172,10,19.17
1584396250,35.34874,-97.429961,10,18.98
1584396251,35.34874,-97.429757,10,18.700001
1584396252,35.34874,-97.429579,10,18.65
1584396253,35.34874,-97.429383,10,18.51
1584396254,35.34874,-97.429188,10,18.309999
1584396255,35.348739,-97.42899,10,18.370001
1584396256,35.348739,-97.428782,10,18.629999
1584396257,35.348739,-97.428539,10,19.08
1584396258,35.348739,-97.428302,10,19.379999
1584396259,35.348739,-97.428043,10,20.1
1584396260,35.348738,-97.427787,10,20.690001
1584396261,35.348738,-97.427562,10,20.639999
1584396262,35.348738,-97.427444,10,18.65
1584396263,35.348738,-97.427237,10,18.799999
1584396264,35.348738,-97.427081,10,17.77
1584396265,35.348739,-97.426945,16.46362,16.82
1584396266,35.348741,-97.426737,30,17.08
1584396267,35.34874,-97.426502,30,17.879999
1584396268,35.34874,-97.426315,30,17.76
1584396269,35.34874,-97.426212,30,16.120001
1584396270,35.348739,-97.426132,30,14.69
1584396271,35.348739,-97.425929,30,15.41
1584396272,35.348739,-97.425707,30,16.18
1584396273,35.348738,-97.425558,30,15.7
1584396274,35.348738,-97.425422,30,15.09
1584396275,35.348737,-97.425192,30,16.18
1584396276,35.348737,-97.425016,30,16.27
1584396277,35.348736,-97.424899,30,14.85
1584396278,35.348736,-97.424867,10,8.83
1584396279,35.348736,-97.424789,10,6.65
1584396280,35.348736,-97.424733,10,4.92
1584396281,35.348736,-97.424715,10,3.23
1584396282,35.348736,-97.424697,10,1.99
1584396283,35.348736,-97.424669,10,1.76
1584396284,35.348733,-97.424651,10,2.18
1584396285,35.348614,-97.424513,10,5.19
1584396286,35.348551,-97.424534,10,6.88
1584396287,35.348459,-97.424565,10,9.54
1584396288,35.348309,-97.424624,10,13.38
1584396289,35.348164,-97.424688,10,15.61
1584396290,35.348007,-97.424757,10,18.280001
1584396291,35.347822,-97.424839,10,20.879999
1584396292,35.347614,-97.424931,10,22.15
1584396293,35.347424,-97.425015,10,22.299999
1584396294,35.347228,-97.425103,10,22.719999
1584396295,35.347038,-97.4252,10,22.73
1584396296,35.346861,-97.425292,10,21.959999
1584396297,35.34668,-97.425387,10,21.629999
1584396298,35.346507,-97.425478,10,21.59
1584396299,35.346327,-97.425572,10,21.700001
1584396300,35.346138,-97.425671,10,22.33
1584396301,35.345956,-97.425767,10,22.280001
1584396302,35.345776,-97.425861,10,22
1584396303,35.345585,-97.425961,10,21.82
1584396304,35.345394,-97.426062,10,22.35
1584396305,35.34519,-97.426171,10,22.59
1584396306,35.345009,-97.426267,10,22.309999
1584396307,35.344821,-97.426366,10,22.139999
1584396308,35.344646,-97.42646,10,22.25
1584396309,35.344453,-97.426562,10,22.52
1584396310,35.344266,-97.426661,10,22.34
1584396311,35.344081,-97.426756,10,22.559999
1584396312,35.343877,-97.426861,10,22.18
1584396313,35.343692,-97.426951,10,22.32
1584396314,35.343591,-97.426999,10,21.98
1584396315,35.343322,-97.427117,10,22.07
1584396316,35.343131,-97.427193,10,22.389999
1584396317,35.342935,-97.427265,10,22.09
1584396318,35.342747,-97.427324,10,22.09
1584396319,35.342559,-97.427376,10,22.280001
1584396320,35.342364,-97.427427,10,22.35
1584396321,35.342178,-97.427471,10,22.24
1584396322,35.341977,-97.427509,10,22.49
1584396323,35.34179,-97.427538,10,22.379999
1584396324,35.341595,-97.427564,10,22.27
1584396325,35.341412,-97.427586,10,22.059999
1584396326,35.34121,-97.427604,10,22.209999
1584396327,35.341036,-97.42761,10,22.16
1584396328,35.340826,-97.427613,10,22.42
1584396329,35.340642,-97.427612,10,22.24
1584396330,35.340458,-97.427605,10,22.26
1584396331,35.340257,-97.427589,10,21.889999
1584396332,35.340049,-97.427569,10,22.440001
1584396333,35.339855,-97.427543,10,22.450001
1584396334,35.339635,-97.427506,10,22.690001
1584396335,35.339438,-97.427467,10,22.870001
1584396336,35.339228,-97.427417,10,23.02
1584396337,35.339054,-97.427371,10,21.940001
1584396338,35.338853,-97.427312,10,22.32
1584396339,35.33865,-97.427243,10,22.639999
1584396340,35.338451,-97.42717,10,22.780001
1584396341,35.338258,-97.427093,10,22.6
1584396342,35.338073,-97.427012,10,22.24
1584396343,35.337895,-97.42693,10,22.200001
1584396344,35.337719,-97.42684,10,22.26
1584396345,35.337536,-97.426739,10,22.08
1584396346,35.33736,-97.426636,10,21.889999
1584396347,35.337171,-97.42652,10,22.040001
1584396348,35.33699,-97.4264,10,21.93
1584396349,35.336814,-97.426278,10,21.870001
1584396350,35.336642,-97.426156,10,21.950001
1584396351,35.336478,-97.426036,10,22.110001
1584396352,35.336304,-97.425909,10,22
1584396353,35.336136,-97.425786,10,21.77
1584396354,35.33597,-97.425666,10,22.120001
1584396355,35.335797,-97.42554,10,21.68
1584396356,35.335639,-97.425425,10,21.200001
1584396357,35.33546,-97.425299,10,21.83
1584396358,35.335287,-97.425182,10,21.780001
1584396359,35.33512,-97.425071,10,21.790001
1584396360,35.334946,-97.424962,10,21.299999
1584396361,35.334772,-97.424858,10,20.85
1584396362,35.334607,-97.424765,10,21.09
1584396363,35.334434,-97.424674,10,21.360001
1584396364,35.334326,-97.424616,10,21.549999
1584396365,35.334074,-97.424497,10,21.469999
1584396366,35.333893,-97.424413,10,21.940001
1584396367,35.333712,-97.424333,10,22.02
1584396368,35.333524,-97.424256,10,22.24
1584396369,35.33333,-97.424183,10,22.42
1584396370,35.333133,-97.424111,10,22.969999
1584396371,35.332929,-97.424041,10,22.950001
1584396372,35.332712,-97.423976,10,23.48
1584396373,35.332501,-97.423918,10,23.610001
1584396374,35.332279,-97.423864,10,24.139999
1584396375,35.332049,-97.423814,10,23.969999
1584396376,35.331822,-97.423768,10,23.629999
1584396377,35.331628,-97.423733,10,23.07
1584396378,35.331419,-97.423702,10,23.16
1584396379,35.331218,-97.423677,10,23.01
1584396380,35.331021,-97.423657,10,22.84
1584396381,35.330807,-97.423642,10,22.66
1584396382,35.330611,-97.423632,10,22.219999
1584396383,35.330409,-97.423627,10,22.68
1584396384,35.330201,-97.423624,10,22.65
1584396385,35.33,-97.423624,10,22.559999
1584396386,35.329792,-97.423623,10,22.09
1584396387,35.329602,-97.423623,10,22.26
1584396388,35.329407,-97.423622,10,21.99
1584396389,35.329232,-97.423622,10,21.549999
1584396390,35.329049,-97.423622,10,21.52
1584396391,35.328862,-97.423621,10,21.360001
1584396392,35.328658,-97.423621,10,21.459999
1584396393,35.328465,-97.42362,10,22.26
1584396394,35.328278,-97.42362,10,22.08
1584396395,35.328082,-97.423619,10,21.93
1584396396,35.327884,-97.423619,10,21.82
1584396397,35.327682,-97.423618,10,21.93
1584396398,35.32748,-97.423618,10,22.190001
1584396399,35.327275,-97.423617,10,22.57
1584396400,35.327072,-97.423617,10,22.360001
1584396401,35.326875,-97.423606,10,22.4
1584396402,35.326679,-97.423612,10,22.309999
1584396403,35.326464,-97.423604,10,22.58
1584396404,35.326255,-97.423609,10,22.690001
1584396405,35.326045,-97.423616,10,22.950001
1584396406,35.325834,-97.423625,10,22.889999
1584396407,35.325631,-97.42363,10,22.57
1584396408,35.325435,-97.423621,10,22.700001
1584396409,35.325236,-97.423612,10,22.67
1584396410,35.325029,-97.423613,10,22.799999
1584396411,35.324812,-97.423613,10,23.42
1584396412,35.3246,-97.423612,10,23.049999
1584396413,35.324399,-97.423612,10,23.08
1584396414,35.324194,-97.423611,10,22.75
1584396415,35.32398,-97.423611,10,22.809999
1584396416,35.323785,-97.42361,10,22.629999
1584396417,35.323578,-97.42361,10,22.799999
1584396418,35.323378,-97.42361,10,22.559999
1584396419,35.32317,-97.423609,10,22.75
1584396420,35.32297,-97.423609,10,22.68
1584396421,35.322765,-97.423608,10,22.77
1584396422,35.322556,-97.423608,10,22.73
1584396423,35.322343,-97.423607,10,22.6
1584396424,35.322134,-97.423607,10,22.77
1584396425,35.321921,-97.423606,10,22.74
1584396426,35.321767,-97.423606,10,22.74
1584396427,35.321531,-97.423605,10,22.709999
1584396428,35.321323,-97.423605,10,22.43
1584396429,35.321129,-97.423604,10,22.17
1584396430,35.320951,-97.423604,10,20.67
1584396431,35.320775,-97.423604,10,19.530001
1584396432,35.320625,-97.423604,10,17.24
1584396433,35.320487,-97.423604,10,15.92
1584396434,35.320367,-97.423604,10,13.85
1584396435,35.320261,-97.423604,10,11.88
1584396436,35.320176,-97.423604,10,10.49
1584396437,35.320109,-97.423604,10,8.88
1584396438,35.32005,-97.423604,10,7.04
1584396439,35.32001,-97.423604,10,4.46
1584396440,35.319981,-97.423604,10,2.58
1584396443,35.319986,-97.423604,10,0
1584396446,35.319978,-97.423604,10,0.19
1584396461,35.319962,-97.423604,10,0.83
1584396462,35.319915,-97.423604,10,4.97
1584396463,35.319823,-97.423604,10,7.89
1584396464,35.3197,-97.423604,10,11.56
1584396465,35.319554,-97.423604,10,14.65
1584396466,35.319421,-97.423604,10,15.42
1584396467,35.319239,-97.423606,10,19.41
1584396468,35.319017,-97.423606,10,22.1
1584396469,35.318824,-97.423606,10,22.66
1584396470,35.318613,-97.423607,10,23.25
1584396471,35.318417,-97.423607,10,22.68
1584396472,35.318213,-97.423607,10,22.52
1584396473,35.318019,-97.423608,10,22.030001
1584396474,35.317811,-97.423608,10,22.25
1584396475,35.317616,-97.423608,10,22.09
1584396476,35.317412,-97.423608,10,22.32
1584396477,35.317216,-97.423609,10,22.33
1584396478,35.31701,-97.423609,10,22.280001
1584396479,35.316781,-97.423609,10,22.389999
1584396480,35.316584,-97.423609,10,22.26
1584396481,35.316385,-97.42361,10,22.440001
1584396482,35.316181,-97.42361,10,22.360001
1584396483,35.315983,-97.42361,10,22.120001
1584396484,35.315782,-97.42361,10,22.309999
1584396485,35.31559,-97.42361,10,22.24
1584396486,35.315392,-97.423611,10,22.08
1584396487,35.31519,-97.423611,10,21.950001
1584396488,35.314978,-97.423611,10,22.209999
1584396489,35.31482,-97.423611,10,21.879999
1584396490,35.3146,-97.423611,10,22.09
1584396491,35.314403,-97.423611,10,22.25
1584396492,35.314203,-97.423612,10,22.15
1584396493,35.313995,-97.423612,10,22.379999
1584396494,35.313793,-97.423612,10,22.110001
1584396495,35.313582,-97.423612,10,22.48
1584396496,35.313366,-97.423612,10,23.799999
1584396497,35.31313,-97.423612,10,25.1
1584396498,35.312892,-97.423613,10,26.25
1584396499,35.312647,-97.423613,10,27.459999
1584396500,35.312379,-97.423613,10,28.98
1584396501,35.312105,-97.423612,10,30.17
1584396502,35.311834,-97.423612,10,30.66
1584396503,35.311596,-97.423611,10,30.17
1584396504,35.311287,-97.423611,10,30.32
1584396505,35.311016,-97.423611,10,29.42
1584396506,35.310755,-97.42361,10,28.370001
1584396507,35.310505,-97.42361,10,27.77
1584396508,35.310265,-97.42361,10,26.99
1584396509,35.310025,-97.42361,10,26.6
1584396510,35.309803,-97.42361,10,25.639999
1584396511,35.309584,-97.42361,10,24.559999
1584396512,35.309364,-97.42361,10,24.58
1584396513,35.309152,-97.42361,10,24.309999
1584396514,35.308933,-97.42361,10,24.49
1584396515,35.308714,-97.423611,10,24.08
1584396516,35.308502,-97.423612,10,23.969999
1584396517,35.308401,-97.423613,10,23.4
1584396519,35.308375,-97.423613,57.525804,23.040001
1584396520,35.307679,-97.423626,10,22.950001
1584396521,35.307482,-97.423616,10,22.65
1584396522,35.307271,-97.423622,10,22.889999
1584396523,35.307073,-97.423613,10,22.74
1584396524,35.306874,-97.423613,10,22.59
1584396525,35.306681,-97.423612,10,22.190001
1584396526,35.306476,-97.423611,10,21.84
1584396527,35.30628,-97.423611,10,21.76
1584396528,35.306086,-97.423611,10,21.639999
1584396529,35.305886,-97.423611,10,22.190001
1584396530,35.305694,-97.423612,10,22.01
1584396531,35.305492,-97.423612,10,22.120001
1584396532,35.3053,-97.423613,10,22
1584396533,35.305097,-97.423614,10,22.35
1584396534,35.304896,-97.423615,10,22.41
1584396535,35.30469,-97.423616,10,22.25
1584396536,35.304493,-97.423617,10,22.02
1584396537,35.304288,-97.423618,10,22.549999
1584396538,35.30408,-97.423619,10,22.780001
1584396539,35.303874,-97.423621,10,22.690001
1584396540,35.303671,-97.423622,10,22.309999
1584396541,35.303455,-97.423623,10,22.620001
1584396542,35.303249,-97.423623,10,22.48
1584396543,35.30304,-97.423624,10,22.57
1584396544,35.302834,-97.423624,10,22.5
1584396545,35.302633,-97.423625,10,22.190001
1584396546,35.302423,-97.423625,10,22.09
1584396547,35.302224,-97.423625,10,22.459999
1584396548,35.30202,-97.423626,10,22.440001
1584396549,35.301828,-97.423626,10,22.18
1584396550,35.301632,-97.423625,10,22.129999
1584396551,35.301433,-97.423625,10,22.23
1584396552,35.301226,-97.423625,10,22.389999
1584396553,35.301021,-97.423625,10,22.549999
1584396554,35.300828,-97.423626,10,22.18
1584396555,35.300633,-97.423628,10,22.15
1584396556,35.300468,-97.42363,10,22.299999
1584396557,35.300239,-97.423631,10,22.440001
1584396558,35.300037,-97.423632,10,22.610001
1584396559,35.299837,-97.423633,10,22.65
1584396560,35.29963,-97.423634,10,22.84
1584396561,35.299422,-97.423635,10,22.620001
1584396562,35.299221,-97.423637,10,22.719999
1584396563,35.299018,-97.423638,10,22.459999
1584396564,35.298815,-97.423639,10,22.360001
1584396565,35.29861,-97.42364,10,22.4
1584396566,35.298411,-97.423641,10,22.139999
1584396567,35.298207,-97.423642,10,22.18
1584396568,35.298001,-97.423643,10,22.360001
1584396569,35.297804,-97.423644,10,22.030001
1584396570,35.297604,-97.423644,10,21.98
1584396571,35.297403,-97.423645,10,22.049999
1584396572,35.297196,-97.423646,10,21.83
1584396573,35.297014,-97.423646,10,21.43
1584396574,35.296815,-97.423647,10,21.6
1584396575,35.29662,-97.423647,10,21.65
1584396576,35.296434,-97.423648,10,21.84
1584396577,35.296291,-97.423649,10,21.92
1584396578,35.296052,-97.42365,10,21.959999
1584396579,35.295884,-97.42365,10,21.879999
1584396580,35.295665,-97.42365,10,22.02
1584396581,35.295459,-97.42365,10,22.23
1584396582,35.295447,-97.42365,10,22.290001
1584396583,35.29504,-97.423651,10,22.030001
1584396584,35.294845,-97.423651,10,22.280001
1584396585,35.294635,-97.423651,10,22.73
1584396586,35.294432,-97.423651,10,22.629999
1584396587,35.294241,-97.423652,10,21.92
1584396588,35.294039,-97.423653,10,22.59
1584396589,35.293831,-97.423654,10,22.700001
1584396590,35.293661,-97.423655,10,22.4
1584396591,35.293438,-97.423657,10,22.59
1584396592,35.293232,-97.423658,10,22.48
1584396593,35.293032,-97.423659,10,22.379999
1584396594,35.29283,-97.42366,10,22.290001
1584396595,35.292669,-97.423661,10,22.32
1584396596,35.292429,-97.423663,10,22.35
1584396597,35.29222,-97.423664,10,22.5
1584396598,35.292006,-97.423666,10,22.66
1584396599,35.291802,-97.423666,10,22.379999
1584396600,35.291587,-97.423667,10,22
1584396601,35.29143,-97.423668,10,22.950001
1584396602,35.291167,-97.423669,10,24.15
1584396603,35.290909,-97.423669,10,26.59
1584396604,35.290657,-97.423669,10,28.59
1584396605,35.2904,-97.423671,10,28.76
1584396606,35.29015,-97.423672,10,28.51
1584396607,35.289891,-97.423673,10,28.139999
1584396608,35.289666,-97.423674,10,26.26
1584396609,35.289446,-97.423674,10,25.02
1584396610,35.289231,-97.423675,10,23.860001
1584396611,35.28902,-97.423676,10,23.33
1584396612,35.288813,-97.423676,10,22.860001
1584396613,35.288606,-97.423677,10,22.67
1584396614,35.288401,-97.423677,10,22.709999
1584396615,35.2882,-97.423678,10,22.08
1584396616,35.287997,-97.423678,10,22.23
1584396617,35.2878,-97.423679,10,21.98
1584396618,35.287608,-97.423679,10,21.59
1584396619,35.287415,-97.423679,10,21.620001
1584396620,35.287212,-97.423679,10,21.940001
1584396621,35.28701,-97.42368,10,22.459999
1584396622,35.286812,-97.42368,10,22.309999
1584396623,35.286614,-97.42368,10,22.18
1584396624,35.286415,-97.42368,10,22.110001
1584396625,35.286212,-97.423681,10,21.809999
1584396626,35.286008,-97.423681,10,21.780001
1584396627,35.28582,-97.423681,10,21.450001
1584396628,35.285631,-97.423681,10,21.799999
1584396629,35.285432,-97.423681,10,21.57
1584396630,35.285242,-97.423682,10,21.389999
1584396631,35.28505,-97.423682,10,21.469999
1584396632,35.284857,-97.423682,10,21.35
1584396633,35.28466,-97.423682,10,21.51
1584396634,35.284459,-97.423683,10,21.690001
1584396635,35.284276,-97.423683,10,21.389999
1584396636,35.284076,-97.423683,10,21.49
1584396637,35.283887,-97.423683,10,21.73
1584396638,35.283691,-97.423684,10,21.83
1584396639,35.283497,-97.423684,10,22.139999
1584396640,35.283295,-97.423684,10,22.049999
1584396641,35.28309,-97.423684,10,22.02
1584396642,35.282884,-97.423685,10,22.290001
1584396643,35.282682,-97.423685,10,22.610001
1584396644,35.28247,-97.423685,10,22.530001
1584396645,35.282265,-97.423685,10,22.049999
1584396646,35.282082,-97.423686,10,22.34
1584396647,35.281873,-97.423686,10,22.559999
1584396648,35.28166,-97.423686,10,22.780001
1584396649,35.281454,-97.423686,10,22.58
1584396650,35.281252,-97.423687,10,22.42
1584396651,35.281058,-97.423687,10,22.110001
1584396652,35.280862,-97.423687,10,22.370001
1584396653,35.280659,-97.423688,10,22.389999
1584396654,35.280458,-97.423688,10,22.18
1584396655,35.280249,-97.423689,10,22.040001
1584396656,35.280045,-97.423689,10,22.17
1584396657,35.279838,-97.423689,10,22.360001
1584396658,35.279642,-97.42369,10,22.51
1584396659,35.279457,-97.42369,10,21.690001
1584396660,35.279273,-97.42369,10,22.09
1584396661,35.279068,-97.42369,10,21.809999
1584396662,35.27886,-97.423691,10,21.74
1584396663,35.278655,-97.423691,10,22.110001
1584396664,35.278455,-97.423691,10,21.809999
1584396665,35.278273,-97.423691,10,21.99
1584396666,35.27807,-97.423691,10,21.83
1584396667,35.277874,-97.423691,10,22.040001
1584396668,35.277679,-97.423691,10,21.9
1584396669,35.277473,-97.423691,10,22.09
1584396670,35.277267,-97.423692,10,22.110001
1584396671,35.277067,-97.423692,10,22.43
1584396672,35.27686,-97.423692,10,23.1
1584396673,35.276629,-97.423692,10,24.77
1584396674,35.276376,-97.423691,10,26.459999
1584396675,35.276139,-97.423691,10,26.950001
1584396676,35.275909,-97.423693,10,26.66
1584396677,35.275674,-97.423695,10,26.07
1584396678,35.27545,-97.423697,10,24.59
1584396679,35.275244,-97.423697,10,23.51
1584396680,35.275033,-97.423698,10,22.969999
1584396681,35.274839,-97.423699,10,22.219999
1584396682,35.274655,-97.423699,10,21.540001
1584396683,35.274466,-97.4237,10,20.67
1584396684,35.274297,-97.4237,10,20.809999
1584396685,35.274111,-97.4237,10,20.58
1584396686,35.273917,-97.4237,10,21.24
1584396687,35.273733,-97.4237,10,20.66
1584396688,35.273545,-97.4237,10,21.389999
1584396689,35.273336,-97.4237,10,22.1
1584396690,35.273138,-97.4237,10,22.459999
1584396691,35.272937,-97.4237,10,22.02
1584396692,35.272728,-97.4237,10,22.030001
1584396693,35.272535,-97.4237,10,21.719999
1584396694,35.272336,-97.4237,10,21.91
1584396695,35.272131,-97.423701,10,22.049999
1584396696,35.271947,-97.423701,10,21.620001
1584396697,35.271759,-97.423701,10,21.469999
1584396698,35.271549,-97.423701,10,21.02
1584396699,35.271371,-97.423702,10,21.110001
1584396700,35.271164,-97.423702,10,21.209999
1584396701,35.270968,-97.423702,10,21.43
1584396702,35.270801,-97.423702,10,20.91
1584396703,35.270609,-97.423702,10,21.120001
1584396704,35.270424,-97.423702,10,21.110001
1584396705,35.270537,-97.423702,10,0
1584396706,35.270433,-97.423702,10,21.629999
1584396707,35.270184,-97.423702,10,22.52
1584396708,35.26997,-97.423702,10,21.84
1584396709,35.269745,-97.423702,10,22.35
1584396710,35.269523,-97.423702,10,22.57
1584396711,35.269299,-97.423702,10,22.700001
1584396712,35.269143,-97.423702,10,22.780001
1584396713,35.268847,-97.423704,10,23.02
1584396714,35.268634,-97.423705,10,23.290001
1584396715,35.268406,-97.423705,10,23.790001
1584396716,35.268201,-97.423706,10,23.309999
1584396717,35.267982,-97.423706,10,23.059999
1584396718,35.267773,-97.423707,10,22.879999
1584396719,35.267566,-97.423707,10,22.58
1584396720,35.267353,-97.423707,10,22
1584396721,35.267146,-97.423708,10,21.639999
1584396722,35.266938,-97.423708,10,21.360001
1584396723,35.266736,-97.423709,10,21.57
1584396724,35.266518,-97.423709,10,21.82
1584396725,35.266323,-97.42371,10,21.889999
1584396726,35.26612,-97.42371,10,21.959999
1584396727,35.26591,-97.42371,10,22.09
1584396728,35.265689,-97.42371,10,22.66
1584396729,35.265486,-97.42371,10,22.4
1584396730,35.26528,-97.42371,10,22.27
1584396731,35.265088,-97.42371,10,22.120001
1584396732,35.264881,-97.423709,10,22.200001
1584396733,35.264683,-97.423709,10,22.08
1584396734,35.264471,-97.42371,10,22.24
1584396735,35.264264,-97.423711,10,22.540001
1584396736,35.26406,-97.423711,10,22.33
1584396737,35.263863,-97.423712,10,22.26
1584396738,35.263665,-97.423713,10,22.16
1584396739,35.26347,-97.423713,10,21.18
1584396740,35.263287,-97.423713,10,19.950001
1584396741,35.26313,-97.423713,10,18.26
1584396742,35.262967,-97.423713,10,16.889999
1584396743,35.262814,-97.423713,10,16.620001
1584396744,35.262674,-97.423713,10,15.42
1584396745,35.262545,-97.423712,10,14.73
1584396746,35.262418,-97.423712,10,13.58
1584396747,35.262315,-97.423711,10,11.94
1584396748,35.262229,-97.423711,10,10.11
1584396749,35.262173,-97.423711,10,7.56
1584396750,35.262106,-97.42371,10,6.58
1584396751,35.262063,-97.42371,10,6.16
1584396752,35.262026,-97.42371,10,4.65
1584396753,35.262004,-97.42371,10,2.51
1584396755,35.261999,-97.42371,10,0.51
1584396756,35.262007,-97.42371,10,0.29
1584396758,35.262012,-97.42371,10,0.15
1584396759,35.26202,-97.42371,10,0.46
1584396792,35.26199,-97.42371,10,2.86
1584396793,35.261902,-97.423709,10,5.16
1584396794,35.261827,-97.423709,10,8.83
1584396795,35.261699,-97.423709,10,12.03
1584396796,35.261565,-97.423709,10,14.65
1584396797,35.261411,-97.423708,10,17.18
1584396798,35.26125,-97.423708,10,17.59
1584396799,35.261083,-97.423708,10,18.15
1584396800,35.260893,-97.423707,10,19.08
1584396801,35.260684,-97.423706,10,20.389999
1584396802,35.260442,-97.423702,10,21.75
1584396803,35.260253,-97.423698,10,21.860001
1584396804,35.260048,-97.423693,10,22.25
1584396805,35.259865,-97.423689,10,21.9
1584396806,35.259665,-97.423688,10,22.110001
1584396807,35.259465,-97.423687,10,22.5
1584396808,35.259266,-97.423685,10,22.15
1584396809,35.259066,-97.423684,10,21.83
1584396810,35.258884,-97.423682,10,21.9
1584396811,35.258688,-97.42368,10,22.08
1584396812,35.258485,-97.423678,10,21.98
1584396813,35.258277,-97.423675,10,22.030001
1584396814,35.258102,-97.423673,10,21.700001
1584396815,35.257895,-97.423671,10,21.879999
1584396816,35.257695,-97.423669,10,22.08
1584396817,35.257493,-97.423667,10,22.17
1584396818,35.2573,-97.423665,10,22.01
1584396819,35.257084,-97.423662,10,22.290001
1584396820,35.256872,-97.423659,10,22.540001
1584396821,35.256669,-97.423656,10,22.280001
1584396822,35.256459,-97.423653,10,22.57
1584396823,35.256273,-97.423651,10,22.09
1584396824,35.25607,-97.423649,10,22.360001
1584396825,35.255902,-97.423647,10,22.190001
1584396826,35.255697,-97.423644,10,21.9
1584396827,35.255501,-97.423642,10,21.51
1584396828,35.255316,-97.42364,10,20.620001
1584396829,35.255171,-97.423637,10,19.049999
1584396830,35.255021,-97.423633,10,17.709999
1584396831,35.2549,-97.423631,10,16.120001
1584396832,35.254959,-97.423632,10,13.55
1584396833,35.254948,-97.423632,10,10.88
1584396834,35.254841,-97.42363,10,10.29
1584396835,35.25474,-97.423627,10,8.88
1584396836,35.254667,-97.423625,10,7.66
1584396837,35.254593,-97.423623,10,6.77
1584396841,35.254282,-97.423608,10,8.54
1584396842,35.254165,-97.423606,10,10.37
1584396843,35.254041,-97.423605,10,11.42
1584396844,35.253907,-97.42361,10,12.82
1584396845,35.253787,-97.423628,10,13.88
1584396846,35.253653,-97.423627,10,14.7
1584396847,35.253494,-97.423627,10,15.96
1584396848,35.253327,-97.423627,10,17.389999
1584396849,35.253143,-97.423627,10,18.530001
1584396850,35.252972,-97.423627,10,18.690001
1584396851,35.252802,-97.423626,10,18.870001
1584396852,35.252625,-97.423626,10,19.110001
1584396853,35.252437,-97.423626,10,19.51
1584396854,35.252267,-97.423625,10,19.049999
1584396855,35.252096,-97.423625,10,19.629999
1584396856,35.251905,-97.423625,10,19.809999
1584396857,35.251785,-97.423625,10,20.18
1584396858,35.251548,-97.423624,10,20.6
1584396859,35.251355,-97.423624,10,20.799999
1584396860,35.251157,-97.423623,10,20.65
1584396861,35.250964,-97.423623,10,20.74
1584396862,35.250773,-97.423622,10,20.620001
1584396863,35.250572,-97.423621,10,20.950001
1584396864,35.250399,-97.423618,10,20.57
1584396865,35.250215,-97.423614,10,20.23
1584396866,35.250007,-97.42361,10,20.83
1584396867,35.249843,-97.423604,10,20.1
1584396868,35.249642,-97.423597,10,20.200001
1584396869,35.249478,-97.42359,10,19.540001
1584396870,35.249303,-97.423582,10,19.73
1584396871,35.24912,-97.423574,10,19.639999
1584396872,35.248947,-97.423565,10,19.370001
1584396873,35.24879,-97.423558,10,18.9
1584396874,35.248622,-97.423548,10,18.870001
1584396875,35.248451,-97.423539,10,18.92
1584396876,35.24827,-97.423528,10,19.08
1584396877,35.248116,-97.42352,10,18.120001
1584396878,35.247989,-97.423513,10,16.66
1584396879,35.247928,-97.42351,10,12.77
1584396880,35.247887,-97.423508,10,10.31
1584396881,35.247819,-97.423505,10,8.73
1584396882,35.247755,-97.423503,10,6.57
1584396883,35.247732,-97.423502,10,5.25
1584396884,35.247714,-97.423501,10,2.71
1584396885,35.247708,-97.423501,10,2.19
1584396886,35.247694,-97.4235,10,2.1
1584396887,35.247682,-97.4235,10,2.03
1584396888,35.247595,-97.423497,10,5.03
1584396889,35.247541,-97.423495,10,6.54
1584396890,35.247476,-97.423492,10,7.23
1584396891,35.247405,-97.423489,10,8.25
1584396892,35.247306,-97.423488,10,9.68
1584396893,35.247195,-97.423486,10,10.73
1584396894,35.247057,-97.423484,10,12.6
1584396895,35.24694,-97.423484,10,13.19
1584396896,35.246812,-97.423485,10,13.87
1584396897,35.246702,-97.423486,10,0
1584396899,35.246775,-97.423485,10,17.23
1584396900,35.246605,-97.423488,10,18.76
1584396901,35.24642,-97.423492,10,20.110001
1584396902,35.246222,-97.423497,10,20.860001
1584396903,35.246025,-97.423501,10,21.4
1584396904,35.245804,-97.423509,10,22.18
1584396905,35.245588,-97.423517,10,22.42
1584396906,35.245384,-97.423526,10,22.41
1584396907,35.245173,-97.423535,10,22.24
1584396908,35.244955,-97.423544,10,22.549999
1584396909,35.244756,-97.423551,10,21.51
1584396910,35.244568,-97.423558,10,21.129999
1584396911,35.244373,-97.423564,10,20.84
1584396912,35.244183,-97.42357,10,19.559999
1584396913,35.243989,-97.423575,10,19.41
1584396914,35.243797,-97.423579,10,19.75
1584396915,35.243596,-97.423583,10,20.27
1584396916,35.243407,-97.423586,10,20.530001
1584396917,35.2432,-97.423586,10,20.709999
1584396918,35.242979,-97.423586,10,21.139999
1584396919,35.242751,-97.423586,10,21.719999
1584396920,35.242514,-97.423583,10,22.950001
1584396921,35.242294,-97.423582,10,22.15
1584396922,35.242152,-97.42358,10,20.690001
1584396923,35.241946,-97.423578,10,20.799999
1584396924,35.241808,-97.423577,10,19.389999
1584396925,35.241608,-97.423575,10,19.98
1584396926,35.241403,-97.423574,10,20.42
1584396927,35.241222,-97.423572,10,20.15
1584396928,35.241053,-97.423571,10,19.58
1584396929,35.240858,-97.423569,10,20.24
1584396930,35.240661,-97.423568,10,20.559999
1584396931,35.240497,-97.423566,10,20.219999
1584396932,35.24032,-97.423565,10,20.360001
1584396933,35.240133,-97.423563,10,20.200001
1584396934,35.239943,-97.423561,10,20.879999
1584396935,35.239754,-97.423559,10,20.34
1584396936,35.239568,-97.423557,10,20.73
1584396937,35.239379,-97.423555,10,20.959999
1584396938,35.239192,-97.423553,10,20.65
1584396939,35.239013,-97.423551,10,20.370001
1584396940,35.238823,-97.423549,10,21.02
1584396941,35.23865,-97.423547,10,20.34
1584396942,35.238474,-97.423546,10,20.5
1584396943,35.238334,-97.423544,10,20.26
1584396944,35.238095,-97.423542,10,19.93
1584396945,35.237916,-97.42354,10,19.9
1584396946,35.237731,-97.423539,10,19.99
1584396947,35.237561,-97.423537,10,20.290001
1584396948,35.237358,-97.423535,10,22.02
1584396949,35.23714,-97.423533,10,22.92
1584396950,35.236909,-97.42353,10,24.17
1584396951,35.236687,-97.423528,10,24.41
1584396952,35.236465,-97.423526,10,24.040001
1584396953,35.236263,-97.423524,10,23.48
1584396954,35.236084,-97.423523,10,22.290001
1584396955,35.235865,-97.423521,10,22.9
1584396956,35.235729,-97.42352,10,22.41
1584396957,35.235431,-97.423516,10,23.42
1584396958,35.235248,-97.423513,10,21.84
1584396959,35.235286,-97.423514,10,0
1584396960,35.2353,-97.423514,10,0
1584396961,35.235178,-97.423512,10,19.969999
1584396962,35.23499,-97.42351,10,20.1
1584396963,35.234822,-97.423508,10,19.01
1584396964,35.234642,-97.423507,10,18.33
1584396965,35.234498,-97.423505,10,17.9
1584396966,35.234303,-97.423502,10,17.4
1584396967,35.234129,-97.423499,10,17.639999
1584396968,35.23393,-97.423496,10,18.309999
1584396969,35.233787,-97.423495,10,14.33
1584396970,35.233683,-97.423493,10,10.62
1584396971,35.233568,-97.423491,10,9.05
1584396972,35.233538,-97.42349,10,7.79
1584396973,35.233421,-97.42349,10,6.62
1584396974,35.233374,-97.42349,10,5.74
1584396975,35.233348,-97.42349,10,4.4
1584396976,35.233319,-97.42349,10,3.25
1584396977,35.233309,-97.42349,10,2.12
1584396981,35.233252,-97.423492,10,1.28
1584396982,35.233232,-97.423492,10,0.63
1584396983,35.233223,-97.423493,10,0.41
1584396985,35.233233,-97.423492,10,0.22
1584396987,35.233238,-97.423492,10,0
1584396988,35.23331,-97.42349,10,0
1584397030,35.233244,-97.423492,10,0.16
1584397031,35.233309,-97.42349,10,0.4
1584397033,35.23322,-97.423493,10,2.17
1584397034,35.233193,-97.423493,10,3.04
1584397035,35.233164,-97.423494,10,3.07
1584397036,35.233129,-97.423495,10,3.59
1584397037,35.232961,-97.423499,10,9.16
1584397038,35.232884,-97.423501,10,10.43
1584397039,35.232744,-97.423508,10,10.94
1584397040,35.232635,-97.423514,10,11.6
1584397041,35.232515,-97.423519,10,13.2
1584397042,35.232389,-97.423523,10,14.32
1584397043,35.232239,-97.423526,10,15.69
1584397044,35.232102,-97.423528,10,15.96
1584397045,35.231969,-97.42353,10,15.67
1584397046,35.231815,-97.423531,10,16.040001
1584397047,35.231662,-97.423532,10,16.67
1584397048,35.231502,-97.423535,10,17.01
1584397049,35.231342,-97.423535,10,17.1
1584397050,35.231185,-97.423536,10,17.16
1584397051,35.231024,-97.423536,10,17.219999
1584397052,35.230839,-97.423536,10,17.610001
1584397053,35.23069,-97.423535,10,17.33
1584397054,35.230571,-97.423535,10,16.49
1584397055,35.23041,-97.423535,10,16.75
1584397056,35.230255,-97.423535,10,16.889999
1584397057,35.230118,-97.423532,10,16.940001
1584397058,35.229976,-97.423531,10,16.709999
1584397059,35.22982,-97.42353,10,17.16
1584397060,35.229662,-97.42353,10,17.200001
1584397061,35.22951,-97.42353,10,17.280001
1584397062,35.229348,-97.42353,10,17.459999
1584397063,35.229172,-97.423529,10,18.09
1584397064,35.229008,-97.423529,10,18.16
1584397065,35.228917,-97.423529,10,18.110001
1584397066,35.228695,-97.423533,10,17.799999
1584397067,35.228529,-97.423536,10,17.5
1584397068,35.228375,-97.423538,10,17.08
1584397069,35.228221,-97.423541,10,16.92
1584397070,35.228064,-97.423542,10,17.120001
1584397071,35.227912,-97.423544,10,16.67
1584397072,35.227758,-97.423545,10,16.540001
1584397073,35.227621,-97.423546,10,16.459999
1584397074,35.227473,-97.423546,10,16.33
1584397075,35.227333,-97.423547,10,15.84
1584397076,35.227185,-97.423548,10,16.040001
1584397077,35.227058,-97.42355,10,15.35
1584397078,35.226925,-97.423552,10,14.62
1584397079,35.226794,-97.423553,10,13.58
1584397080,35.226674,-97.423555,10,13.93
1584397081,35.226586,-97.423556,10,14.16
1584397082,35.226412,-97.423557,10,14.34
1584397083,35.226309,-97.423558,10,13.28
1584397084,35.226195,-97.423559,10,12.94
1584397085,35.226082,-97.42356,10,13.09
1584397086,35.225945,-97.423561,10,13.66
1584397087,35.225822,-97.423562,10,13.74
1584397088,35.22573,-97.423563,10,15.18
1584397089,35.225695,-97.423563,10,14.79
1584397090,35.225534,-97.423564,10,16.15
1584397091,35.225361,-97.423566,10,16.23
1584397092,35.225195,-97.423567,10,16.370001
1584397093,35.225015,-97.423568,10,16.9
1584397094,35.22485,-97.423569,10,17.6
1584397095,35.224694,-97.423571,10,17.26
1584397096,35.224523,-97.423573,10,17.290001
1584397097,35.224352,-97.423575,10,17.889999
1584397098,35.224258,-97.423576,10,17.82
1584397099,35.224023,-97.423579,10,18.290001
1584397100,35.223828,-97.423579,10,18.879999
1584397101,35.223682,-97.423579,10,18.389999
1584397102,35.223481,-97.423581,10,18.17
1584397103,35.223311,-97.423583,10,18.299999
1584397104,35.223131,-97.423584,10,18
1584397105,35.222986,-97.423586,10,17.309999
1584397106,35.222824,-97.423587,10,17.200001
1584397107,35.222695,-97.423588,10,16.48
1584397108,35.222534,-97.42359,10,17.35
1584397109,35.222384,-97.423592,10,17.290001
1584397110,35.222248,-97.423593,10,16.82
1584397111,35.222094,-97.423595,10,16.58
1584397112,35.221943,-97.423596,10,16.559999
1584397113,35.221781,-97.423598,10,16.459999
1584397114,35.221632,-97.423599,10,16.6
1584397115,35.221516,-97.4236,10,16.41
1584397116,35.221342,-97.423601,10,16.6
1584397117,35.221214,-97.423601,10,16.620001
1584397118,35.221064,-97.423602,10,16.52
1584397119,35.22091,-97.423602,10,16.25
1584397120,35.220765,-97.423602,10,15.8
1584397121,35.220624,-97.423605,10,15.52
1584397122,35.220495,-97.423608,10,15.32
1584397123,35.220357,-97.423612,10,15.21
1584397124,35.220223,-97.423615,10,14.73
1584397125,35.220104,-97.423616,10,14.16
1584397126,35.220012,-97.423617,10,13.54
1584397127,35.219899,-97.423616,10,12.49
1584397128,35.219781,-97.423615,10,12.71
1584397129,35.219654,-97.423614,10,13.14
1584397130,35.219604,-97.423614,10,11.08
1584397131,35.219484,-97.423614,10,11.71
1584397132,35.219391,-97.423614,10,11.43
1584397133,35.219285,-97.423615,10,11.59
1584397134,35.219199,-97.423615,10,11.35
1584397135,35.219128,-97.423616,10,10.79
1584397136,35.219002,-97.423618,10,11.05
1584397137,35.21887,-97.42362,10,11.91
1584397138,35.218875,-97.42362,10,7.18
1584397139,35.218811,-97.423621,10,6.92
1584397140,35.218764,-97.423621,10,6.55
1584397141,35.21873,-97.423621,10,5.73
1584397142,35.218659,-97.423621,10,6.21
1584397143,35.218694,-97.423621,10,2.72
1584397144,35.218657,-97.423621,10,2.9
1584397145,35.218674,-97.423621,10,1.15
1584397147,35.218642,-97.423621,10,1.42
1584397149,35.218671,-97.423621,10,0.73
1584397150,35.218705,-97.423621,10,0.86
1584397151,35.218711,-97.423621,10,0
1584397152,35.218718,-97.423621,10,0
1584397203,35.218697,-97.423621,10,0.32
1584397204,35.218685,-97.423621,10,1.28
1584397205,35.218675,-97.423621,10,1.39
1584397206,35.218662,-97.423621,10,1.48
1584397207,35.218644,-97.423621,10,2.13
1584397208,35.218616,-97.423621,10,3.04
1584397209,35.218575,-97.423622,10,3.88
1584397210,35.218531,-97.423622,10,4.61
1584397211,35.218388,-97.423623,10,5.87
1584397213,35.218118,-97.423623,10,10.24
1584397214,35.217896,-97.423624,30,12.05
1584397215,35.217856,-97.423625,30,14.1
1584397216,35.217563,-97.423624,10,14.3
1584397217,35.217358,-97.423623,10,16.700001
1584397218,35.21718,-97.423625,10,17.41
1584397219,35.216996,-97.423625,10,17.860001
1584397220,35.21683,-97.423625,10,17.889999
1584397221,35.216687,-97.423625,10,17.860001
1584397222,35.216538,-97.423625,10,18
1584397223,35.216372,-97.423625,10,18.58
1584397224,35.216178,-97.423625,10,19.41
1584397225,35.215984,-97.423625,10,19.9
1584397226,35.215828,-97.423626,10,19.59
1584397227,35.215645,-97.423626,10,19.52
1584397228,35.215491,-97.423626,10,18.719999
1584397229,35.215326,-97.423625,10,18.18
1584397230,35.215189,-97.423625,10,17.950001
1584397231,35.214989,-97.423625,10,18.219999
1584397232,35.214855,-97.423626,10,18.370001
1584397233,35.214671,-97.423626,10,18.309999
1584397234,35.214515,-97.423626,10,18.32
1584397235,35.214343,-97.423625,10,18.23
1584397236,35.214176,-97.423625,10,18.42
1584397237,35.214009,-97.423625,10,18.34
1584397238,35.213831,-97.423625,10,18.6
1584397239,35.213647,-97.423625,10,18.76
1584397240,35.213473,-97.423625,10,18.77
1584397241,35.213306,-97.423625,10,18.52
1584397242,35.213145,-97.423625,10,18.68
1584397243,35.212982,-97.423626,10,18.68
1584397244,35.212807,-97.423626,10,18.889999
1584397245,35.212635,-97.423627,10,18.870001
1584397246,35.212458,-97.423627,10,18.99
1584397247,35.212287,-97.423628,10,18.68
1584397248,35.212126,-97.423629,10,17.950001
1584397249,35.211963,-97.423629,10,17.639999
1584397250,35.211799,-97.423629,10,17.690001
1584397251,35.211624,-97.423629,10,18.15
1584397252,35.211457,-97.423628,10,18.24
1584397253,35.211295,-97.423628,10,18.389999
1584397254,35.211124,-97.423627,10,18.4
1584397255,35.210943,-97.423629,10,18.6
1584397256,35.210767,-97.423629,10,18.98
1584397257,35.210595,-97.423629,10,19.16
1584397258,35.210403,-97.42363,10,19.379999
1584397259,35.210232,-97.42363,10,19.35
1584397260,35.210055,-97.423631,10,19.379999
1584397261,35.209875,-97.423632,10,19.91
1584397262,35.209711,-97.423633,10,19.5
1584397263,35.209535,-97.423632,10,19.610001
1584397264,35.209368,-97.423632,10,19.469999
1584397265,35.209247,-97.423631,10,19.52
1584397266,35.209033,-97.423631,10,18.709999
1584397267,35.208866,-97.423631,10,18.59
1584397268,35.208705,-97.423631,10,18.360001
1584397269,35.208543,-97.423631,10,18.4
1584397270,35.208369,-97.423631,10,18.24
1584397271,35.208196,-97.423631,10,18.790001
1584397272,35.20803,-97.423631,10,18.389999
1584397273,35.207868,-97.423631,10,18.51
1584397274,35.207731,-97.423631,10,18.379999
1584397275,35.207539,-97.42363,10,19.110001
1584397276,35.207368,-97.42363,10,18.59
1584397277,35.207201,-97.42363,10,18.969999
1584397278,35.207033,-97.42363,10,18.809999
1584397279,35.206871,-97.423631,10,18.92
1584397280,35.206699,-97.423632,10,18.66
1584397281,35.206531,-97.423633,10,18.809999
1584397282,35.206389,-97.423634,10,17.280001
1584397283,35.206221,-97.423633,10,17.93
1584397284,35.206064,-97.423632,10,17.639999
1584397285,35.205895,-97.423631,10,16.709999
1584397286,35.205758,-97.423629,10,16.030001
1584397287,35.205616,-97.423626,10,15.93
1584397288,35.205529,-97.423625,10,15.56
1584397289,35.205332,-97.423622,10,14.33
1584397290,35.205216,-97.42362,10,11.86
1584397291,35.205113,-97.423619,10,11.61
1584397292,35.205061,-97.423618,10,11.1
1584397293,35.204958,-97.423617,10,9.7
1584397294,35.204892,-97.423617,10,8.91
1584397295,35.204812,-97.423617,10,8.54
1584397296,35.204761,-97.423617,10,7.94
1584397297,35.204776,-97.423617,10,5.77
1584397298,35.204819,-97.423617,10,2.25
1584397299,35.204811,-97.423617,10,2.73
1584397300,35.204801,-97.423617,10,2.65
1584397301,35.204771,-97.423617,10,3.48
1584397302,35.204741,-97.423617,10,3.76
1584397303,35.204721,-97.423617,10,3.89
1584397304,35.204654,-97.423616,10,4.79
1584397305,35.204607,-97.423616,10,5.31
1584397306,35.20454,-97.423616,10,6.55
1584397307,35.204498,-97.423615,10,7.86
1584397308,35.204416,-97.423616,10,6.91
1584397309,35.20434,-97.423616,10,7.76
1584397310,35.204309,-97.423616,10,7.03
1584397311,35.204249,-97.423618,10,6.53
1584397312,35.20419,-97.423617,10,6.21
1584397313,35.204166,-97.423617,10,5.33
1584397315,35.204139,-97.423616,10,2.03
1584397316,35.204172,-97.423617,10,2.04
1584397317,35.204086,-97.423615,10,2.19
1584397318,35.204134,-97.423616,10,0.48
1584397319,35.204186,-97.423617,10,0
1584397320,35.204143,-97.423616,10,0.15
1584397322,35.204167,-97.423617,10,0
1584397362,35.204115,-97.423616,10,0.17
1584397363,35.204163,-97.423617,10,0
1584397364,35.204096,-97.423615,10,0.59
1584397365,35.204078,-97.423615,10,0.86
1584397366,35.204067,-97.423615,10,0.88
1584397367,35.204058,-97.423614,10,1.07
1584397368,35.203957,-97.423612,10,5.09
1584397369,35.203926,-97.423612,10,6.11
1584397370,35.203879,-97.423454,10,6.64
1584397371,35.20384,-97.423382,10,8.63
1584397372,35.203812,-97.423309,10,8.62
1584397373,35.203798,-97.423201,10,9.17
1584397374,35.203831,-97.423125,10,13.35
1584397375,35.203832,-97.422859,10,15.26
1584397376,35.203835,-97.422621,10,16.110001
1584397377,35.203836,-97.422475,10,17.34
1584397378,35.20384,-97.422209,10,17.34
1584397379,35.203842,-97.422019,10,16.9
1584397380,35.203844,-97.421855,10,16.35
1584397381,35.203846,-97.421672,10,16.4
1584397382,35.203848,-97.421508,10,16.16
1584397383,35.203849,-97.421347,10,16.01
1584397384,35.20385,-97.421212,10,15.74
1584397385,35.20385,-97.421072,10,15.61
1584397386,35.20385,-97.420839,10,14.61
1584397387,35.20385,-97.420752,10,13.91
1584397388,35.203848,-97.420524,10,13.37
1584397389,35.203844,-97.420398,10,12.03
1584397390,35.203846,-97.420278,10,11.27
1584397391,35.203854,-97.42017,10,9.87
1584397392,35.203877,-97.420091,10,8.43
1584397393,35.203848,-97.420039,10,7.58
1584397394,35.203861,-97.42003,10,7.36
1584397395,35.204047,-97.420029,10,7.29
1584397396,35.204121,-97.42003,10,7.85
1584397397,35.204179,-97.42003,10,7.89
1584397398,35.20427,-97.42003,10,7.03
1584397399,35.204327,-97.42003,10,6.6
1584397400,35.204382,-97.419985,10,6.37
1584397401,35.204419,-97.419977,10,5.39
1584397402,35.204456,-97.419961,10,4.49
1584397403,35.204433,-97.419896,10,3.39
1584397404,35.204415,-97.419857,10,3.26
1584397405,35.204415,-97.419825,10,3.72
1584397406,35.204416,-97.419739,10,4.62
1584397407,35.204416,-97.419624,10,5.94
1584397408,35.204416,-97.419523,10,7.22
1584397409,35.204416,-97.419449,10,7.19
1584397410,35.204417,-97.419393,10,6.78
1584397411,35.204417,-97.419274,10,7.27
1584397412,35.204417,-97.419186,10,7.3
1584397413,35.204418,-97.419112,10,7.16
1584397414,35.204418,-97.419047,10,6.91
1584397415,35.204419,-97.418953,10,7.28
1584397416,35.20442,-97.418896,10,6.74
1584397417,35.204419,-97.418948,10,3.06
1584397418,35.204419,-97.418913,10,3.08
1584397419,35.20446,-97.41889,10,3.39
1584397420,35.204508,-97.418889,10,4.23
1584397421,35.204552,-97.418889,10,4.38
1584397422,35.204592,-97.418888,10,4.15
1584397423,35.204662,-97.418886,10,4.94
1584397424,35.20467,-97.418886,10,3
1584397426,35.204675,-97.418886,10,0
1584397427,35.204666,-97.418886,10,0.45
1584397445,35.20466,-97.418886,10,0
