time,lat,lng,bearing,spd,acc,alt,accx,accy,accz,stable,
0,35.221,-97.424,0.6,16.37,3,338,-3.711,-0.144,9.285,0
1,35.221,-97.424,0.2,16.701,3,339,-3.606,-0.16,9,0
2,35.221,-97.424,359.9,17.111,3,339,-3.544,-0.397,9.397,0
3,35.221,-97.424,359.4,17.521,3,339,-3.229,-0.077,9.052,0
4,35.221,-97.424,359,17.85,3,339,-2.853,-0.014,9.08,0
5,35.221,-97.424,358.7,17.781,3,339,-2.706,0.229,8.802,0
6,35.222,-97.424,359,17.701,3,340,-3.016,0.462,8.684,0
7,35.222,-97.424,0.6,17.69,3,341,-3.235,0.091,8.943,0
8,35.222,-97.424,0.8,17.67,3,340,-3.035,0.087,8.965,0
9,35.222,-97.424,0.7,17.67,3,341,-3.111,0.085,9.04,0
10,35.222,-97.424,0.4,17.67,3,341,-3.174,0.198,9.048,0
11,35.222,-97.424,0.4,17.68,3,342,-3.082,-0.094,9.247,1
12,35.222,-97.424,0,17.68,3,341,-3.155,0.183,9.123,1
13,35.223,-97.424,0.3,17.7,3,341,-3.175,0.269,9.211,1
14,35.223,-97.424,0.4,17.691,3,342,-3.216,0.253,8.854,1
15,35.223,-97.424,1.1,17.7,3,343,-3.074,0.129,9.336,1
16,35.223,-97.424,2.3,17.72,3,342,-3.17,-0.151,9.193,1
17,35.223,-97.424,1.6,17.72,3,342,-3.064,0.028,9.268,1
18,35.223,-97.424,1.2,17.75,3,342,-3.177,-0.008,9.34,1
19,35.224,-97.423,0.7,17.74,3,341,-3.057,0.113,9.092,1
20,35.224,-97.423,0.5,17.72,3,341,-3.194,0.007,8.872,1
21,35.224,-97.423,359.8,17.711,3,341,-3.171,0.096,9.279,1
22,35.224,-97.423,0.4,17.68,3,341,-3.089,0.067,9.259,1
23,35.224,-97.423,0.3,17.701,3,340,-3.186,-0.026,9.287,1
24,35.224,-97.423,0.5,17.7,3,341,-3.233,0.078,9.248,1
25,35.225,-97.423,0.7,17.69,3,341,-3.136,0.083,9.137,1
26,35.225,-97.423,0.5,17.69,3,341,-3.179,-0.078,9.319,1
27,35.225,-97.423,0.5,17.72,3,341,-3.125,0.003,9.328,1
28,35.225,-97.423,0.3,17.69,3,341,-3.073,0.071,9.262,1
29,35.225,-97.423,0.4,17.68,3,339,-3.15,0.036,9.06,1
30,35.225,-97.423,359.8,17.671,3,338,-3.284,0.162,8.997,1
31,35.226,-97.423,0.3,17.69,3,338,-3.268,0.004,9.353,1
32,35.226,-97.423,0,17.671,3,339,-3.193,0.056,9.364,1
33,35.226,-97.423,0.4,17.68,3,339,-3.255,0.034,9.512,0
34,35.226,-97.423,0.8,17.7,3,339,-3.184,-0.1,9.026,0
35,35.226,-97.423,1.5,17.74,3,340,-3.191,0.082,9.134,0
36,35.226,-97.423,359.9,17.72,3,339,-3.303,-0.05,9.08,0
37,35.227,-97.423,0,17.741,3,338,-3.208,0.072,9.212,0
38,35.227,-97.423,359.6,17.79,3,339,-3.1,-0.031,8.943,0
39,35.227,-97.423,0.1,17.77,3,340,-3.01,0.125,8.984,0
40,35.227,-97.423,0.3,17.79,3,341,-3.093,0.138,9.213,0
41,35.227,-97.423,0.9,17.88,3,341,-3.205,0.073,9.136,1
42,35.227,-97.423,0.9,17.86,3,339,-3.035,0.079,9.114,1
43,35.228,-97.423,1,17.84,3,340,-3.189,0.002,9.223,1
44,35.228,-97.423,0.5,17.83,3,340,-3.14,-0.037,9.335,1
45,35.228,-97.423,359.9,17.8,3,340,-3.108,0.007,9.177,1
47,35.228,-97.423,0,17.801,3,342,-3.097,0.13,9.018,1
47,35.228,-97.423,0,17.801,3,342,-3.097,0.13,9.018,1
48,35.228,-97.423,0.1,17.75,3,341,-3.175,0.079,8.988,1
49,35.228,-97.423,359.9,17.75,3,342,-3.151,-0.068,9.012,1
50,35.229,-97.423,359.6,17.731,3,342,-3.199,-0.132,9.304,1
51,35.229,-97.423,359.5,17.75,3,343,-3.305,0.134,9.329,1
52,35.229,-97.423,359.5,17.77,3,343,-3.089,0.226,9.239,1
53,35.229,-97.423,359.9,17.8,3,344,-3.29,0.351,9.199,1
54,35.229,-97.423,0.6,17.8,3,343,-3.188,0.299,8.874,1
55,35.229,-97.423,0.6,17.8,3,342,-3.103,0.189,9.13,1
56,35.23,-97.423,0.2,17.781,3,342,-3.154,0.106,9.105,1
57,35.23,-97.423,0.4,17.78,3,341,-3.231,-0.035,9.499,0
58,35.23,-97.423,0.2,17.761,3,342,-3.186,0.148,9.605,0
59,35.23,-97.423,0.5,17.78,3,342,-3.069,0.027,9.271,0
60,35.23,-97.423,1.2,17.79,3,342,-3.082,0.138,9.4,0
61,35.23,-97.423,0.9,17.79,3,342,-3.25,0.077,9.29,0
62,35.23,-97.423,0.8,17.79,3,342,-3.026,0.222,9.222,0
63,35.231,-97.423,0.9,17.79,3,342,-3.104,0.223,9.433,0
64,35.231,-97.423,0.3,17.72,3,341,-3.036,0.088,9.243,0
65,35.231,-97.423,0.2,17.65,3,341,-3.028,0.169,9.295,0
66,35.231,-97.423,359.7,18.354,3,341,-2.837,0.27,9.08,0
67,35.231,-97.423,359.9,17.46,3,341,-2.903,0.15,9.671,0
68,35.231,-97.423,0.6,17.42,3,341,-3.022,0.09,11.129,0
69,35.232,-97.423,1.9,17.41,3,340,-2.972,0.543,9.617,0
70,35.232,-97.423,1.7,17.2,3,341,-2.459,0.668,9.699,0
71,35.232,-97.423,2,16.12,3,341,-1.659,0.62,9.92,0
72,35.232,-97.423,1.9,14.551,3,342,-1.555,0.609,9.404,0
73,35.232,-97.423,1.9,12.751,3,342,-2.246,0.137,9.524,0
74,35.232,-97.423,1.4,11.66,3,342,-2.354,0.045,10.011,0
75,35.232,-97.423,0.8,10.79,3,343,-1.722,0.403,9.657,0
76,35.232,-97.423,0.5,9.5909,3,344,-1.544,0.493,9.753,0
77,35.232,-97.423,1.2,8.0005,3,344,-1.81,0.5,9.736,0
78,35.233,-97.423,1.8,6.3408,3,345,-2.163,0.262,9.884,0
79,35.233,-97.423,1.3,4.9305,3,345,-2.414,0.35,9.522,0
80,35.233,-97.423,2.5,3.9001,3,345,-2.61,0.25,9.357,0
81,35.233,-97.423,1.5,3.1101,3,345,-2.854,0.181,9.27,0
82,35.233,-97.423,0.2,2.5507,3,345,-2.231,0.451,9.522,0
83,35.233,-97.423,1.8,2.11,3,344,-2.24,0.442,9.513,0
84,35.233,-97.423,2.8,0.82,3,344,-3.039,0.178,9.228,0
85,35.233,-97.423,2.8,0.82,3,344,-3.176,0.068,9.173,0
86,35.233,-97.423,2.8,0.82,3,344,-3.206,0.074,9.156,1
87,35.233,-97.423,2.8,0.82,3,344,-3.216,0.078,9.162,1
88,35.233,-97.423,0,0,3,344,-3.216,0.069,9.168,1
89,35.233,-97.423,0,0,3,344,-3.234,0.085,9.133,1
90,35.233,-97.423,0,0,3,344,-3.215,0.074,9.154,1
91,35.233,-97.423,0,0,3,344,-3.221,0.085,9.145,1
92,35.233,-97.423,0,0,3,344,-3.687,-0.075,9.005,1
93,35.233,-97.423,6.4,1.1264,3,343,-5.426,-0.705,8.346,1
94,35.233,-97.423,356.9,2.1304,3,343,-5.277,-0.624,8.456,0
95,35.233,-97.423,351.1,4.1602,3,344,-5.018,-0.58,8.36,0
96,35.233,-97.423,359.2,7.4907,3,345,-4.405,-0.336,8.748,0
97,35.233,-97.423,359.8,8.8207,3,345,-4.425,-0.209,8.857,0
98,35.233,-97.423,359.2,9.8515,3,345,-4.27,-0.206,8.633,0
99,35.233,-97.423,359,10.971,3,346,-4.251,-0.287,8.381,0
101,35.233,-97.423,359.2,12.011,3,347,-4.332,-0.168,8.962,0
101,35.233,-97.423,359.2,12.011,3,347,-4.332,-0.168,8.962,0
102,35.233,-97.423,359.5,13.01,3,347,-3.603,0.063,9.204,0
103,35.233,-97.423,359.8,13.47,3,347,-3.444,0.312,8.949,0
104,35.234,-97.423,359.9,13.85,3,346,-3.569,-0.104,9.175,0
105,35.234,-97.423,0.2,14.4,3,347,-3.619,0.004,9.1,0
106,35.234,-97.423,0,14.99,3,347,-3.668,-0.129,9.153,0
107,35.234,-97.423,0.1,15.32,3,347,-3.329,-0.275,8.91,0
108,35.234,-97.423,358.5,15.49,3,348,-3.54,-0.108,8.622,0
109,35.234,-97.423,358.4,15.73,3,348,-3.197,0.113,8.939,0
110,35.234,-97.423,356.3,15.961,3,349,-3.406,0.009,9.405,0
111,35.235,-97.423,357.7,16.43,3,348,-3.394,0.008,9.216,0
112,35.235,-97.423,356.7,16.651,3,347,-3.119,0.044,9.013,0
113,35.235,-97.423,357.6,16.96,3,347,-3.38,0.039,9.101,0
114,35.235,-97.423,358.7,16.95,3,347,-3.312,0.131,9.507,0
115,35.235,-97.423,359.4,17.32,3,347,-3.318,0.06,8.966,0
116,35.235,-97.423,359.3,17.63,3,348,-3.315,0.302,8.93,0
117,35.236,-97.423,359.6,18.19,3,347,-3.512,0.161,9.394,0
118,35.236,-97.423,358.7,18.46,3,346,-3.393,0.141,9.111,0
119,35.236,-97.423,357.8,18.781,3,347,-3.335,0.22,9.128,0
120,35.236,-97.423,358.1,19.09,3,348,-3.251,0.183,8.938,0
121,35.236,-97.423,358.6,19.26,3,347,-3.305,0.07,9.135,0
122,35.236,-97.423,358.7,19.45,3,348,-3.343,0.096,9.126,0
123,35.237,-97.423,359.6,19.7,3,349,-3.235,0.094,9.325,0
124,35.237,-97.423,359.7,19.74,3,349,-3.055,0.095,9.56,0
125,35.237,-97.423,359.9,19.73,3,349,-3.128,0.108,9.327,0
126,35.237,-97.423,359.5,19.77,3,350,-3.066,0.116,9.157,0
127,35.237,-97.424,359.6,19.78,3,351,-3.223,0.067,9.28,0
128,35.237,-97.424,359.4,19.761,3,352,-3.156,0.076,9.279,0
129,35.238,-97.424,359.4,19.77,3,352,-3.116,0.143,9.039,0
130,35.238,-97.424,359.3,19.721,3,352,-3.1,0.19,9.198,0
131,35.238,-97.424,359.6,19.72,3,352,-3.136,0.117,9.178,0
132,35.238,-97.424,359.7,19.72,3,351,-3.147,0.053,8.942,1
133,35.238,-97.424,359.5,19.71,3,351,-3.194,0.047,9.434,1
134,35.239,-97.424,359.3,19.68,3,351,-3.118,0.072,9.217,1
135,35.239,-97.424,359.4,19.67,3,351,-3.18,0.154,9.221,1
136,35.239,-97.424,359.3,19.641,3,352,-3.17,0.145,9.252,1
137,35.239,-97.424,359.4,19.621,3,353,-3.29,0.173,9.186,1
138,35.239,-97.424,359.7,19.58,3,353,-3.213,0.191,9.412,1
139,35.239,-97.424,359.7,19.541,3,354,-3.16,0.024,9.348,1
140,35.24,-97.424,0.2,19.51,3,354,-3.144,0.067,9.122,1
141,35.24,-97.424,0,19.501,3,355,-3.255,0.031,9.334,1
142,35.24,-97.424,359.8,19.531,3,356,-3.298,0.159,9.208,1
143,35.24,-97.424,359.8,19.551,3,355,-3.26,0.191,9.087,1
144,35.24,-97.424,359.3,19.572,3,355,-3.299,0.029,9.159,1
145,35.24,-97.424,359.5,19.591,3,355,-3.205,0.053,9.411,1
146,35.241,-97.424,358.9,19.652,3,355,-3.219,0.075,9.178,1
147,35.241,-97.424,359.2,19.74,3,355,-3.288,0.071,9.027,1
148,35.241,-97.424,359.2,19.84,3,355,-3.14,0.114,9.027,1
149,35.241,-97.424,359.4,19.94,3,355,-3.167,0.17,9.425,1
150,35.242,-97.424,0.4,20.171,3,354,-3.006,0.218,9.45,1
151,35.242,-97.424,0.3,20.331,3,352,-3.082,0.009,9.494,0
152,35.242,-97.423,359.9,20.43,3,351,-3.047,0.035,8.965,0
153,35.242,-97.423,358.8,20.45,3,350,-2.933,0.082,9.225,0
154,35.242,-97.424,358.9,20.54,3,350,-3.057,0.104,9.179,0
155,35.242,-97.424,357.5,20.661,3,350,-3.006,0.111,9.288,0
156,35.243,-97.424,357.9,20.67,4,350,-2.998,0.247,9.38,0
157,35.243,-97.424,356.9,20.66,4,350,-3.079,0.509,9.329,0
158,35.243,-97.424,359.3,20.89,4,350,-3.024,0.441,9.236,1
159,35.243,-97.424,0.2,20.941,3,350,-3.055,0.363,9.449,1
160,35.243,-97.424,0.4,20.87,3,350,-3.102,0.385,9.236,1
162,35.244,-97.424,359.9,20.77,3,350,-2.904,0.47,9.354,1
162,35.244,-97.424,359.9,20.77,3,350,-2.904,0.47,9.354,1
163,35.244,-97.424,0.3,20.62,3,350,-2.934,0.424,9.208,1
164,35.244,-97.424,1,20.52,3,349,-3.018,0.392,9.141,1
165,35.244,-97.424,0.9,20.32,3,349,-3.028,0.355,9.137,1
166,35.244,-97.424,1.3,20.16,3,349,-3.126,0.296,9.151,1
167,35.245,-97.424,1.5,20.15,3,348,-3.13,0.339,9.029,1
168,35.245,-97.424,1.6,19.96,3,349,-3.03,0.236,9.51,1
169,35.245,-97.424,2.3,19.77,3,349,-3.067,0.204,9.594,0
170,35.245,-97.424,2.1,19.512,3,348,-3.216,0.037,9.241,0
171,35.245,-97.424,2,19.263,3,348,-3.264,0.085,9.439,0
172,35.245,-97.424,2.1,19.164,3,348,-3.298,0.137,9.003,0
173,35.246,-97.423,2.3,18.891,3,348,-3.182,0.096,9.397,0
174,35.246,-97.423,2.3,18.932,3,348,-2.851,0.068,9.347,0
175,35.246,-97.423,2.5,18.48,3,349,-2.125,0.44,9.555,0
176,35.246,-97.423,2.6,17.56,3,349,-2.203,0.557,9.18,0
177,35.246,-97.423,2.2,16.41,3,349,-2.949,0.318,9.136,0
178,35.246,-97.423,2.1,16.15,3,349,-3.407,0.004,8.664,0
179,35.246,-97.423,1.8,16.53,3,348,-3.375,-0.056,8.745,0
180,35.247,-97.423,0.9,17.06,3,349,-3.364,-0.124,8.916,1
181,35.247,-97.423,359.6,17.68,3,349,-3.35,-0.166,8.806,1
182,35.247,-97.423,359.4,18.361,3,348,-3.153,-0.053,8.871,1
183,35.247,-97.423,358.6,18.67,3,348,-3.026,-0.069,8.737,1
184,35.247,-97.423,358.9,19.09,3,348,-3.272,-0.096,9.079,1
185,35.248,-97.423,0.6,20.07,4,346,-2.88,0.11,9.483,1
186,35.248,-97.423,1.3,20.55,4,345,-2.909,0.079,9.283,1
187,35.248,-97.423,357.7,20.72,3,345,-2.995,-0.178,9.371,1
188,35.248,-97.423,358.9,20.73,3,344,-2.999,-0.128,9.346,1
189,35.248,-97.423,359.8,20.64,4,342,-2.995,0.253,9.698,0
190,35.248,-97.423,356.8,20.65,4,343,-3.144,0.714,9.476,0
191,35.249,-97.423,355.7,20.74,3,343,-3.014,0.448,9.245,0
192,35.249,-97.423,356.5,20.41,3,344,-2.901,0.36,9.178,0
193,35.249,-97.424,358.4,19.89,3,343,-3.194,0.2,9.277,0
194,35.249,-97.424,358.7,19.58,3,343,-3.337,0.082,8.822,0
195,35.249,-97.424,358.8,19.41,3,343,-3.353,0.115,9.035,0
196,35.25,-97.424,358.7,19.29,3,344,-3.258,0.166,8.937,0
197,35.25,-97.424,358.2,19.37,3,344,-3.265,0.263,9.358,0
198,35.25,-97.424,358.2,19.481,3,344,-3.281,0.275,9.264,0
199,35.25,-97.424,356.8,19.84,3,344,-3.185,0.257,9.175,0
200,35.25,-97.424,358.4,19.97,3,344,-3.147,0.299,9.027,0
201,35.25,-97.424,358.6,20.2,3,344,-2.93,0.191,9.401,0
202,35.251,-97.424,358.9,20.39,3,343,-3.048,0.226,9.156,0
203,35.251,-97.424,358.8,20.56,3,344,-3.126,0.112,9.605,0
204,35.251,-97.424,359.4,20.711,3,344,-3.074,0.149,9.489,0
205,35.251,-97.424,359.4,20.75,3,344,-2.925,0.171,9.683,0
206,35.251,-97.424,359.6,20.68,3,344,-3.037,0.227,9.238,0
207,35.252,-97.424,0.3,20.48,3,343,-3.028,0.072,9.444,0
208,35.252,-97.424,0.4,20.221,3,344,-3.032,0.157,9.315,0
209,35.252,-97.424,0.2,19.964,3,344,-3.186,0.121,9.615,0
210,35.252,-97.424,0.5,19.633,3,346,-3.379,0.085,9.087,0
211,35.252,-97.424,1,19.003,3,346,-3.542,0.117,9.026,0
212,35.253,-97.424,1.2,18.962,3,347,-3.642,0.14,8.872,0
213,35.253,-97.424,1,18.953,3,347,-3.6,-0.006,9.072,0
214,35.253,-97.424,0.8,18.994,3,348,-3.667,0.082,8.971,0
215,35.253,-97.424,0.9,19.105,3,348,-3.548,0.181,8.788,0
216,35.253,-97.424,1.3,19.112,3,349,-3.501,-0.126,8.745,0
217,35.253,-97.424,1,19.432,3,349,-3.497,-0.129,8.792,1
218,35.254,-97.424,0.9,19.571,3,349,-3.407,-0.073,9.154,1
219,35.254,-97.424,0.5,19.4,3,349,-3.435,0.065,9.136,1
220,35.254,-97.424,0.4,19.53,3,348,-3.485,0.055,9.257,1
221,35.254,-97.424,0.3,19.88,3,348,-3.392,0.059,9.117,1
222,35.254,-97.424,0.2,20.23,3,349,-3.312,0.016,9.158,1
223,35.255,-97.424,359.7,20.34,3,349,-3.257,0.065,9.022,1
224,35.255,-97.424,359.2,20.55,3,349,-3.194,0.034,8.975,1
226,35.255,-97.424,358.9,20.67,3,349,-3.005,0.114,8.917,1
226,35.255,-97.424,358.9,20.67,3,349,-3.005,0.114,8.917,1
227,35.255,-97.424,358.4,20.81,3,349,-2.926,0.22,8.895,1
228,35.255,-97.424,358.1,20.88,3,349,-2.967,0.209,9.323,1
229,35.255,-97.424,358,21.04,3,349,-2.977,0.512,9.104,1
230,35.256,-97.424,357.4,21.2,3,350,-3.171,0.388,9.187,1
231,35.256,-97.424,356.4,21.48,3,351,-2.992,0.28,9.483,1
232,35.256,-97.424,355.9,21.54,3,351,-2.858,0.2,9.17,1
233,35.256,-97.424,357.3,21.84,3,351,-2.927,0.303,9.236,1
234,35.256,-97.424,356.3,21.941,3,350,-2.751,0.417,9.227,1
235,35.257,-97.424,357.4,21.77,3,350,-2.295,0.663,9.286,1
236,35.257,-97.424,359.5,21.41,3,349,-2.434,0.399,9.446,1
237,35.257,-97.424,1.7,21.03,3,348,-2.615,0.404,9.628,0
238,35.257,-97.424,0.7,20.61,3,347,-2.397,0.419,9.384,0
239,35.257,-97.424,358.8,19.98,3,347,-2.56,0.349,9.309,0
240,35.258,-97.424,0.2,19.81,3,347,-2.526,0.558,8.941,0
241,35.258,-97.424,0,19.64,4,347,-2.465,0.388,9.379,0
242,35.258,-97.424,357.4,19.32,4,346,-2.76,0.193,9.297,0
243,35.258,-97.424,357.4,19.33,4,346,-2.853,0.245,9.138,0
244,35.258,-97.424,357.7,19.07,4,346,-2.884,0.226,9.25,1
245,35.258,-97.424,359.1,18.98,4,344,-2.894,0.28,9.143,1
246,35.259,-97.424,359.7,19.17,3,343,-2.242,0.506,9.16,1
247,35.259,-97.424,359.3,19.19,4,343,-2.232,0.639,9.25,1
248,35.259,-97.424,359.1,18.27,4,343,-2.754,0.354,9.378,1
249,35.259,-97.424,357.3,18.08,4,332,-2.852,0.389,9.626,0
250,35.259,-97.424,358.9,18.28,4,334,-2.936,0.421,9.411,0
251,35.259,-97.424,358.8,18.31,4,336,-2.895,0.309,9.493,0
252,35.26,-97.424,357.6,18.13,3,339,-3.104,0.186,9.313,0
253,35.26,-97.424,359.5,18.161,3,338,-3.239,0.099,9.253,0
254,35.26,-97.424,359.3,18.371,3,338,-2.996,0.042,9.034,0
255,35.26,-97.424,359.7,18.762,3,337,-2.84,0.259,9.437,0
256,35.26,-97.424,1.1,18.861,3,335,-2.851,0.393,9.433,0
257,35.26,-97.424,359.6,18.701,3,334,-3.014,0.384,9.192,1
258,35.261,-97.424,0.3,18.782,3,334,-3.028,0.172,9.351,1
259,35.261,-97.424,0.1,19.021,3,334,-3.032,-0.055,9.427,0
260,35.261,-97.424,0.4,19.13,3,333,-3.046,-0.01,9.239,0
261,35.261,-97.424,359.4,19.45,3,332,-2.815,0.067,9.482,0
262,35.261,-97.424,359.6,19.5,3,332,-3.057,0.087,9.577,0
263,35.261,-97.424,358.9,19.31,3,331,-3.197,0.08,9.32,0
264,35.262,-97.424,358.9,19.36,3,331,-3.175,0.192,9.002,0
265,35.262,-97.424,359.5,19.59,3,331,-3.118,0.255,8.865,0
266,35.262,-97.424,359.5,19.6,3,331,-3.158,0.041,8.979,0
267,35.262,-97.424,0.1,19.741,3,330,-3.175,0.058,9.305,0
268,35.262,-97.424,359.3,19.89,3,330,-3.229,-0.059,9.396,0
269,35.263,-97.424,359.1,20.01,3,330,-3.052,0.109,9.329,0
270,35.263,-97.424,358.7,20.09,3,329,-3.251,0.056,9.04,0
271,35.263,-97.424,358.5,20.28,3,329,-3.287,0.079,8.953,0
272,35.263,-97.424,358,20.6,3,329,-3.065,0.439,8.958,0
273,35.263,-97.424,358.2,20.97,3,328,-3.261,0.533,8.943,0
274,35.264,-97.424,0.4,21.73,3,327,-3.32,0.516,9.167,0
275,35.264,-97.424,1.2,22.1,3,326,-3.422,0.076,9.2,0
276,35.264,-97.424,1.2,22.46,3,327,-3.494,-0.166,9.051,0
277,35.264,-97.424,1.1,22.83,3,327,-2.999,-0.123,9.491,0
278,35.264,-97.424,0.1,22.851,3,327,-3.005,-0.069,9.247,0
279,35.265,-97.424,0,22.79,3,328,-3.069,0.114,9.352,0
280,35.265,-97.424,0.1,22.771,3,328,-3.179,0.07,9.245,0
281,35.265,-97.424,359.6,22.311,3,329,-3.226,0.068,9.235,0
282,35.265,-97.424,0.2,22.2,3,329,-3.197,0.134,8.983,0
283,35.265,-97.424,0.2,21.83,3,329,-3.333,0.066,9.215,0
284,35.266,-97.424,0.2,21.32,4,329,-3.051,0.239,9.192,0
285,35.266,-97.424,0.2,21.471,4,329,-3.287,0.128,8.82,0
286,35.266,-97.424,0,21.471,4,329,-3.364,-0.008,8.759,0
287,35.266,-97.424,359.7,21.761,4,330,-3.363,-0.01,8.965,1
289,35.266,-97.424,0,21.73,10,329,-3.238,0.001,9.101,1
289,35.266,-97.424,0,21.73,10,329,-3.238,0.001,9.101,1
290,35.267,-97.424,359.8,22.06,10,329,-3.118,-0.028,9.115,1
291,35.267,-97.424,359.6,22.28,9,329,-2.998,0.182,9.028,1
292,35.267,-97.424,359.6,22.53,9,330,-3.049,0.372,9.074,1
293,35.267,-97.424,359.6,22.74,9,330,-3.112,0.105,9.5,0
294,35.267,-97.424,0,22.83,9,330,-2.96,0.122,9.405,0
295,35.268,-97.424,0.2,22.78,9,330,-2.902,0.189,9.467,0
296,35.268,-97.424,0.2,22.661,9,330,-2.93,0.08,9.411,0
297,35.268,-97.424,359.1,23.29,9,329,-2.967,0.025,9.353,0
298,35.268,-97.424,0.3,22.232,9,330,-2.965,0.18,9.428,0
299,35.268,-97.424,0.5,21.752,9,331,-3.158,0.041,9.159,0
300,35.269,-97.424,0.6,21.441,9,330,-3.149,0.112,9.078,0
301,35.269,-97.424,0.4,21.481,10,329,-3.425,0.109,8.986,0
302,35.269,-97.424,0.3,21.61,10,329,-3.398,0.121,8.991,0
303,35.269,-97.424,0.5,21.91,10,329,-3.143,0.185,8.973,0
304,35.269,-97.424,0,21.97,10,329,-3.172,0.045,8.865,0
305,35.27,-97.424,359.6,22.14,10,329,-3.001,-0.066,8.924,0
306,35.27,-97.424,359,22.33,10,329,-2.884,0.161,8.903,1
307,35.27,-97.424,358.9,22.76,9,329,-2.944,0.186,8.959,1
308,35.27,-97.424,358.8,23.011,9,329,-2.735,0.431,9.379,1
309,35.27,-97.424,359.8,23.181,9,328,-2.781,0.218,9.055,1
310,35.271,-97.424,0.6,22.97,9,328,-2.498,0.503,9.568,0
311,35.271,-97.424,1.3,23.21,9,327,-1.984,0.456,9.325,0
312,35.271,-97.424,1,22.67,9,327,-2.352,0.379,9.367,0
313,35.271,-97.424,1.8,22.66,9,325,-2.618,0.413,9.22,0
314,35.271,-97.424,356.9,22.54,9,324,-2.772,0.434,9.352,0
315,35.272,-97.424,356.9,22.92,9,320,-2.835,0.436,9.34,0
316,35.272,-97.424,357.7,23.04,9,317,-2.885,0.285,9.43,0
317,35.272,-97.424,359.3,22.75,9,317,-2.376,0.436,9.537,1
318,35.272,-97.424,359.6,22.64,9,317,-2.59,0.378,9.426,1
319,35.273,-97.424,0.4,22.24,9,316,-2.63,0.366,9.26,1
320,35.273,-97.424,359.7,22.272,9,316,-2.851,0.154,9.423,1
321,35.273,-97.424,359.2,22.23,9,315,-2.688,0.209,9.487,0
322,35.273,-97.424,359.2,22.08,9,315,-2.848,0.411,9.341,0
323,35.273,-97.424,359.8,22.15,9,314,-2.824,0.21,9.509,0
324,35.273,-97.424,359.7,21.53,9,313,-3.058,0.29,9.321,0
325,35.274,-97.424,359.7,21.141,9,313,-3.176,0.514,9.248,0
326,35.274,-97.424,359.8,21.02,9,313,-3.459,0.342,9.232,0
327,35.274,-97.424,0.5,20.82,9,313,-3.313,0.173,8.909,0
328,35.274,-97.424,0.1,21.1,9,314,-3.449,0.048,8.783,0
329,35.274,-97.424,359.6,21.16,10,313,-3.016,0.23,8.807,1
330,35.275,-97.424,359.4,21.42,9,313,-3.075,0.142,8.816,1
331,35.275,-97.424,358.3,21.71,10,314,-3.129,0.164,9.489,1
332,35.275,-97.424,358,22.161,9,313,-3.172,0.264,9.127,1
333,35.275,-97.424,359.2,22.1,10,313,-3.107,0.333,9.353,0
334,35.275,-97.424,0.7,22.62,3,312,-3.004,0.169,9.226,0
335,35.276,-97.424,1.5,22.54,3,312,-2.809,0.086,9.159,0
336,35.276,-97.424,0.8,22.48,3,313,-2.969,-0.075,9.402,0
337,35.276,-97.424,0.4,22.3,4,313,-2.831,0.171,9.352,0
338,35.276,-97.424,0.4,22.3,4,313,-2.951,0.162,9.134,0
339,35.277,-97.424,0.2,22.22,4,312,-3.163,0.047,9.142,0
340,35.277,-97.424,0.2,22.3,4,313,-3.126,-0.005,9.175,0
341,35.277,-97.424,359.4,21.79,5,313,-3.12,0.102,9.189,1
342,35.277,-97.424,359.8,22.051,4,313,-3.235,0.001,9.115,1
343,35.277,-97.424,0.4,22.02,5,312,-3.114,0.278,9.146,0
344,35.278,-97.424,0.3,21.641,5,313,-3.458,0.144,9.398,0
345,35.278,-97.424,0.9,21.431,4,313,-3.333,0.02,9.271,0
346,35.278,-97.424,0.6,21.253,4,315,-3.37,0.143,9.196,0
347,35.278,-97.424,1.1,21.163,4,315,-3.45,-0.045,9.268,0
349,35.278,-97.424,1.5,21.112,4,313,-3.446,-0.141,9.241,0
349,35.278,-97.424,1.5,21.112,4,313,-3.446,-0.141,9.241,0
350,35.279,-97.424,1.3,21.101,4,314,-3.613,-0.19,9.314,0
351,35.279,-97.424,0.8,21.145,4,315,-3.669,-0.156,9.083,0
352,35.279,-97.424,1.8,21.281,4,312,-3.592,-0.004,8.913,0
353,35.279,-97.424,0.9,21.323,4,313,-3.586,-0.076,9.005,0
354,35.279,-97.424,1.6,21.473,3,314,-3.397,0.028,8.837,0
355,35.28,-97.424,0.7,21.542,3,314,-3.534,-0.045,8.737,0
356,35.28,-97.424,0.6,21.771,3,315,-3.44,-0.14,8.678,0
357,35.28,-97.424,0.2,22.041,4,316,-3.298,-0.115,8.889,1
358,35.28,-97.424,0.4,22.42,4,315,-3.243,0.02,8.692,1
359,35.28,-97.424,359.9,22.49,4,315,-3.279,-0.056,8.935,1
360,35.281,-97.424,359.4,22.621,5,315,-3.317,-0.034,8.954,1
361,35.281,-97.424,359.5,22.661,5,316,-3.163,0.175,9.376,1
362,35.281,-97.424,0,22.68,7,317,-3.082,0.057,9.252,1
363,35.281,-97.424,0.1,22.75,6,318,-3.126,-0.01,9.263,1
364,35.281,-97.424,0.7,22.8,6,316,-3.078,0.12,9.168,1
365,35.282,-97.424,0,22.59,7,316,-3.132,0.123,9.04,1
366,35.282,-97.424,359.7,22.56,7,316,-3.018,0.082,9.031,1
367,35.282,-97.424,359.7,22.43,8,316,-2.836,-0.011,8.744,1
368,35.282,-97.424,0.1,22.59,7,316,-3.176,0.015,9.072,1
369,35.282,-97.424,0.2,22.55,8,315,-3.13,0.009,8.979,1
370,35.283,-97.424,359.7,22.16,7,316,-3.119,0.084,8.928,1
371,35.283,-97.424,0.1,22.12,6,317,-3.085,0.004,8.829,1
372,35.283,-97.424,0,22.17,7,319,-3.087,0.075,9.225,1
373,35.283,-97.424,359.8,22,8,319,-3.087,0.018,9.052,1
374,35.283,-97.424,359.9,22.15,7,319,-3.154,0.049,9.195,1
375,35.284,-97.424,359.8,22.22,7,319,-3.046,0.08,8.887,1
376,35.284,-97.424,359.8,22.401,6,319,-3.017,0.018,9.074,1
377,35.284,-97.424,359.6,22.1,6,319,-3.001,0.067,8.689,1
378,35.284,-97.424,359.8,22.59,5,319,-3.109,0.007,9.11,1
379,35.284,-97.424,0,22.511,4,320,-2.935,0.207,9.138,1
380,35.285,-97.424,359.8,22.55,4,320,-2.744,0.479,9.009,1
381,35.285,-97.424,359.9,22.39,4,320,-2.754,0.242,9.432,1
382,35.285,-97.424,359.9,22.15,4,320,-2.664,0.154,9.249,1
383,35.285,-97.424,359.2,21.91,3,319,-2.744,0.203,9.362,1
384,35.285,-97.424,359.4,21.72,3,319,-2.715,0.152,9.243,1
385,35.286,-97.424,359.9,21.521,3,318,-2.752,0.237,9.284,1
386,35.286,-97.424,359.9,21.281,3,317,-3.144,0.034,9.376,1
387,35.286,-97.424,359.8,21.241,3,317,-3.192,0.141,9.03,1
388,35.286,-97.424,0,21.481,3,316,-3.245,0.091,9.242,1
389,35.286,-97.424,0,21.65,3,316,-3.216,0.078,9.35,1
390,35.287,-97.424,0.1,21.92,3,315,-3.281,0.067,9.178,1
391,35.287,-97.424,0.1,21.84,4,315,-3.241,0.056,9.054,1
392,35.287,-97.424,359.9,22.01,4,315,-3.074,0.185,9.301,1
393,35.287,-97.424,0,21.901,3,316,-3.147,0.109,9.294,1
394,35.287,-97.424,0,21.901,3,316,-2.905,0.049,9.009,0
395,35.288,-97.424,0.4,21.62,4,316,-2.824,0.259,9.206,0
396,35.288,-97.424,0.5,21.501,4,316,-2.773,0.268,9.242,0
397,35.288,-97.424,1.3,21.34,5,317,-2.774,0.188,9.267,0
398,35.288,-97.424,1.1,20.601,4,318,-2.686,0.307,9.207,0
399,35.288,-97.424,1.3,20.28,4,317,-2.828,0.113,9.262,0
400,35.289,-97.424,0,18.701,5,318,-2.83,0.213,9.442,0
401,35.289,-97.424,0.5,18.521,5,317,-2.784,0.242,9.3,0
402,35.289,-97.424,1.1,18.14,5,318,-2.648,0.298,9.353,0
403,35.289,-97.424,0.9,17.852,5,318,-2.804,0.258,9.238,0
404,35.289,-97.424,1,16.98,5,318,-2.823,0.26,9.02,0
405,35.289,-97.424,1.7,16.36,5,318,-2.823,0.24,9.582,0
406,35.289,-97.424,1.1,15.491,5,319,-1.39,0.736,9.732,0
407,35.29,-97.424,1,13.461,5,320,-1.392,0.678,9.5,0
408,35.29,-97.424,1.2,11.631,4,320,-2.501,0.405,9.375,0
409,35.29,-97.424,1.7,11.17,4,320,-2.637,0.332,9.194,0
410,35.29,-97.424,1.1,10.792,4,320,-2.688,0.333,9.317,0
412,35.29,-97.424,1.5,10.18,4,321,-2.771,0.269,9.213,0
412,35.29,-97.424,1.5,10.18,4,321,-2.771,0.269,9.213,0
413,35.29,-97.424,2,9.64,5,321,-2.718,0.19,9.244,0
414,35.29,-97.424,2,9.2001,6,321,-2.583,0.285,9.238,1
415,35.29,-97.424,2.2,8.6,6,322,-1.972,0.426,9.431,1
416,35.29,-97.424,4.7,7.81,6,322,-2.548,0.409,9.357,1
417,35.29,-97.424,2.3,6.7301,6,323,-3.676,-0.044,8.833,1
418,35.29,-97.424,0.7,7.1002,5,323,-3.962,-0.25,9.002,1
419,35.29,-97.424,0.8,7.9101,5,323,-3.739,-0.438,8.843,1
420,35.291,-97.424,359.8,8.631,5,323,-4.115,-0.164,8.727,1
421,35.291,-97.424,359.3,9.4314,4,323,-3.882,-0.231,8.77,1
422,35.291,-97.424,358,9.7905,5,323,-3.966,-0.191,9.013,1
423,35.291,-97.424,359,10.63,5,322,-3.939,-0.153,9.033,1
424,35.291,-97.424,358.3,11.22,5,323,-3.878,-0.2,9.075,1
425,35.291,-97.424,358,11.89,5,323,-3.852,-0.166,8.981,1
426,35.291,-97.424,357.3,12.571,6,322,-3.831,-0.084,8.939,1
427,35.291,-97.424,356.9,13.22,8,323,-3.78,-0.123,8.823,1
428,35.291,-97.424,359.1,14.81,6,323,-3.738,-0.106,9.173,1
429,35.292,-97.424,358.6,15.46,5,323,-3.759,-0.175,9.026,1
430,35.292,-97.424,358.6,16.13,5,323,-3.785,0.041,8.919,1
431,35.292,-97.424,358.7,16.54,4,321,-3.791,0.131,8.691,1
432,35.292,-97.424,359.1,17.23,4,321,-3.683,0.001,8.975,1
433,35.292,-97.424,359.6,17.731,4,321,-3.621,-0.137,8.771,1
434,35.292,-97.424,359.9,17.79,4,322,-3.674,-0.179,9.143,1
435,35.293,-97.424,0.7,18.6,4,322,-3.599,-0.207,9.161,1
436,35.293,-97.424,359.6,18.84,4,322,-3.521,-0.297,8.932,1
437,35.293,-97.424,0.7,20.04,4,322,-3.585,-0.169,8.964,1
438,35.293,-97.424,0.1,20.4,4,322,-3.708,-0.169,9.043,1
439,35.293,-97.424,359.9,20.83,4,322,-3.648,-0.202,9.234,1
440,35.293,-97.424,0,21.26,5,321,-3.436,-0.075,9.177,1
441,35.294,-97.424,359.8,21.672,4,322,-3.21,0.088,8.879,1
442,35.294,-97.424,0.1,21.611,5,322,-3.298,-0.036,9.016,1
443,35.294,-97.424,0.3,21.551,5,323,-3.149,0.041,9.096,1
444,35.294,-97.424,0.6,21.771,5,324,-3.181,-0.086,9.039,1
445,35.294,-97.424,0.6,21.69,5,324,-3.061,-0.012,9.16,1
446,35.295,-97.424,0.5,21.791,5,324,-3.07,-0.004,9.189,1
447,35.295,-97.424,0.6,22.001,5,325,-3.14,-0.05,9.383,1
448,35.295,-97.424,0.2,21.931,5,325,-3.306,-0.113,9.175,1
449,35.295,-97.424,0,21.741,6,326,-3.205,0.015,9.182,1
450,35.295,-97.424,359.9,21.771,5,326,-3.288,0.047,9.118,1
451,35.296,-97.424,359.7,21.701,5,327,-3.204,0.119,9.081,1
452,35.296,-97.424,359.9,21.732,5,328,-3.274,0.181,9.354,1
453,35.296,-97.424,0.2,21.741,6,328,-3.231,0.075,9.212,1
454,35.296,-97.424,0.4,21.841,6,328,-3.209,0.028,9.036,1
455,35.296,-97.424,0.1,21.601,7,329,-3.146,0.116,9.105,1
456,35.297,-97.424,0.3,21.94,7,329,-3.154,0.041,9.04,1
457,35.297,-97.424,0,22.02,6,328,-3.08,0.266,9.241,1
458,35.297,-97.424,0,22.02,6,328,-3.132,0.132,8.792,1
459,35.297,-97.424,0.3,22.34,5,329,-3.17,-0.039,9.143,1
460,35.298,-97.424,0.3,22.34,5,330,-3.146,0.059,9.196,1
461,35.298,-97.424,0.3,22.37,5,330,-3.002,0.102,8.977,1
462,35.298,-97.424,0.3,22.281,4,331,-3.053,-0.096,9.186,1
463,35.298,-97.424,0.3,22.151,4,331,-3.034,0.007,9.168,1
464,35.298,-97.424,0.3,22.071,4,332,-3.153,-0.065,9.109,1
465,35.299,-97.424,0.5,22.242,4,333,-3.119,-0.029,9.096,1
466,35.299,-97.424,358.4,22.522,4,333,-3.135,-0.006,9.093,1
467,35.299,-97.424,0.2,21.872,4,334,-3.091,0.086,8.998,1
468,35.299,-97.424,0.9,21.84,4,334,-3.282,-0.078,9.326,1
469,35.299,-97.424,0.7,21.731,4,334,-3.145,0.05,9.058,1
470,35.3,-97.424,0.3,21.662,4,335,-3.203,-0.17,9.392,1
472,35.3,-97.424,0.3,21.631,4,335,-3.288,0.015,9.02,1
472,35.3,-97.424,0.3,21.631,4,335,-3.288,0.015,9.02,1
473,35.3,-97.424,0.3,21.601,4,335,-3.107,0.126,9.055,1
474,35.3,-97.424,0.2,21.631,4,337,-3.304,-0.032,9.047,1
475,35.3,-97.424,0.5,21.721,4,337,-3.405,-0.056,8.977,1
476,35.301,-97.424,0.4,21.721,4,337,-3.348,0.094,9.031,1
477,35.301,-97.424,0.2,21.741,4,337,-3.39,0.116,8.826,1
478,35.301,-97.424,0.6,21.8,4,337,-3.385,0.079,8.909,1
479,35.301,-97.424,0.5,21.871,4,338,-3.347,0.036,9.14,1
480,35.301,-97.424,0.1,21.77,4,337,-3.267,0.012,8.94,1
481,35.302,-97.424,0.3,22.1,4,338,-3.285,0.07,9.265,1
482,35.302,-97.424,0.2,22.161,4,337,-3.308,0.199,9.012,1
483,35.302,-97.424,0.3,22.23,3,338,-3.261,-0.027,9.162,1
484,35.302,-97.424,0.3,22.27,3,338,-3.212,0.04,9.18,1
485,35.302,-97.424,0.2,22.431,4,339,-3.195,0.094,9.094,1
486,35.303,-97.424,359.9,22.331,4,340,-3.159,0.164,9.186,1
487,35.303,-97.424,359.8,22.331,4,341,-3.243,0.173,9.251,1
488,35.303,-97.424,359.8,22.331,4,341,-3.176,0.275,8.994,1
489,35.303,-97.424,0.1,22.35,4,342,-3.221,0.3,9.213,1
490,35.303,-97.424,0.3,22.36,4,342,-3.262,0.153,9.288,1
491,35.304,-97.424,0.4,22.39,4,342,-3.179,0.019,9.189,1
492,35.304,-97.424,0.5,22.43,4,342,-3.179,0.056,9.237,1
493,35.304,-97.424,0.5,22.38,4,343,-3.31,0.255,9.046,0
494,35.304,-97.424,0.8,22.361,4,344,-3.232,0.393,8.934,0
495,35.304,-97.424,1.5,22.35,3,344,-3.225,0.057,9.102,0
496,35.305,-97.424,1.9,22.39,3,344,-3.18,-0.277,9.096,0
497,35.305,-97.424,1.2,22.38,3,344,-3.005,-0.164,8.946,0
498,35.305,-97.424,0.6,22.49,3,344,-2.989,0.039,8.961,0
499,35.305,-97.424,0.2,22.56,3,343,-2.985,0.129,9.058,0
500,35.305,-97.424,0,22.62,3,343,-3.109,0.206,9.193,1
501,35.306,-97.424,359.7,22.61,3,343,-3.123,0.068,9.349,1
502,35.306,-97.424,359.8,22.57,3,343,-2.96,-0.07,9.172,1
503,35.306,-97.424,359.6,22.62,3,343,-3.024,-0.007,9.169,1
504,35.306,-97.424,358.5,22.41,3,342,-3.201,0.361,9.168,1
505,35.306,-97.424,358.5,22.34,3,341,-3.274,0.426,8.983,1
506,35.307,-97.424,359.5,22.32,3,341,-3.227,0.317,9.395,1
507,35.307,-97.424,0,22.28,3,340,-3.208,0.271,9.018,1
508,35.307,-97.424,0,22.371,3,341,-2.988,0.249,9.268,1
509,35.307,-97.424,0,22.23,3,341,-3.055,0.128,9.283,1
510,35.307,-97.424,359.9,22.23,3,341,-3.109,0.148,9.041,1
511,35.308,-97.424,0,22.2,3,341,-3.205,0.179,8.742,1
512,35.308,-97.424,0.2,22.21,3,341,-3.228,0.013,9.044,1
513,35.308,-97.424,0.5,22.24,3,341,-3.049,0.025,9.156,1
514,35.308,-97.424,0.3,22.23,3,341,-2.936,-0.049,9.196,1
515,35.308,-97.424,0.3,22.33,4,341,-2.871,-0.084,9.088,1
516,35.309,-97.424,359.8,22.471,3,340,-2.986,0.237,8.958,1
517,35.309,-97.424,359.4,22.571,3,339,-2.983,0.362,9.38,1
518,35.309,-97.424,359.5,22.672,3,337,-3.028,0.241,9.081,1
519,35.309,-97.424,359.6,22.752,3,337,-3.048,0.325,9.246,1
520,35.31,-97.424,359.9,22.871,3,335,-2.958,0.282,9.106,1
521,35.31,-97.424,0.2,22.911,3,334,-2.963,0.362,9.236,1
522,35.31,-97.424,0.2,22.891,3,333,-2.512,0.328,9.284,1
523,35.31,-97.424,0.2,22.242,3,333,-2.013,0.595,9.449,1
524,35.31,-97.424,0.1,21.532,3,332,-2.721,0.263,9.345,1
525,35.311,-97.424,359.9,21.312,3,332,-2.769,0.394,9.466,0
526,35.311,-97.424,0,21.151,3,331,-2.727,0.28,9.208,0
527,35.311,-97.424,0,20.951,3,331,-2.805,0.231,9.373,0
528,35.311,-97.424,0.2,20.76,3,331,-2.764,0.36,9.589,0
529,35.311,-97.424,0.2,20.76,3,331,-2.754,0.187,9.34,0
530,35.312,-97.424,0.3,20.25,3,331,-2.707,0.088,9.362,0
531,35.312,-97.424,359.9,19.79,3,331,-2.762,0.232,9.2,0
532,35.312,-97.424,0.4,19.43,3,331,-2.803,0.24,9.306,1
533,35.312,-97.424,0.1,19.13,3,331,-3.203,0.222,8.948,1
535,35.312,-97.424,0.1,19.29,3,330,-3.406,0.146,9.179,1
535,35.312,-97.424,0.1,19.29,3,330,-3.406,0.146,9.179,1
536,35.312,-97.424,0.1,19.61,3,330,-3.418,-0.005,8.883,1
537,35.313,-97.424,0,19.98,3,330,-3.482,-0.066,9.105,1
538,35.313,-97.424,359.9,20.46,3,329,-3.562,-0.113,9.081,1
539,35.313,-97.424,359.5,20.74,3,329,-3.469,0.017,9.064,1
540,35.313,-97.424,0.2,21.441,3,329,-3.053,0.089,9.246,1
541,35.313,-97.424,0,21.53,3,329,-3.093,0.059,9.266,1
542,35.314,-97.424,359.8,21.48,3,329,-3.219,0.174,9.442,1
543,35.314,-97.424,0,21.65,3,328,-3.218,0.137,9.368,1
544,35.314,-97.424,0.1,21.85,3,329,-3.082,0.139,9.493,1
545,35.314,-97.424,359.8,21.733,3,329,-3.214,0.08,9.361,0
546,35.314,-97.424,0.1,21.751,3,329,-3.257,0.045,9.232,0
547,35.315,-97.424,359.7,21.821,3,329,-3.159,0.187,9.152,0
548,35.315,-97.424,0.5,21.87,3,330,-3.224,0.166,8.918,0
549,35.315,-97.424,0.3,21.871,3,330,-3.275,0.055,9.108,0
550,35.315,-97.424,0.1,21.871,3,330,-3.274,0.094,8.94,0
551,35.315,-97.424,0.1,21.881,3,331,-3.174,0.054,9.172,0
552,35.316,-97.424,359.9,21.871,3,331,-3.117,0.101,9.118,0
553,35.316,-97.424,359.8,21.891,3,332,-3.274,0.096,9.234,1
554,35.316,-97.424,0.1,21.89,3,332,-3.221,0.084,9.163,1
555,35.316,-97.424,0.1,21.87,3,331,-3.24,0.074,9.411,1
556,35.316,-97.424,0.1,21.851,3,331,-3.148,0.048,9.154,1
557,35.317,-97.424,0.4,21.84,3,331,-3.136,0.163,9.025,1
558,35.317,-97.424,0.8,21.85,3,330,-3.204,-0.049,9.219,1
559,35.317,-97.424,1.2,21.85,3,330,-3.09,0.007,9.14,1
560,35.317,-97.424,0.3,21.86,3,330,-3.173,0.04,9.131,1
561,35.317,-97.424,359.5,21.851,3,331,-3.056,0.161,9.399,1
562,35.318,-97.424,359.3,21.841,3,331,-3.089,0.209,8.942,1
563,35.318,-97.424,359.2,21.8,3,331,-3.384,0.153,9.419,0
564,35.318,-97.424,357.9,21.591,3,331,-3.169,0.143,9.06,0
565,35.318,-97.424,0.3,21.661,3,331,-3.277,0.25,9.204,0
566,35.318,-97.424,0,21.68,3,331,-3.396,0.156,9.328,0
567,35.319,-97.424,1.1,21.8,3,331,-3.299,0.258,9.333,0
568,35.319,-97.424,0.3,21.73,4,332,-3.242,0.276,9.112,0
569,35.319,-97.424,358.9,21.69,4,333,-3.314,-0.013,9.027,0
570,35.319,-97.424,358.8,21.681,4,332,-3.305,-0.003,9.144,0
571,35.319,-97.424,0.2,21.562,4,332,-3.238,-0.112,9.102,1
572,35.32,-97.424,1.4,21.521,5,333,-3.109,-0.2,9.046,1
573,35.32,-97.424,0.4,21.741,4,333,-3.261,-0.399,8.945,0
574,35.32,-97.424,0.2,21.801,3,332,-3.351,0.116,9.06,0
575,35.32,-97.424,359.9,21.79,3,334,-3.352,0.08,9.176,0
576,35.32,-97.424,359.8,21.85,3,332,-3.269,0.091,8.904,0
577,35.32,-97.424,0.9,21.88,3,331,-3.248,-0.01,9.129,0
578,35.321,-97.424,359.2,21.93,3,330,-3.362,0.052,8.939,0
579,35.321,-97.424,358.1,22.031,3,332,-3.351,0.419,9.007,0
580,35.321,-97.424,358.1,22.091,3,333,-3.287,0.557,9.144,1
581,35.321,-97.424,359.2,22.171,3,333,-3.289,0.148,9.261,1
582,35.321,-97.424,359.9,22.221,3,332,-3.262,0.121,8.981,1
583,35.322,-97.424,0.3,22.3,3,332,-3.135,0.089,8.994,1
584,35.322,-97.424,0.7,22.32,3,332,-3.219,-0.064,9.425,1
585,35.322,-97.424,0.3,22.33,3,333,-3.212,-0.063,9.264,1
586,35.322,-97.424,0.1,22.36,3,333,-3.252,-0.032,9.235,1
587,35.323,-97.424,359.9,22.361,3,334,-3.162,0.104,9.075,1
588,35.323,-97.424,359.5,22.372,3,334,-3.129,0.128,9.147,1
589,35.323,-97.424,359.8,22.391,3,336,-3.227,0.033,9.228,1
590,35.323,-97.424,359.7,22.401,3,337,-3.166,0.032,9.138,1
591,35.324,-97.424,0,22.41,3,337,-3.12,0.119,9.106,1
592,35.324,-97.424,0,22.391,3,337,-3.135,0.128,9.269,1
593,35.324,-97.424,0,22.39,3,338,-3.27,0.157,8.91,1
594,35.324,-97.424,359.9,22.4,3,340,-3.174,0.13,9.196,1
595,35.324,-97.424,359.8,22.421,3,339,-3.176,0.106,9.158,1
596,35.325,-97.424,359.6,22.411,3,339,-3.238,0.177,9.276,1
597,35.325,-97.424,359.9,22.39,3,340,-3.186,0.145,8.998,1
598,35.325,-97.424,0,22.39,3,340,-3.114,0.114,9.069,1
600,35.325,-97.424,0,22.4,3,340,-3.187,0.084,9.282,1
600,35.325,-97.424,0,22.4,3,340,-3.187,0.084,9.282,1
601,35.325,-97.424,0,22.38,3,341,-3.263,0.045,9.259,1
602,35.326,-97.424,359.9,22.45,3,340,-3.239,0.096,9.118,1
603,35.326,-97.424,0,22.47,3,341,-3.261,0.156,8.908,1
604,35.326,-97.424,0.1,22.55,3,341,-3.137,0.264,8.769,1
605,35.326,-97.424,0.3,22.66,3,341,-3.084,0.137,9.069,1
606,35.326,-97.424,0.1,22.76,3,341,-3.04,0.231,9.311,1
607,35.327,-97.424,0,22.781,3,341,-3.013,0.159,8.95,1
608,35.327,-97.424,0,22.81,3,341,-2.988,0.121,9.077,1
609,35.327,-97.424,359.9,22.8,3,341,-3.035,0.038,9.198,1
610,35.327,-97.424,359.9,22.76,3,340,-2.85,0.198,9.39,1
611,35.327,-97.424,359.8,22.73,3,340,-2.948,0.303,9.289,1
612,35.328,-97.424,359.8,22.66,3,341,-3.029,0.118,9.252,1
613,35.328,-97.424,359.8,22.6,3,340,-3.051,0.162,9.23,1
614,35.328,-97.424,359.9,22.541,3,340,-3.048,0.368,9.158,1
615,35.328,-97.424,0.1,22.49,3,340,-2.997,0.289,9.302,0
616,35.328,-97.424,0.2,22.441,3,340,-2.908,0.117,9.13,0
617,35.329,-97.424,0,22.431,3,339,-2.902,0.008,9.034,0
618,35.329,-97.424,359.6,22.431,3,339,-2.888,0.184,9.026,0
619,35.329,-97.424,359.7,22.442,3,339,-2.993,0.284,9.068,0
620,35.329,-97.424,359.8,22.532,3,337,-2.911,0.274,9.396,0
621,35.329,-97.424,0,22.704,3,336,-2.879,0.366,9.479,0
622,35.33,-97.424,359.9,22.773,3,335,-3.071,0.187,9.314,0
623,35.33,-97.424,0.1,22.902,3,335,-2.983,0.326,9.217,1
624,35.33,-97.424,0,22.901,3,334,-3.104,0.235,9.415,1
625,35.33,-97.424,359.6,22.83,3,333,-2.916,0.464,9.371,0
626,35.33,-97.424,359.6,22.621,3,333,-2.957,0.513,9.449,0
627,35.331,-97.424,358.9,22.38,3,333,-3.034,0.029,9.296,0
628,35.331,-97.424,358.3,22.06,3,334,-3.102,0.154,9.236,0
629,35.331,-97.424,357,21.75,3,334,-3.338,0.391,9.152,0
630,35.331,-97.424,356.1,21.56,3,334,-3.349,0.267,9.168,0
631,35.331,-97.424,355.6,21.42,3,334,-3.319,0.066,8.863,0
632,35.332,-97.424,354.8,21.3,3,334,-3.358,0.164,9.158,0
633,35.332,-97.424,353,21.321,3,334,-3.334,0.07,9.059,0
634,35.332,-97.424,351.7,21.362,3,334,-3.423,-0.034,9.025,0
635,35.332,-97.424,350.6,21.381,3,336,-3.383,0.19,8.996,0
636,35.332,-97.424,349.9,21.39,3,336,-3.492,0.136,8.78,1
637,35.333,-97.424,348.2,21.525,3,338,-3.386,0.189,9.034,1
638,35.333,-97.424,347.8,21.671,3,338,-3.294,0.234,8.706,1
639,35.333,-97.424,346.4,21.771,3,339,-3.472,-0.063,8.944,1
640,35.333,-97.424,345.5,21.881,3,339,-3.36,0.264,8.892,1
641,35.333,-97.424,345.7,22.061,3,339,-3.294,0.169,9.143,1
642,35.334,-97.424,343.9,22.162,3,340,-3.192,0.154,9.047,1
643,35.334,-97.424,342.9,22.4,3,340,-3.029,0.071,8.955,1
644,35.334,-97.424,341.9,22.58,3,341,-3.161,-0.157,9.006,1
645,35.334,-97.424,340.5,22.69,3,341,-3.071,0.027,9.254,1
646,35.334,-97.424,338.8,22.82,3,342,-2.839,0.045,8.932,1
647,35.334,-97.425,337.3,22.941,3,343,-2.905,0.093,9.142,1
648,35.335,-97.425,336,22.97,3,343,-2.926,0.257,9.09,1
649,35.335,-97.425,334.5,23.162,3,343,-2.816,-0.042,9.182,1
650,35.335,-97.425,333.1,23.862,3,341,-2.808,-0.048,9.135,1
651,35.335,-97.425,331.1,23.695,3,340,-2.63,0.241,9.309,1
652,35.336,-97.425,329.6,23.265,3,340,-2.283,0.469,9.659,1
653,35.336,-97.425,328.9,22.673,3,340,-2.929,0.608,9.408,1
654,35.336,-97.426,328.8,22.541,3,339,-2.902,0.573,9.511,1
655,35.336,-97.426,328.9,22.361,3,338,-2.942,0.5,9.466,0
656,35.336,-97.426,329.1,22.12,3,337,-3.111,0.406,9.249,0
657,35.336,-97.426,329.2,22.15,3,338,-3.097,0.264,9.256,0
658,35.337,-97.426,329.5,22.27,3,338,-3.242,0.176,9.093,0
659,35.337,-97.426,329.9,22.35,3,338,-3.198,0.226,9.048,0
660,35.337,-97.426,330.2,22.38,3,337,-3.166,0.254,9.132,0
661,35.337,-97.426,330.9,22.37,3,337,-3.126,0.297,9.166,0
663,35.337,-97.427,331.9,22.361,3,337,-3.03,0.502,9.334,1
663,35.337,-97.427,331.9,22.361,3,337,-3.03,0.502,9.334,1
664,35.338,-97.427,333.7,22.45,3,337,-3.259,0.525,9.369,1
665,35.338,-97.427,335,22.3,3,337,-3.266,0.579,9.375,1
666,35.338,-97.427,337.2,22.45,3,337,-3.277,0.542,9.227,1
667,35.338,-97.427,338.8,22.47,3,337,-3.074,0.433,9.085,1
668,35.338,-97.427,340,22.45,3,337,-3.091,0.39,9.384,1
669,35.338,-97.427,340.6,22.421,3,338,-3.185,0.437,9.445,1
670,35.339,-97.427,342.4,22.41,3,337,-3.124,0.469,9.274,1
671,35.339,-97.427,343.5,22.49,3,337,-3.226,0.599,9.111,1
672,35.339,-97.427,345,22.25,3,338,-3.172,0.605,9.108,1
673,35.339,-97.427,347,21.87,3,338,-3.207,0.419,9.095,1
674,35.339,-97.427,348.9,21.97,3,338,-3.035,0.305,9.004,1
