time,latitude,longitude,bearing,speed,accuracy,altitude,acc_x,acc_y,acc_z,is_Stable
1576789305,35.2183793,-97.42298551,91.1,11.17,3,336,-1.739,1.132,9.139,0
1576789306,35.21837798,-97.4228592,91.3,11.540005,3,336,-2.155,1.42,9.076,0
1576789307,35.21837484,-97.42273315,91.4,11.97,3,336,-1.811,0.642,9.327,0
1576789308,35.21837297,-97.42259452,91.3,12.340065,3,336,-2.059,1.072,9.234,0
1576789309,35.21837109,-97.42245557,91,12.7200985,3,336,-1.426,1.047,9.668,0
1576789310,35.21836967,-97.42231788,90.8,12.900248,3,337,-1.928,0.988,9.578,0
1576789311,35.21836813,-97.42217416,90.7,13.030034,3,337,-1.887,0.757,9.37,0
1576789312,35.21836693,-97.42203253,90.7,13.44,3,337,-1.912,1.344,9.123,0
1576789313,35.21836611,-97.42187718,90.3,13.810015,3,337,-1.793,0.909,9.609,0
1576789314,35.21836546,-97.42172133,90.3,14.21,3,337,-1.765,1.117,8.023,0
1576789315,35.21836524,-97.42156729,90.2,14.470056,3,337,-0.802,0.798,9.623,0
1576789316,35.21836396,-97.42140395,90.5,14.230087,3,337,-1.544,0.784,9.113,0
1576789317,35.21836401,-97.42125182,90,14.210056,3,337,-1.752,0.964,9.585,0
1576789318,35.21836366,-97.4210921,90,14.34,3,337,-1.6,1.182,10.435,0
1576789319,35.21836352,-97.42093548,90.1,14.510014,3,337,-1.662,1.255,10.058,0
1576789320,35.21836333,-97.42077621,90.2,14.600123,3,338,-1.968,0.989,9.451,0
1576789321,35.21836236,-97.42061044,90.5,14.880164,3,338,-1.954,0.892,9.849,0
1576789322,35.21836167,-97.42044339,90.3,15.2,3,338,-1.326,0.851,10.087,0
1576789323,35.2183606,-97.4202816,90.4,15.050054,3,338,-1.504,0.875,8.793,0
1576789325,35.21835849,-97.41995267,90.3,14.590086,3,338,-1.769,0.519,10.068,0
1576789326,35.21835726,-97.41979462,90.2,14.630004,3,338,-1.286,0.994,9.349,0
1576789327,35.21835496,-97.41963494,90.6,14.51,3,338,-1.921,0.546,10.275,0
1576789328,35.21835391,-97.41947828,90.8,14.410087,3,338,-1.698,1.307,10.436,0
1576789329,35.21835117,-97.41931505,91,14.191705,3,338,-1.357,1.089,9.147,0
1576789330,35.21834947,-97.419162,91.1,13.810815,3,339,-1.054,1.105,9.602,0
1576789331,35.21834747,-97.41901507,90.9,13.431076,3,339,-1.433,0.889,9.666,0
1576789332,35.21834677,-97.41886771,90.3,13.191516,3,340,-1.194,1.481,9.753,0
1576789333,35.21834565,-97.41872185,90.4,12.901549,3,340,-1.525,0.974,9.552,0
1576789334,35.21834563,-97.41858578,90.3,12.601433,3,340,-1.455,1.061,9.525,0
1576789335,35.21834583,-97.41844774,90.2,12.411612,3,341,-1.17,1.138,9.629,1
1576789336,35.21834508,-97.4183188,90.3,11.951673,3,341,-1.076,1.015,9.317,1
1576789337,35.21834533,-97.4181866,90.3,11.43158,3,341,-0.14,0.987,9.722,0
1576789338,35.21834548,-97.41807344,90.2,10.151596,3,341,-1.142,1.191,9.564,1
1576789339,35.21834557,-97.41796384,90,9.611504,3,341,-0.582,1.097,9.33,0
1576789340,35.21834586,-97.41786402,89.8,8.261549,3,342,-0.356,1.076,9.613,0
1576789341,35.21834544,-97.41778318,89.7,7.0212035,3,342,-0.817,1.102,9.485,0
1576789342,35.21834529,-97.41771181,89.9,6.151374,3,342,-0.958,1.026,9.747,0
1576789343,35.21834608,-97.41765009,90,5.501536,3,342,-1.017,1.122,9.565,1
1576789344,35.21834592,-97.41759269,90.2,5.051426,3,343,-2.078,1.117,9.483,0
1576789345,35.21834436,-97.4175335,90.4,5.331585,3,342,-2.219,1.1,9.534,0
1576789346,35.218343,-97.41747399,90.4,5.741472,3,342,-2.077,1.083,9.566,0
1576789347,35.21834335,-97.41740816,90,6.1111784,3,343,-2.808,1.136,9.27,0
1576789348,35.21834342,-97.41733341,89.9,7.0915866,3,343,-2.937,1.019,9.511,0
1576789349,35.21834345,-97.41724724,89.9,8.221758,3,343,-2.719,1.231,9.626,0
1576789350,35.21834356,-97.4171494,89.9,9.22217,3,343,-2.702,0.885,9.348,0
1576789351,35.21834427,-97.41704557,89.8,9.97181,3,343,-2.245,1.25,9.333,0
1576789352,35.21834476,-97.41693209,89.9,10.501543,3,343,-2.271,1.258,9.65,0
1576789353,35.21834495,-97.41681193,90,11.041811,3,344,-2.122,0.934,9.502,0
1576789354,35.21834504,-97.41668803,90.1,11.370862,3,344,-2.075,0.978,9.327,0
1576789355,35.21834488,-97.41656336,90,11.87042,3,344,-2.146,1.119,9.202,0
1576789356,35.21834523,-97.41642466,90.1,12.360489,3,344,-2.093,1.072,9.618,0
1576789357,35.21834468,-97.4162851,90.2,12.820561,3,344,-2.25,0.849,9.654,0
1576789358,35.21834388,-97.41614562,90.4,13.300635,3,345,-2.148,0.753,9.589,0
1576789359,35.21834254,-97.4159953,90.6,13.800294,3,345,-2.134,0.827,9.352,0
1576789360,35.21834158,-97.4158445,90.4,14.270057,3,345,-2.01,0.807,9.345,0
1576789361,35.21834101,-97.41567902,90.2,14.740054,3,345,-1.28,0.908,9.3,0
1576789362,35.21834002,-97.41551518,90.3,14.710085,3,345,-1.158,0.845,9.401,1
1576789363,35.21833969,-97.41535943,90.2,14.360014,3,345,-1.194,0.936,9.476,0
1576789364,35.21834008,-97.41519776,90.1,14.000032,3,346,-1.142,0.913,9.678,0
1576789365,35.21834065,-97.41505037,90.1,13.650003,3,346,-1.093,0.812,9.285,0
1576789366,35.21834073,-97.41490337,90.2,13.410238,3,345,-1.295,0.898,9.773,0
1576789367,35.21834114,-97.41475815,90.3,13.110061,3,346,-1.415,0.879,9.689,0
1576789368,35.21834017,-97.41461961,90.4,12.93014,3,346,-1.583,0.753,9.641,1
1576789369,35.21833881,-97.41447189,90.2,12.950139,3,346,-1.869,0.729,9.609,0
1576789370,35.21833584,-97.41433008,90.5,13.080015,3,345,-1.705,0.965,9.513,0
1576789371,35.21833493,-97.41418583,90.7,13.450004,3,345,-1.88,0.799,9.512,0
1576789372,35.21833359,-97.41403087,90.6,13.730091,3,345,-1.813,0.872,9.291,0
1576789373,35.21833164,-97.413878,90.6,14.080227,3,345,-1.92,0.928,9.695,0
1576789374,35.21833033,-97.4137225,90.5,14.48022,3,345,-1.848,0.77,9.377,0
1576789375,35.21832936,-97.41356451,90.4,14.890165,3,345,-1.945,0.592,10.112,0
1576789376,35.21832822,-97.41339688,90,15.32016,3,345,-1.424,0.953,9.411,0
1576789377,35.21832837,-97.41322088,89.8,15.560004,3,345,-1.422,1.022,10.032,0
1576789378,35.21832997,-97.41305677,89.9,15.330052,3,345,-1.48,1.153,9.803,0
1576789379,35.21833027,-97.4128886,89.9,15.190118,3,345,-1.429,1.013,9.519,0
1576789380,35.21833076,-97.41272116,90,15.120053,3,345,-1.685,0.829,9.789,0
1576789381,35.21832989,-97.41255558,89.9,15.110003,3,345,0.361,1.062,9.587,0
1576789382,35.21832911,-97.41239281,90,14.620168,3,345,0.753,1.017,9.91,0
1576789384,35.21832884,-97.41213051,90.4,10.340175,3,345,0.651,1.136,9.69,0
1576789385,35.2183281,-97.4120298,90.6,8.070223,3,345,1.134,0.967,9.455,0
1576789386,35.21832723,-97.41195974,90.7,5.7803116,3,345,0.773,0.883,10.011,0
1576789387,35.21832552,-97.41191024,90.7,3.7102156,3,345,1.357,0.915,9.79,0
1576789388,35.21832509,-97.41188795,90.8,1.2101653,3,346,-0.293,0.918,9.669,0
1576789389,35.21832509,-97.41188795,90.8,1.2101653,3,346,-0.961,0.904,9.714,1
1576789390,35.21832509,-97.41188795,90.8,1.2101653,3,346,-1.462,0.919,9.624,1
1576789391,35.21832509,-97.41188795,90.8,1.2101653,3,346,-1.465,0.914,9.609,1
1576789392,35.21832509,-97.41188795,90.8,1.2101653,3,346,-1.452,0.923,9.614,1
1576789393,35.21832509,-97.41188795,90.8,1.2101653,3,346,-1.461,0.917,9.633,1
1576789394,35.21832509,-97.41188795,90.8,1.2101653,3,346,-1.442,0.919,9.629,1
1576789395,35.21832509,-97.41188795,90.8,1.2101653,3,346,-1.461,0.92,9.636,1
1576789396,35.21832509,-97.41188795,90.8,1.2101653,3,346,-1.468,0.914,9.611,1
1576789397,35.21832509,-97.41188795,90.8,1.2101653,3,346,-1.449,0.893,9.622,1
1576789398,35.21832509,-97.41188795,90.8,1.2101653,3,346,-1.461,0.925,9.609,1
1576789399,35.21832509,-97.41188795,90.8,1.2101653,3,346,-1.45,0.936,9.614,1
1576789400,35.21832509,-97.41188795,90.8,1.2101653,3,346,-1.463,0.892,9.614,1
1576789401,35.21832509,-97.41188795,90.8,1.2101653,3,346,-1.454,0.915,9.593,1
1576789402,35.21832509,-97.41188795,90.8,1.2101653,3,346,-1.457,0.945,9.619,1
1576789403,35.21832509,-97.41188795,90.8,1.2101653,3,346,-1.474,0.909,9.621,1
1576789404,35.21832509,-97.41188795,90.8,1.2101653,3,346,-1.45,0.924,9.615,1
1576789405,35.21832509,-97.41188795,90.8,1.2101653,3,346,-1.464,0.911,9.611,1
1576789406,35.21832509,-97.41188795,90.8,1.2101653,3,346,-1.464,0.899,9.625,1
1576789407,35.21832509,-97.41188795,90.8,1.2101653,3,346,-1.448,0.935,9.645,1
1576789408,35.21832509,-97.41188795,90.8,1.2101653,3,346,-1.461,0.904,9.628,1
1576789409,35.21832509,-97.41188795,90.8,1.2101653,3,346,-1.457,0.946,9.6,1
1576789410,35.21832509,-97.41188795,90.8,1.2101653,3,346,-1.425,0.894,9.591,1
1576789411,35.21832509,-97.41188795,90.8,1.2101653,3,346,-1.448,0.898,9.592,1
1576789412,35.21832509,-97.41188795,90.8,1.2101653,3,346,-1.469,0.912,9.599,1
1576789413,35.21832509,-97.41188795,90.8,1.2101653,3,346,-1.45,0.912,9.645,1
1576789414,35.21832509,-97.41188795,90.8,1.2101653,3,346,-1.456,0.92,9.63,1
1576789415,35.21832509,-97.41188795,90.8,1.2101653,3,346,-1.461,0.959,9.598,1
1576789416,35.21832509,-97.41188795,90.8,1.2101653,3,346,-1.464,0.952,9.582,1
1576789417,35.21832509,-97.41188795,90.8,1.2101653,3,346,-1.452,0.928,9.626,1
1576789418,35.21832509,-97.41188795,90.8,1.2101653,3,346,-1.46,0.884,9.619,1
1576789419,35.21832509,-97.41188795,90.8,1.2101653,3,346,-1.459,0.878,9.635,1
1576789420,35.21832509,-97.41188795,90.8,1.2101653,3,346,-1.453,0.888,9.618,1
1576789421,35.21832509,-97.41188795,90.8,1.2101653,3,346,-1.448,0.915,9.637,1
1576789422,35.21832509,-97.41188795,90.8,1.2101653,3,346,-1.477,0.929,9.621,1
1576789423,35.21832509,-97.41188795,90.8,1.2101653,3,346,-1.449,0.87,9.622,1
1576789424,35.21832509,-97.41188795,90.8,1.2101653,3,346,-1.654,0.871,9.55,1
1576789425,35.21832509,-97.41188795,90.8,1.2101653,3,346,-3.828,0.909,9.415,0
1576789426,35.21832295,-97.41187049,90.7,1.69,3,346,-4.515,0.806,9.293,0
1576789427,35.21832251,-97.41183561,90.8,4.2600474,3,346,-3.941,0.935,9.341,0
1576789428,35.2183215,-97.41177156,91,6.7500296,3,346,-3.5,0.607,9.654,0
1576789429,35.21832008,-97.41168292,90.9,8.810091,3,346,-3.074,0.747,9.462,0
1576789430,35.21831943,-97.41157202,90.3,10.590118,3,346,-3.171,0.954,9.987,0
1576789431,35.21831993,-97.41144411,89.9,12.100017,3,346,-2.917,1.171,9.651,0
1576789432,35.21831928,-97.41130449,90.1,13.54,3,346,-2.813,0.73,9.49,0
1576789433,35.21831943,-97.41114102,90,14.820084,3,346,-1.617,0.827,9.612,0
1576789434,35.21831891,-97.41097581,90.1,15.630205,3,346,-2.137,1.133,9.446,0
1576789435,35.21831921,-97.41080042,90.1,16.060112,3,346,-2.021,0.929,9.659,0
1576789436,35.21831947,-97.41061323,90.2,16.560108,3,346,-1.226,1.032,9.834,0
1576789437,35.21831904,-97.41043573,90.3,16.600012,3,346,-1.252,1.078,9.31,0
1576789438,35.21831927,-97.41025435,90.1,16.330688,3,347,-1.366,1.206,9.736,0
1576789440,35.2183188,-97.40990503,90.2,15.860533,3,347,-1.487,1.163,9.871,0
1576789441,35.21831849,-97.40973082,90.3,15.680922,3,347,-1.497,1.05,9.645,0
1576789442,35.21831768,-97.40955806,90.2,15.590927,3,347,-1.575,0.907,9.523,0
1576789443,35.21831749,-97.40938646,90,15.521163,3,347,-1.598,1.098,9.742,0
1576789444,35.21831718,-97.40921611,90.1,15.421297,3,348,-1.698,1.164,9.632,0
1576789445,35.21831674,-97.40904607,90.3,15.351303,3,348,-1.703,1.392,9.619,0
1576789446,35.21831676,-97.40888295,90.5,15.310641,3,348,-1.664,1.128,9.777,0
1576789447,35.21831608,-97.40871407,90.6,15.280736,3,348,-1.503,1.062,9.088,0
1576789448,35.21831495,-97.40854496,90.5,15.270738,3,349,-1.682,0.908,9.361,0
1576789449,35.21831391,-97.40837561,90.3,15.30016,3,349,-1.768,1.069,9.697,0
1576789450,35.21831285,-97.40820523,90.2,15.410051,3,349,-1.727,1.043,9.596,0
1576789451,35.21831151,-97.4080395,90.2,15.53,3,349,-1.637,1.151,9.256,0
1576789452,35.21831153,-97.4078616,90.2,15.670115,3,349,-1.636,0.932,9.541,0
1576789453,35.21831065,-97.40768857,90.2,15.830809,3,349,-1.455,0.697,9.383,0
1576789454,35.21830919,-97.40751995,90.2,15.690028,3,349,-1.366,1.196,9.252,0
1576789455,35.21830949,-97.40734624,90.2,15.820534,3,349,-1.271,1.084,8.337,0
1576789456,35.21830874,-97.40717874,90.3,15.660817,3,349,-1.406,1.385,9.654,0
1576789457,35.21830725,-97.4069999,90.4,15.721683,3,349,-1.511,1.106,9.407,0
1576789458,35.21830637,-97.40683075,90.2,15.841973,3,349,-1.324,1.087,9.202,0
1576789459,35.21830605,-97.40665798,90,15.29378,3,349,1.25,0.973,9.648,0
1576789460,35.21830534,-97.40649702,90.3,13.494539,3,348,-2.004,0.907,9.504,0
1576789461,35.21830459,-97.40634225,90.3,14.115955,3,348,-2.796,1.105,9.684,0
1576789462,35.21830439,-97.40618058,90,15.467763,3,348,-2.395,0.81,9.632,0
1576789463,35.21830503,-97.40600054,89.7,16.668114,3,347,-2.191,1.506,7.805,0
1576789464,35.21830431,-97.40581416,90,17.879744,3,347,-1.906,1.564,9.508,0
1576789465,35.21830284,-97.40560386,90.5,18.72667,3,346,-1.338,1.414,9.348,0
1576789466,35.21830121,-97.40540252,90.9,18.824945,3,346,-1.012,0.775,9.772,0
1576789467,35.21829919,-97.40519389,90.5,18.84493,3,345,-1.313,1.089,9.544,0
1576789468,35.2182995,-97.40497951,89.8,18.854923,3,345,-0.875,0.936,9.504,0
1576789469,35.2183011,-97.40477771,89.2,18.86572,3,344,-1.227,1.445,9.913,0
1576789470,35.21830392,-97.40457057,89.3,18.823774,3,343,-1.238,0.942,10.824,0
1576789471,35.21830631,-97.40436983,89.5,18.788052,3,343,-1.411,1.286,10.027,0
1576789472,35.21830703,-97.40416248,89.7,18.814466,3,342,-1.381,1.195,9.623,0
1576789473,35.21830722,-97.40395017,89.9,18.852888,3,341,-1.439,1.22,9.74,0
1576789474,35.21830751,-97.40374647,90.1,18.850958,3,341,-1.427,1.04,10.025,0
1576789475,35.21830628,-97.40353893,90.2,18.790026,3,341,-1.393,1.134,9.59,0
1576789476,35.218305,-97.40332835,90.2,18.700024,3,341,-1.732,0.988,9.554,0
1576789477,35.21830489,-97.40312891,90.1,18.680868,3,341,-1.565,1.385,9.431,0
1576789478,35.21830552,-97.40292311,90.2,18.61196,3,342,-1.655,1.107,9.296,0
1576789479,35.21830405,-97.40271786,90.5,18.544758,3,342,-1.716,1.142,9.276,0
1576789480,35.21830323,-97.40252081,90.5,18.396526,3,342,-1.603,1.078,9.617,0
1576789481,35.21830195,-97.40231216,90.4,18.26712,3,343,-1.647,1.11,9.556,0
1576789482,35.21830076,-97.40211792,90.5,18.135834,3,343,-1.619,1.138,9.362,0
1576789483,35.21829961,-97.40191899,90.5,18.007223,3,344,-1.702,1.016,9.517,0
1576789484,35.21829906,-97.40172104,90.4,17.876448,3,344,-1.64,1.086,9.621,0
1576789485,35.21829836,-97.40152435,90.4,17.776482,3,345,-1.699,1.003,9.745,1
1576789486,35.21829846,-97.40132836,90.4,17.69598,3,345,-2.132,0.985,9.392,1
1576789487,35.2182976,-97.40113702,90.2,17.956417,3,346,-2.144,1.179,9.487,0
1576789488,35.2182975,-97.4009367,90.1,18.266575,3,346,-2.086,1.236,9.474,0
1576789489,35.21829745,-97.40073278,90.2,18.606455,3,347,-2.002,1.278,9.751,0
1576789490,35.21829681,-97.40052518,90.4,18.946339,3,347,-2.011,1.068,9.58,0
1576789491,35.21829598,-97.40031442,90.5,19.185278,3,348,-1.588,1.202,9.58,1
1576789492,35.21829448,-97.40010368,90.5,19.065792,3,348,-1.602,1.111,9.707,0
1576789493,35.21829291,-97.39989513,90.6,18.835377,3,349,-1.684,1.013,9.563,1
1576789495,35.21829075,-97.39948761,90.4,18.686167,3,350,-1.745,1.082,9.138,0
1576789496,35.21829016,-97.39928816,90.3,18.64618,3,350,-1.754,1.15,9.502,0
1576789497,35.2182895,-97.39907632,90.1,18.605444,3,351,-1.704,1.063,9.463,0
1576789498,35.21829021,-97.39887136,89.9,18.555458,3,351,-1.792,1.177,9.544,0
1576789499,35.21829031,-97.39867369,90,18.494545,3,352,-1.836,1.099,9.289,0
1576789500,35.21829047,-97.39846297,89.8,18.47433,3,352,-1.646,0.951,9.403,0
1576789501,35.2182912,-97.39826469,90,18.512941,3,353,-1.709,1.266,9.068,0
1576789502,35.21829152,-97.39805974,90.1,18.591301,3,353,-1.712,1.229,9.325,0
1576789503,35.2182915,-97.3978541,90,18.570526,3,353,-1.168,0.938,9.755,1
1576789504,35.21829184,-97.39765728,89.6,18.300274,3,353,-1.749,1.001,9.785,0
1576789505,35.21829359,-97.39744778,89.5,18.460096,3,353,-1.749,1.153,9.497,0
1576789506,35.2182952,-97.39725002,89.3,18.65,3,353,-1.546,1.297,9.422,1
1576789507,35.21829644,-97.39704506,89.8,18.690386,3,353,-1.449,1.337,9.672,1
1576789508,35.21829714,-97.39683481,90.1,18.650774,3,353,-1.433,1.129,9.565,0
1576789509,35.21829629,-97.39663626,90.3,18.61168,3,353,-1.37,1.132,9.62,1
1576789510,35.21829529,-97.39643097,90.3,18.592585,3,352,-1.36,0.925,9.367,0
1576789511,35.21829461,-97.39622574,90,18.623878,3,352,-1.203,0.998,9.598,1
1576789512,35.2182944,-97.39602771,89.9,18.527582,3,352,-1.154,1.192,9.51,0
1576789513,35.21829407,-97.39581792,90.3,18.439125,3,351,-1.085,1.234,9.241,0
1576789514,35.21829248,-97.39561915,90.5,18.381496,3,351,-1.166,1.129,9.501,0
1576789515,35.21829079,-97.39541636,90.5,18.359484,3,350,-1.219,1.058,9.558,1
1576789516,35.21828888,-97.39520686,90.6,18.411127,3,349,-1.314,0.959,9.608,0
1576789517,35.21828716,-97.39500938,90.4,18.52072,3,349,-1.184,0.998,9.777,0
1576789518,35.21828512,-97.39480438,90.2,18.551744,3,348,-1.334,1.077,9.788,0
1576789519,35.218284,-97.39460574,90,18.662031,3,348,-1.155,1.202,9.392,1
1576789520,35.2182841,-97.39440083,90,18.713099,3,347,-1.199,1.087,9.45,1
1576789521,35.21828388,-97.39419206,90.2,18.783806,3,346,-1.088,0.89,9.077,0
1576789522,35.21828354,-97.39398309,90.1,19.007671,3,346,-1.394,1.078,9.438,0
1576789523,35.21828358,-97.39377563,90,19.197319,3,345,-1.307,1.446,9.351,0
1576789524,35.21828318,-97.39355508,90.1,19.425686,3,345,-1.105,1.088,9.552,0
1576789525,35.21828256,-97.39334786,90.4,19.365,3,344,-1.234,1.17,9.562,0
1576789526,35.21828033,-97.39313451,90.7,19.353731,3,344,-1.322,0.96,8.069,0
1576789527,35.21827823,-97.39292663,90.9,19.46231,3,343,-1.4,1.07,10.295,0
1576789528,35.21827695,-97.39271027,90.5,19.59031,3,344,-1.074,0.968,9.441,0
1576789529,35.21827552,-97.39248684,90.7,19.614716,3,343,-1.323,1.098,9.471,0
1576789530,35.21827459,-97.39227617,90.7,19.692936,3,343,-1.782,0.951,10.558,0
1576789531,35.21827321,-97.39205738,90.5,19.782429,3,343,-1.461,0.907,9.545,0
1576789532,35.21827306,-97.39183667,90.4,20.012888,3,343,-2.611,0.833,10.017,0
1576789533,35.21827336,-97.39161041,90.4,20.752316,3,343,-2.813,0.872,9.166,0
1576789534,35.21827231,-97.39137223,90.4,22.021656,3,343,-2.623,0.564,10.663,0
1576789535,35.21827093,-97.39112789,90.6,23.251139,3,342,-2.603,1.513,9.17,0
1576789536,35.21826934,-97.39086347,90.7,24.371973,3,342,1.534,1.544,9.642,0
1576789537,35.21826696,-97.39060678,90.9,22.67302,3,342,0.395,0.804,9.172,0
1576789538,35.2182663,-97.39036837,90.5,20.762314,3,341,-1.258,1.247,9.48,0
1576789539,35.21826607,-97.39015024,90.4,20.152702,3,341,-2.099,1.294,10.123,0
1576789540,35.21826512,-97.38991843,90.7,20.56152,3,341,-2.947,1.057,9.963,0
1576789541,35.21826217,-97.38968412,91.4,21.59102,3,340,-2.577,0.661,9.504,0
1576789542,35.21825976,-97.38944376,91.3,22.960033,3,340,-1.348,0.814,9.589,0
1576789543,35.21825805,-97.38918355,91.2,23.960207,3,340,-0.953,0.365,9.926,0
1576789544,35.21825649,-97.3889312,90.7,23.560476,3,341,-0.825,1.089,9.89,0
1576789545,35.21825645,-97.38866552,90.1,23.070263,3,341,-1.077,1.267,9.911,0
1576789546,35.21825611,-97.38841376,90.3,22.610374,3,341,-1.921,1.259,9.576,0
1576789547,35.21825642,-97.38817597,90.5,22.14011,3,341,-2.386,0.76,10.205,0
1576789549,35.2182558,-97.38767336,90.3,23.302061,3,342,-2.307,0.973,9.671,0
1576789550,35.21825335,-97.38741168,90.8,23.885025,3,343,-2.094,0.63,9.887,0
1576789551,35.21825076,-97.38715539,90.8,24.076986,3,343,-1.995,0.637,9.582,0
1576789552,35.21824825,-97.38688903,90.7,24.069607,3,344,-1.685,0.852,9.373,0
1576789553,35.21824753,-97.38661612,90.3,23.941439,3,345,-1.777,0.763,9.287,0
1576789554,35.21824713,-97.3863585,90.2,24.053308,3,346,-1.797,0.952,9.488,0
1576789555,35.21824641,-97.38609183,90.1,24.138222,3,347,-1.823,0.766,9.928,0
1576789556,35.21824695,-97.38582132,90,24.188469,3,347,-1.919,1.169,9.993,0
1576789557,35.2182469,-97.38556129,90.1,24.575933,3,347,-2.944,0.764,10.17,0
1576789558,35.21824627,-97.38528155,90.2,25.661995,3,347,-2.922,0.783,9.563,0
1576789559,35.21824524,-97.3849919,90.4,26.800821,3,348,-2.82,0.991,8.512,0
1576789560,35.21824462,-97.38469395,90.5,27.980114,3,348,-2.87,0.928,10.136,0
1576789561,35.21824303,-97.38437037,90.4,28.390062,3,348,1.9,1.406,9.59,0
1576789562,35.21824174,-97.38408974,90.3,25.72007,3,348,0.697,0.987,9.442,0
1576789563,35.21824014,-97.38381926,90.5,23.921638,3,348,-1.906,0.842,9.556,0
1576789564,35.21823928,-97.38355303,90.2,24.022268,3,348,-1.948,0.902,10.568,0
1576789565,35.21823944,-97.38328675,90,24.194374,3,347,-1.445,1.178,9.279,0
1576789566,35.21823931,-97.38301909,90,24.235159,3,347,-1.232,0.637,8.865,0
1576789567,35.21823912,-97.38275938,89.9,24.285357,3,346,-1.16,0.833,10.787,0
1576789568,35.21823883,-97.38249117,90.1,24.335138,3,346,-1.152,0.422,8.917,0
1576789569,35.21823982,-97.38222225,89.9,24.366209,3,345,-2.137,1.022,9.621,0
1576789570,35.21824012,-97.38194942,89.9,24.966738,3,345,-2.248,0.935,8.976,0
1576789571,35.21824075,-97.38167261,89.9,25.836512,3,345,-2.149,1.144,9.216,0
1576789572,35.2182397,-97.38137095,90.2,26.71587,3,344,-2.552,0.852,9.39,0
1576789573,35.2182374,-97.38107762,90.6,27.767378,3,344,-2.705,0.967,9.839,0
1576789574,35.2182352,-97.38076627,90.5,28.27535,3,343,1.232,0.825,9.709,0
1576789575,35.21823362,-97.3804861,90.5,25.672813,3,343,-1.085,0.983,9.723,0
1576789576,35.21823083,-97.3802147,90.9,24.231289,3,342,-2.878,0.212,9.71,0
1576789577,35.21822852,-97.37992844,90.3,25.380709,3,342,-2.683,0.663,9.094,0
1576789578,35.21822753,-97.37964734,90.3,26.690317,3,342,-2.718,0.952,8.828,0
1576789579,35.21822662,-97.3793429,90.2,28.000349,3,342,-1.075,0.593,10.02,0
1576789580,35.21822605,-97.37903113,90,28.240112,3,342,-0.99,0.814,9.664,0
1576789581,35.21822679,-97.37872136,89.7,27.810028,3,342,-1.106,0.975,9.933,0
1576789582,35.2182286,-97.37842674,89.4,27.390015,3,342,-0.79,0.585,10.781,0
1576789583,35.21823019,-97.37812925,89.8,26.840225,3,342,-0.264,0.938,9.069,0
1576789584,35.21823106,-97.37784276,89.8,25.55016,3,342,-0.947,1.168,10.149,0
1576789585,35.21823096,-97.37756492,89.9,24.840805,3,342,-0.989,1.022,9.716,0
1576789586,35.21823187,-97.37729514,89.6,24.450665,3,342,-0.995,0.905,9.513,0
1576789587,35.21823157,-97.37703817,90,24.111296,3,341,-1.087,1.232,9.463,0
1576789588,35.21823138,-97.37676574,90,23.781649,3,341,-1.197,1.262,9.82,0
1576789589,35.2182318,-97.37650584,90,23.45123,3,341,-0.992,1.043,9.543,0
1576789590,35.21823145,-97.37625716,89.8,23.121145,3,341,-0.899,0.742,9.462,0
1576789591,35.21823156,-97.37600372,89.8,22.750563,3,340,-0.956,0.837,10.13,0
1576789592,35.21823131,-97.37576285,90.1,22.410572,3,340,-0.913,0.963,8.96,0
1576789593,35.21823064,-97.3755102,90.1,22.250898,3,340,-1.353,1.116,9.632,0
1576789594,35.21823097,-97.37527002,90.1,22.090906,4,340,-1.404,0.881,9.598,0
1576789595,35.21822971,-97.37502989,90.1,22.2409,4,340,-1.409,1.042,9.736,0
1576789596,35.21824162,-97.37479824,90,21.850147,3,341,-1.608,0.702,9.685,0
1576789597,35.21823864,-97.37455927,89.9,21.810112,3,341,-1.621,1.094,9.914,0
1576789598,35.21823975,-97.37431563,89.9,21.800386,3,341,-0.992,1.325,9.644,0
1576789599,35.21823967,-97.37407538,90,21.790829,3,341,-1.196,0.852,8.909,0
1576789600,35.21823829,-97.37383804,90,21.82121,3,341,-1.393,1.113,9.297,0
1576789601,35.2182408,-97.37359869,90,21.891426,3,341,-1.65,0.788,9.673,0
1576789603,35.21823699,-97.37311339,90,22.18343,3,339,-1.829,1.09,9.279,0
1576789604,35.21823391,-97.37286356,90.2,22.924616,3,339,-2.833,1.262,9.711,0
1576789605,35.21823068,-97.37259516,90.4,24.17581,3,338,-2.671,1.404,9.759,0
1576789606,35.21823168,-97.37231322,90.4,25.374928,3,337,-2.572,1.614,9.553,0
1576789607,35.21822783,-97.37202207,90.4,26.4953,3,337,-1.1,1.331,9.21,0
1576789608,35.21822468,-97.37174708,90.3,25.254374,3,336,1.158,1.003,10.172,0
1576789609,35.2182227,-97.37149829,90.5,22.852104,3,335,-0.116,1.107,9.513,0
1576789610,35.21821863,-97.37125683,90.7,22.124376,3,334,-0.764,0.98,9.59,0
1576789611,35.21821788,-97.37101486,90.3,22.022182,3,334,-1.057,0.748,9.954,0
1576789612,35.21821618,-97.37077008,90,21.961002,3,334,-1.255,0.997,10.129,0
1576789613,35.21821542,-97.37053042,90,21.880184,3,334,-1.216,0.904,9.396,0
1576789614,35.2182159,-97.37029071,89.7,21.77001,3,334,-1.359,0.975,9.343,0
1576789615,35.21821388,-97.37004948,89.9,21.67,3,335,-1.429,1.015,9.643,0
1576789616,35.21821219,-97.36981257,90.1,21.590036,3,334,-1.573,0.763,9.663,0
1576789617,35.2182124,-97.3695762,90.1,21.620058,3,334,-1.878,0.796,9.447,0
1576789618,35.21821758,-97.36933505,89.9,22.090057,3,334,-2.244,0.807,9.519,0
1576789619,35.21821861,-97.36907961,89.9,23.01014,3,334,-3.037,0.778,9.404,0
1576789620,35.21821894,-97.36880821,89.8,24.400019,3,335,-2.976,0.854,9.515,0
1576789621,35.21822128,-97.36852589,89.7,25.630049,3,335,-2.393,0.871,9.328,0
1576789622,35.2182168,-97.36823105,90.1,26.450048,3,335,0.393,1.209,10.451,0
1576789623,35.21822029,-97.36796397,90.2,24.540167,3,335,0.346,1.253,9.707,0
1576789624,35.2182242,-97.36772332,90,22.500269,3,335,-0.933,1.037,9.443,0
1576789625,35.21822652,-97.36748182,89.7,22.00001,3,335,-1.147,1.124,9.47,0
1576789626,35.21822769,-97.36724146,89.7,21.780083,3,335,-1.368,1.088,9.243,0
1576789627,35.21822766,-97.36699954,89.8,21.810057,3,335,-1.476,1.038,9.089,0
1576789628,35.21823085,-97.36675716,89.5,21.950447,3,334,-1.623,1.183,9.416,0
1576789629,35.21823087,-97.36651563,89.8,22.170902,3,334,-1.325,0.996,8.942,0
1576789630,35.2182287,-97.36627107,90,22.360807,3,334,-1.51,0.79,9.308,1
1576789631,35.21822792,-97.36602419,89.7,22.50128,3,333,-1.91,1.133,9.229,1
1576789632,35.21822914,-97.36577458,90,22.922375,3,333,-2.501,0.894,9.24,1
1576789633,35.21822845,-97.36550984,89.9,24.182987,3,332,-2.757,0.938,9.626,0
1576789634,35.21822613,-97.36522909,90,25.6045,3,331,-1.284,0.84,9.741,0
1576789635,35.21822346,-97.36493324,90.1,26.39303,3,330,0.65,1.055,10.064,0
1576789636,35.21822241,-97.36466701,90.1,24.431843,3,330,0.024,0.87,9.797,0
1576789637,35.21822211,-97.36441847,89.9,22.55008,3,329,-2.247,0.746,9.259,0
1576789638,35.21822023,-97.36416389,89.9,22.930107,3,330,-2.775,0.691,9.772,0
1576789639,35.21822826,-97.36389806,89.5,24.29001,3,334,-2.837,0.687,9.667,0
1576789640,35.21823351,-97.36361616,89.6,25.550018,3,332,-1.836,0.945,9.613,0
1576789641,35.21822697,-97.36332181,90,26.450048,3,331,-1.039,0.884,9.638,0
1576789642,35.21822944,-97.36303122,89.9,26.16019,3,331,-1.243,0.815,9.654,0
1576789643,35.21822371,-97.36274726,90.1,25.740158,3,335,-1.452,0.728,9.495,0
1576789644,35.21822271,-97.36246398,90,25.54016,3,334,-1.331,0.662,9.654,0
1576789645,35.21823267,-97.3621874,89.5,25.360126,3,333,-1.465,0.922,9.824,0
1576789646,35.21823498,-97.3619133,89.2,25.180128,3,333,-1.25,1.081,9.548,0
1576789647,35.21824058,-97.36163851,89.5,24.99005,3,333,-1.116,0.994,9.706,0
1576789648,35.21824078,-97.36136489,90,24.630032,3,333,-1.071,0.892,9.508,0
1576789649,35.21823647,-97.36109611,89.9,24.210009,3,337,-1.284,0.794,9.498,0
1576789651,35.21823751,-97.36056746,89.7,23.95002,3,334,-1.473,0.525,9.366,0
1576789652,35.21824319,-97.36030193,89.3,23.980602,3,334,-1.386,0.833,9.339,0
1576789653,35.21824493,-97.36003638,89.1,24.0413,3,333,-1.317,0.887,9.326,0
1576789654,35.21824748,-97.35977466,89.3,24.061996,3,332,-1.371,1.078,9.449,1
1576789655,35.21825035,-97.35950927,89.7,24.0824,3,334,-1.222,0.865,9.452,1
1576789656,35.21825377,-97.3592483,89.8,24.052402,3,333,-1.243,0.968,9.646,1
1576789657,35.21825348,-97.35898497,89.9,24.071869,3,333,-1.203,0.835,9.892,1
1576789658,35.21825828,-97.35872143,89.7,24.0601,3,334,-1.682,0.904,9.671,0
1576789659,35.21825886,-97.35845681,89.6,24.350168,3,333,-2.333,0.974,9.609,0
1576789660,35.21826198,-97.35817739,89.6,25.27005,3,332,-2.569,0.84,9.66,0
1576789661,35.21826497,-97.35788852,89.6,26.211832,3,333,-2.608,0.843,9.74,0
1576789662,35.2182672,-97.35759139,89.6,27.004267,3,332,-2.726,0.794,9.777,0
1576789663,35.21826699,-97.35728281,89.8,27.846464,3,333,-2.692,0.877,9.239,0
1576789664,35.21826772,-97.35697372,89.5,28.206816,3,334,0.437,1.249,9.667,0
1576789665,35.21826999,-97.35669522,89.8,25.703598,3,334,0.263,1.323,9.562,0
1576789666,35.21827602,-97.35644005,89.2,23.67409,3,335,-1.502,1.105,9.5,0
1576789667,35.21828022,-97.35617824,89.4,23.623558,3,335,-1.797,1.016,9.681,0
1576789668,35.21828163,-97.35591777,89.7,23.6129,3,336,-1.84,1.24,9.424,0
1576789669,35.21828118,-97.35565827,90.1,23.72093,3,336,-1.837,0.82,9.602,0
1576789670,35.2182852,-97.35539579,90,23.851528,3,337,-1.597,0.833,9.234,1
1576789671,35.21828633,-97.35512865,89.7,23.930677,3,337,-1.374,0.75,9.583,1
1576789672,35.21828696,-97.35486977,89.7,23.720255,3,337,-1.31,0.908,9.771,1
1576789673,35.21828928,-97.35461387,89.5,23.320105,3,338,-1.118,1.137,9.419,1
1576789674,35.21829376,-97.35435944,89.6,22.950003,3,337,-1.105,1.28,9.582,1
1576789675,35.21829453,-97.35411544,89.8,22.580109,3,337,-1.206,1.067,9.546,1
1576789676,35.21829324,-97.35387391,89.8,22.320574,3,337,-1.487,0.966,9.637,1
1576789677,35.21829682,-97.35363084,89.6,22.351183,3,337,-1.256,0.968,9.747,1
1576789678,35.21829906,-97.35338838,89.5,22.271404,3,337,-1.157,0.982,9.61,1
1576789679,35.21829995,-97.35314669,89.5,22.06262,3,338,-0.84,1.187,9.293,0
1576789680,35.21830132,-97.35290424,89.6,21.800184,3,337,-1.47,0.954,9.878,0
1576789681,35.21830352,-97.35266769,89.7,21.620037,3,337,-2.559,1.237,9.467,0
1576789682,35.21829852,-97.3524209,89.9,22.30002,3,337,-3.046,0.866,9.485,0
1576789683,35.21830405,-97.35216231,89.7,23.740019,3,337,-3.151,0.488,9.651,0
1576789684,35.21829526,-97.35187749,90.3,25.300198,3,338,-1.381,0.781,9.757,0
1576789685,35.2182967,-97.35158883,89.8,25.962496,3,338,0.924,1.411,9.782,0
1576789686,35.21829813,-97.35133192,89.7,23.423246,3,339,-1.438,0.74,9.601,0
1576789687,35.2183036,-97.35109243,89.7,22.015018,3,340,-2.775,0.742,9.504,0
1576789688,35.218303,-97.35084023,89.8,23.034594,3,340,-2.906,0.846,9.432,0
1576789689,35.21830551,-97.35057359,89.4,24.144194,3,341,-2.942,1.003,9.646,0
1576789690,35.2183095,-97.35030002,89.5,25.284185,3,341,-2.605,1.009,9.636,0
1576789691,35.21830897,-97.35000885,89.6,26.414545,3,342,-1.451,0.967,9.893,0
1576789692,35.21831129,-97.34971928,89.8,26.245152,3,342,-1.049,1.251,9.365,0
1576789693,35.2183116,-97.34943666,90,25.514517,3,343,-0.962,1.008,9.681,0
1576789694,35.2183132,-97.34916189,89.8,24.845032,3,344,-1.098,1.178,9.372,0
1576789695,35.21831418,-97.34889657,89.7,24.184965,3,345,-1.347,1.143,9.488,0
1576789696,35.21831468,-97.34863925,89.9,23.72408,3,345,-1.419,1.18,9.366,0
1576789697,35.21831723,-97.3483811,89.9,23.403769,3,346,-1.444,0.864,9.136,0
1576789698,35.21831544,-97.34812439,89.9,23.082504,3,346,-1.587,0.618,9.679,0
1576789699,35.21831777,-97.34787222,89.9,22.84197,3,347,-1.6,0.794,9.666,0
1576789700,35.2183219,-97.34762847,90.1,22.670431,3,347,-1.479,0.626,9.598,0
1576789701,35.21832008,-97.34738166,90.2,22.55064,3,347,-1.554,0.663,9.336,0
1576789703,35.21831857,-97.3468917,89.7,22.420036,3,347,-1.659,0.845,9.395,0
1576789704,35.21832021,-97.34664598,89.7,22.48001,3,346,-1.568,1.048,9.4,0
1576789705,35.21832072,-97.3463974,89.9,22.59002,3,347,-1.537,0.944,9.512,0
1576789706,35.21832187,-97.34614641,90,22.680107,3,346,-1.56,0.824,9.437,1
1576789707,35.21832145,-97.34589521,90.1,22.860561,3,346,-1.459,0.898,9.299,1
1576789708,35.21832136,-97.34563871,90.2,23.040958,3,345,-1.156,0.839,9.379,1
1576789709,35.21832002,-97.34538519,90.2,22.961254,3,344,-1.117,0.79,9.756,0
1576789710,35.21831687,-97.34513474,90.3,22.722254,3,344,-1.004,0.972,9.686,0
1576789711,35.21831047,-97.34488713,90.4,22.582266,3,344,-1.467,0.501,10.135,0
1576789712,35.21830637,-97.34463338,90.1,23.041582,3,343,-2.628,0.458,9.395,0
1576789713,35.21831067,-97.3443602,89.9,24.631168,3,343,-2.97,0.709,9.568,0
1576789714,35.21831466,-97.34407081,89.7,26.15069,3,342,-3.069,0.769,9.476,0
1576789715,35.21831788,-97.34376356,89.7,27.510065,3,342,-0.567,1.373,9.744,0
1576789716,35.21832204,-97.34347617,90.3,26.220154,3,342,0.745,1.431,10.117,0
1576789717,35.21831685,-97.34321105,90.5,24.220001,3,342,-0.758,1.124,9.581,0
1576789718,35.21831777,-97.34295391,90.4,23.760052,3,342,-1.282,1.199,9.952,0
1576789719,35.21831611,-97.3426988,90.4,23.450104,3,342,-1.418,0.946,10.233,0
1576789720,35.21831217,-97.34244759,90.4,23.180311,3,342,-1.398,1.238,9.631,0
1576789721,35.21831067,-97.34219981,90.2,22.94022,3,342,-1.312,1.537,9.23,0
1576789722,35.2183099,-97.34194961,90.7,22.741375,3,342,-1.152,1.455,9.565,0
1576789723,35.21830499,-97.341704,90.9,22.250505,3,342,-1.292,1.075,9.555,0
1576789724,35.21830681,-97.34146785,90.8,21.880825,3,343,-1.657,0.95,9.896,0
1576789725,35.21831019,-97.3412342,90.6,21.710388,3,342,-1.465,1.069,9.613,0
1576789726,35.21831281,-97.34099645,90.7,21.630148,3,342,-1.354,0.979,9.194,0
1576789727,35.21831369,-97.34076488,90.4,21.510021,3,342,-1.445,0.922,9.484,0
1576789728,35.21831152,-97.34052819,90.5,21.420189,3,342,-1.38,0.953,9.51,0
1576789729,35.21830571,-97.34029296,90.5,21.320084,3,343,-1.64,0.966,9.613,0
1576789730,35.21830013,-97.34005695,90.6,21.25,3,343,-1.551,0.927,9.509,0
1576789731,35.21829733,-97.33982301,90.6,21.270002,3,343,-1.613,0.973,9.228,0
1576789732,35.21829795,-97.33959138,90.6,21.400038,3,342,-1.83,0.675,9.733,0
1576789733,35.21829638,-97.33935003,90.5,21.63023,3,342,-1.648,0.541,9.844,0
1576789734,35.21829221,-97.33910622,90.2,21.820185,3,342,-1.402,0.898,9.652,0
1576789735,35.21829285,-97.33886654,90.4,21.750147,3,343,-1.593,0.827,10.02,0
1576789736,35.21829149,-97.33863066,90.6,21.690083,3,342,-2.196,0.695,9.725,0
1576789737,35.21829045,-97.33839087,90.5,22.05011,3,342,-2.549,1.117,9.34,0
1576789738,35.21829022,-97.33813758,90.7,23.15031,3,342,-2.713,0.953,9.145,0
1576789739,35.21828806,-97.3378679,90.6,24.380524,3,341,-2.711,1.338,9.249,0
1576789740,35.21828449,-97.33758769,90.5,25.651754,3,341,-1.533,0.992,9.31,0
1576789741,35.21827869,-97.33729416,90.4,26.671366,3,340,0.669,1.508,9.849,0
1576789742,35.21828357,-97.33702012,90.1,25.002312,3,340,1.224,1.23,9.955,0
1576789743,35.21828294,-97.33676963,89.6,22.693888,3,339,-0.688,0.966,9.659,0
1576789744,35.21828729,-97.33653195,88.7,21.66388,3,338,-1.002,0.622,9.559,0
1576789745,35.21829897,-97.33629942,87.5,21.606258,3,337,-1.048,0.959,9.457,0
1576789746,35.21831178,-97.33606574,86.5,21.626995,3,335,-1.496,0.833,10.159,0
1576789747,35.2183269,-97.33582865,85.6,21.729134,3,335,-1.115,1.177,9.584,0
1576789748,35.21834429,-97.33559015,85.1,21.799107,3,333,-1.065,1.295,9.659,0
1576789749,35.21836309,-97.33534794,84.4,21.81881,3,333,-1.145,0.986,9.736,0
1576789750,35.21838354,-97.33511289,83.6,21.797455,3,332,-1.152,1.309,9.96,0
1576789752,35.21843527,-97.33464436,82.8,21.752657,3,331,-1.336,1.354,9.612,0
1576789753,35.21846354,-97.33440026,82,22.561172,3,330,-2.624,0.864,9.381,0
1576789754,35.21849469,-97.33413826,80.8,24.060032,3,331,-2.866,0.71,9.61,0
1576789755,35.21853473,-97.33385977,79.7,25.33079,3,331,-2.899,1.079,9.844,0
1576789756,35.21857839,-97.33357185,79.2,26.471815,3,331,-1.085,1.029,9.96,0
1576789757,35.21862328,-97.33330459,78.4,24.75391,3,332,0.998,1.233,9.795,0
1576789758,35.21866744,-97.33306488,77.6,22.345821,3,332,-1.385,1.343,9.833,0
1576789759,35.21871168,-97.33282907,77.3,22.087357,3,333,-1.741,1.382,9.467,0
1576789760,35.21875885,-97.33259526,76.5,21.98765,3,334,-1.884,1.035,9.489,0
1576789761,35.2188113,-97.33236381,75.4,21.908216,3,335,-2.023,1.083,9.532,0
1576789762,35.21886267,-97.33213285,74.8,21.816439,3,336,-1.829,1.386,9.461,0
1576789763,35.21891781,-97.33190198,74.2,21.755297,3,336,-1.772,1.146,9.259,0
1576789764,35.21897422,-97.33167105,73.3,21.714458,3,337,-1.683,1.303,9.468,0
1576789765,35.2190362,-97.3314464,72.7,21.613703,3,337,-1.528,1.31,9.678,0
1576789766,35.21910093,-97.33122221,72.1,21.452696,3,338,-1.767,1.105,9.117,0
1576789767,35.21916293,-97.33099718,71.4,21.61112,3,338,-2.058,0.929,9.351,0
1576789768,35.21922832,-97.33076969,70.8,21.87045,3,338,-2.082,0.917,9.337,0
1576789769,35.21929647,-97.3305373,70.3,22.49032,3,338,-2.742,0.731,9.092,0
1576789770,35.2193684,-97.3302882,69.9,23.78017,3,338,-2.951,0.701,9.172,0
1576789771,35.21944786,-97.33002689,69,25.140072,3,337,-2.938,0.699,9.524,0
1576789772,35.21953718,-97.3297552,68.4,26.550226,3,337,-0.346,0.687,9.322,0
1576789773,35.21962439,-97.32948636,67.9,26.00093,3,338,0.896,1.193,9.839,0
1576789774,35.2196995,-97.32925155,67.8,23.301134,3,337,-0.339,1.042,9.831,0
1576789775,35.21977481,-97.32902511,67.9,22.241762,3,336,-2.507,0.819,9.412,0
1576789776,35.21985384,-97.32878443,67.8,23.403086,3,335,-2.987,0.74,9.422,0
1576789777,35.21994214,-97.32852577,67.6,25.054989,3,334,-2.651,0.675,9.428,0
1576789778,35.22003005,-97.32825376,67.8,26.365738,3,333,-1.201,0.85,9.637,0
1576789779,35.22011587,-97.32798756,67.9,26.396818,3,332,-1.143,0.913,9.465,0
1576789780,35.22020302,-97.32772235,67.7,26.284948,3,331,-1.159,0.871,9.826,0
1576789781,35.22029156,-97.32745682,67.8,26.181719,3,330,-0.967,0.725,9.968,0
1576789782,35.22037952,-97.32719464,68.2,25.870436,3,330,-1.026,0.533,9.754,0
1576789783,35.22046548,-97.32693522,68.1,25.450443,3,330,-1.122,0.679,9.583,0
1576789784,35.22054519,-97.32668232,68.3,24.99072,3,330,-1.092,0.709,9.42,0
1576789785,35.2206273,-97.32643142,67.5,24.53066,3,330,-1.054,0.93,9.387,0
1576789786,35.22070705,-97.32618758,67.4,24.020676,3,330,-1.247,0.886,9.403,0
1576789787,35.22078457,-97.32595014,67.6,23.52048,3,330,-1.261,1.099,9.444,0
1576789788,35.22086045,-97.32571317,68,23.080053,3,329,-1.108,0.943,9.597,0
1576789789,35.22093602,-97.32548163,68,22.71,3,329,-1.285,0.807,9.403,1
1576789790,35.22101381,-97.3252577,67.9,22.360271,3,329,-1.589,0.872,9.675,1
1576789791,35.22109133,-97.32503013,67.7,22.370808,3,329,-1.464,0.812,9.579,1
1576789792,35.22116987,-97.32480411,67.7,22.50128,3,328,-1.599,0.824,9.756,0
1576789793,35.22124828,-97.32457347,67.8,22.641857,3,328,-1.512,0.862,9.505,0
1576789794,35.22132568,-97.32433951,68.2,22.801973,3,327,-1.517,0.88,9.525,0
1576789795,35.22140698,-97.32410844,68,22.912098,3,326,-1.873,0.958,9.428,0
1576789796,35.22148484,-97.32386991,68,23.182953,3,325,-2.579,1.071,9.583,0
1576789797,35.22156915,-97.32362162,68.1,24.261734,3,325,-2.647,0.937,9.294,0
1576789798,35.22165649,-97.32335683,67.9,25.620863,3,324,-2.813,1.026,9.504,0
1576789799,35.22174684,-97.32308245,67.8,26.880224,3,324,0.484,1.09,9.955,0
1576789800,35.22183728,-97.32280687,67.9,26.790031,3,324,1.015,1.096,10.005,0
1576789801,35.2219156,-97.322563,67.9,23.981104,3,324,-0.827,1.297,9.406,0
1576789802,35.22198805,-97.32234262,67.9,22.161768,3,324,-1.41,1.21,9.513,0
1576789803,35.2220616,-97.32211831,68,21.950739,3,324,-1.544,1.215,9.188,0
1576789805,35.22220796,-97.32167323,68.1,21.950275,3,325,-1.689,0.901,9.49,0
1576789806,35.22228199,-97.32144711,68,22.05011,3,325,-1.724,0.891,9.618,0
1576789807,35.22235531,-97.32122459,68,22.180037,3,325,-1.764,0.92,9.549,0
1576789808,35.22243146,-97.32099706,68,22.400143,3,325,-1.618,1.007,9.472,0
1576789809,35.22250879,-97.32076957,67.9,22.440321,3,324,-1.217,1.058,9.565,0
1576789810,35.2225841,-97.32054025,67.9,22.240576,3,324,-1.174,1.096,9.438,0
1576789811,35.22265954,-97.32031207,67.8,22.031654,3,323,-1.184,1.044,9.43,0
1576789812,35.2227334,-97.3200942,67.8,21.892056,3,322,-1.161,1.07,9.543,0
1576789813,35.22280701,-97.31987522,67.7,21.843134,3,322,-1.405,1.044,9.6,0
1576789814,35.22288715,-97.31965658,67.6,22.013456,3,321,-1.402,1.044,9.599,0
1576789815,35.22296593,-97.3194316,67.7,22.182606,3,320,-1.433,1.185,9.83,0
1576789816,35.22304165,-97.31920386,68,22.371511,3,320,-2.257,1.05,9.567,0
1576789817,35.22312132,-97.31896731,68,23.050783,3,320,-2.673,1.034,9.496,0
1576789818,35.22320722,-97.31871796,68.1,24.290596,3,319,-2.74,0.952,9.538,0
1576789819,35.22329133,-97.31845731,68.2,25.510197,3,324,-2.845,1.063,9.462,0
1576789820,35.22337795,-97.3181877,68.1,26.580423,3,322,-0.153,1.296,9.782,0
1576789821,35.223465,-97.31793076,68.2,25.18003,3,321,1.313,1.203,9.703,0
1576789822,35.22354223,-97.31770598,67.8,22.33011,3,320,-1.717,1.089,9.63,0
1576789823,35.2236164,-97.31747823,67.6,22.430805,3,319,-2.755,1.05,9.158,0
1576789824,35.22369739,-97.31722956,68,24.082127,3,318,-2.856,1.083,9.438,0
1576789825,35.2237874,-97.31696854,67.8,25.653118,3,318,-1.867,0.983,9.487,0
1576789826,35.22387867,-97.31669945,67.7,26.365328,3,317,-1.28,1.238,9.522,0
1576789827,35.22396862,-97.3164332,68,26.328274,3,316,-1.178,0.982,9.43,0
1576789828,35.22405973,-97.31616719,68,26.305542,3,314,-1.038,1.091,9.922,0
1576789829,35.22414859,-97.31589813,68.1,26.271713,3,314,-0.998,1.092,10.005,0
1576789830,35.2242372,-97.31563243,67.9,26.150276,3,314,-1.11,1.197,10.106,0
1576789831,35.22431982,-97.31536469,68.3,25.900007,3,314,-0.93,1.216,9.3,0
1576789832,35.22441026,-97.31512162,67.9,25.280003,3,313,-1.202,1.063,9.727,0
1576789833,35.22449337,-97.31486591,68,24.920162,3,313,-1.131,1.341,9.358,0
1576789834,35.22457592,-97.31461687,67.9,24.510033,3,314,-1.147,1.333,9.388,0
1576789835,35.22465199,-97.31436326,68.1,24.110033,3,314,-1.195,1.434,9.44,0
1576789836,35.22473028,-97.31411988,68.2,23.74,3,314,-1.129,1.103,9.054,0
1576789837,35.22480633,-97.31387904,68.3,23.37,3,313,-2.301,1.161,9.537,0
1576789838,35.22488333,-97.31363673,68.1,23.46002,3,313,-2.949,1.116,9.522,0
1576789839,35.22496442,-97.3133883,68,24.670008,3,320,-2.907,0.988,9.42,0
1576789840,35.22505189,-97.31312228,68,26.100122,3,318,-2.811,0.814,9.477,0
1576789841,35.22514525,-97.31284321,67.9,27.330017,3,316,-1.336,1.056,9.222,0
1576789842,35.22524404,-97.31255534,67.7,28.390396,3,315,1.955,1.368,9.975,0
1576789843,35.22533157,-97.31229575,67.9,25.950233,3,314,0.143,1.297,9.608,0
1576789844,35.2254079,-97.31207108,67.8,22.690432,3,314,-2.445,1.01,8.843,0
1576789845,35.22548056,-97.31183597,67.8,22.750635,3,314,-3.162,1.071,9.307,0
1576789846,35.22556139,-97.3115868,67.9,24.370052,3,314,-2.855,1.208,9.393,0
1576789847,35.22564678,-97.31131814,68.4,25.93003,3,313,-1.305,1.019,9.307,0
1576789848,35.22573848,-97.31105288,68.5,26.35032,3,313,-1.085,0.985,9.27,0
1576789849,35.22582581,-97.31078695,68.3,26.080927,3,312,-1.044,0.889,9.543,0
1576789850,35.22591048,-97.31052647,68,25.841518,3,312,-1.243,0.76,9.525,0
1576789851,35.22599554,-97.31026508,68,25.652668,3,311,-1.095,0.944,9.424,0
1576789853,35.22616949,-97.30975118,68.1,25.284945,3,310,-0.646,1.068,9.726,0
1576789854,35.22625211,-97.30950223,68,24.525946,3,309,-0.232,1.03,9.674,0
1576789855,35.22633474,-97.3092587,68.1,23.627367,3,308,-0.075,1.031,9.487,0
1576789856,35.226413,-97.30903005,68,22.92979,3,307,-0.902,0.627,9.619,0
1576789857,35.22649171,-97.30879144,68,22.931305,3,306,-1.155,0.762,9.137,0
1576789858,35.22657019,-97.30855582,67.8,23.075659,3,304,-1.02,0.885,9.385,0
1576789859,35.22664898,-97.30832008,67.7,23.254112,3,303,-0.684,0.612,8.96,0
1576789860,35.22673081,-97.30808196,67.7,23.464685,3,302,-1.262,1.094,9.42,0
1576789861,35.22681052,-97.30784702,67.8,23.5813,3,301,-0.99,1.087,9.585,0
1576789862,35.22689219,-97.30760942,67.9,23.436932,3,299,-0.358,1.177,9.386,1
1576789863,35.22696625,-97.30737393,68.1,22.725283,3,312,-0.852,1.108,9.879,0
1576789864,35.22704219,-97.30714493,68.1,22.523552,3,306,-0.918,0.742,9.825,0
1576789865,35.22711847,-97.30691935,67.8,22.37188,3,303,-1.078,0.843,9.664,0
1576789866,35.22719255,-97.30669218,67.7,22.17073,3,301,-1.197,1.024,9.533,0
1576789867,35.2272682,-97.30646516,67.9,22.10051,3,300,-1.468,1.567,9.158,0
1576789868,35.22734296,-97.30623684,67.9,22.200274,3,299,-1.326,1.222,9.612,0
1576789869,35.22741976,-97.30601103,67.9,22.270649,3,298,-1.203,1.025,9.887,0
1576789870,35.22749395,-97.30578293,67.9,22.150995,3,297,-1.267,1.075,9.947,0
1576789871,35.22756995,-97.30555464,68,22.122173,3,297,-1.093,1.263,9.134,0
1576789872,35.22764573,-97.30532941,68.1,22.232023,3,297,-2.061,1.273,9.504,0
1576789873,35.22772479,-97.30509098,68.1,23.16221,3,296,-2.432,1.082,9.266,0
1576789874,35.22780899,-97.30483776,68.1,24.541487,3,295,-2.706,0.891,9.4,0
1576789875,35.22789474,-97.3045752,68.1,25.980555,3,295,-1.071,0.754,9.845,0
1576789876,35.22798607,-97.30430366,68.1,26.360092,3,295,0.937,0.874,9.794,0
1576789877,35.22806915,-97.30406287,68.1,23.620003,3,296,-0.024,0.956,9.722,0
1576789878,35.22814011,-97.30384125,67.8,21.780003,3,295,-0.97,1.003,9.659,0
1576789879,35.22821503,-97.30362675,67.7,21.52001,3,296,-1.473,1.097,9.877,0
1576789880,35.22828741,-97.30340738,68,21.420002,3,296,-1.461,1.026,9.418,0
1576789881,35.22836006,-97.30318797,68.1,21.46,3,296,-1.741,1.032,10.081,0
1576789882,35.22843394,-97.30296644,67.9,21.630035,3,296,-1.532,1.217,9.131,0
1576789883,35.22850438,-97.30274506,67.9,21.71,3,296,-1.353,1.135,9.259,0
1576789884,35.22857845,-97.30252294,68,21.740002,3,296,-1.534,1.052,9.281,0
1576789885,35.22865088,-97.30230491,67.9,21.73,3,296,-1.698,0.741,9.609,0
1576789886,35.22872444,-97.30208208,68,21.72,3,296,-1.824,1.091,9.488,0
1576789887,35.22879611,-97.301862,68.1,21.82,3,296,-2.554,1.103,9.488,0
1576789888,35.22887117,-97.30162516,68.1,22.800009,3,296,-2.874,0.883,9.303,0
1576789889,35.2289499,-97.30137797,68.2,24.070007,3,296,-2.531,0.618,9.157,0
1576789890,35.22903694,-97.30111742,68.1,25.38003,3,296,-2.58,0.877,9.558,0
1576789891,35.22912694,-97.30084894,67.9,26.52,3,296,0.863,1.153,9.645,0
1576789892,35.22921138,-97.30059744,68.1,25.02001,3,296,0.183,1.144,9.665,0
1576789893,35.22928461,-97.30037132,68.5,22.51001,3,296,-1.049,0.825,9.684,0
1576789894,35.22935598,-97.30015143,68.3,21.900002,3,296,-1.394,0.881,9.589,0
1576789895,35.22943144,-97.29992864,67.7,21.80002,3,296,-1.688,0.924,9.697,0
1576789896,35.22950452,-97.29970441,67.7,21.890081,3,296,-1.756,1.157,9.534,0
1576789897,35.22957706,-97.29948507,67.7,22.030184,3,297,-1.882,1.055,9.846,0
1576789898,35.22965275,-97.29926453,67.9,22.190994,3,297,-1.993,0.922,9.813,0
1576789899,35.22972915,-97.29903672,67.9,22.321184,3,297,-2.032,0.923,10.115,0
1576789900,35.2298062,-97.29880467,67.9,22.472572,3,297,-1.708,1.016,9.744,0
1576789901,35.22988352,-97.29857365,68,22.56337,3,298,-2.647,0.992,9.532,0
1576789902,35.22995667,-97.29833833,68,22.833864,3,299,-3.284,0.889,9.602,0
1576789903,35.23004088,-97.29809339,68,24.066515,3,299,-2.971,1.065,9.709,0
1576789905,35.2302187,-97.29756756,67.8,26.268803,3,301,-2.949,1.241,9.48,0
1576789906,35.23030498,-97.29730355,67.9,26.058615,3,303,-0.231,1.4,9.798,0
1576789907,35.23038248,-97.29706788,68.2,23.58738,3,304,0.569,1.403,9.746,0
1576789908,35.23045256,-97.29684819,68.2,21.654676,3,304,-1.225,0.983,9.525,0
1576789909,35.23052737,-97.29662461,68,22.022781,3,305,-2.714,0.929,9.428,0
1576789910,35.23060634,-97.29638905,67.8,23.202208,3,305,-2.994,0.864,9.333,0
1576789911,35.23068942,-97.29613772,67.9,24.491716,3,305,-2.139,0.925,9.281,0
1576789912,35.23077296,-97.29588584,68.1,24.641169,3,306,-1.271,1.109,9.31,0
1576789913,35.23085537,-97.29564001,68.3,24.140465,3,306,-1.339,0.967,9.468,0
1576789914,35.23093076,-97.29539547,68.3,23.680172,3,306,-0.996,0.988,9.477,0
1576789915,35.23100973,-97.29515564,68,23.26001,3,305,-1.187,1.098,9.708,0
1576789916,35.23108751,-97.29492265,67.8,22.930002,3,305,-1.158,0.93,9.785,0
1576789917,35.23116422,-97.29469336,67.9,22.580008,3,305,-1.02,1.126,9.254,0
1576789918,35.23123733,-97.29446752,68.3,22.26011,3,305,-1.036,1.177,9.886,0
1576789919,35.2313084,-97.29424834,68.3,21.990057,3,305,-1.386,1.152,9.476,0
1576789920,35.23138337,-97.29402342,68.3,21.970081,3,305,-2.413,0.953,9.283,0
1576789921,35.23146052,-97.29378726,68.4,22.960033,3,305,-2.82,0.861,8.945,0
1576789922,35.2315418,-97.29353175,68.7,24.440002,3,305,-2.821,0.922,9.262,0
1576789923,35.23162766,-97.29326584,69,25.83003,3,305,-2.558,1.015,9.746,0
1576789924,35.2317131,-97.29299017,69.4,26.58,3,305,0.059,1.857,9.623,0
1576789925,35.23178564,-97.29273181,70.9,24.73,3,305,0.44,1.486,10.007,0
1576789926,35.23184996,-97.29249955,72,22.690002,3,305,-1.697,1.025,9.558,0
1576789927,35.23191339,-97.29226064,72.5,22.790081,3,304,-2.609,1.056,9.225,0
1576789928,35.23197619,-97.29200629,73,24.180298,3,304,-3.019,1.047,9.198,0
1576789929,35.23204233,-97.29173895,73.6,25.620863,3,304,-2.535,1.649,9.194,0
1576789930,35.23210242,-97.29145314,74.9,26.79136,3,303,-1.385,1.233,9.873,0
1576789931,35.2321596,-97.29116886,75.9,26.712425,3,309,-1.038,1.022,9.511,0
1576789932,35.23221999,-97.29088576,76.3,26.514166,3,306,-1.059,1.026,9.804,0
1576789933,35.23227691,-97.29060609,76.8,26.395123,3,305,-0.888,1.729,9.611,0
1576789934,35.23232272,-97.29032396,78.4,26.256187,3,303,-1.083,1.408,9.749,0
1576789935,35.23236319,-97.29004226,79.7,26.218307,3,302,-1.005,0.991,9.421,0
1576789936,35.23240276,-97.28975417,80.4,26.308788,3,300,-0.932,1.016,9.314,0
1576789937,35.23244367,-97.28947118,80.6,26.258549,3,299,-1.127,1.204,9.651,0
1576789938,35.23247738,-97.28918504,81.4,26.177107,3,298,-0.571,1.238,9.9,0
1576789939,35.23250694,-97.28890225,82.5,25.834839,3,297,-0.591,1.149,9.971,0
1576789940,35.23253024,-97.28862781,83.5,25.070646,3,297,-0.927,1.232,9.721,0
1576789941,35.23255111,-97.28836532,84.4,24.35002,3,297,-1.489,1.219,9.855,0
1576789942,35.23256689,-97.28810096,85.4,24.09,3,297,-1.526,0.966,9.865,0
1576789943,35.23257644,-97.28783545,86.4,24.050032,3,296,-1.505,0.683,9.574,0
1576789944,35.23258549,-97.28757192,86.8,23.830135,3,297,-1.628,0.706,9.635,0
1576789945,35.23259619,-97.28731456,87.2,23.730537,3,297,-1.843,0.948,9.634,0
1576789946,35.23260543,-97.28705358,87.8,23.771019,3,298,-1.887,1.331,9.662,0
1576789947,35.23262259,-97.28680164,88.2,23.622229,3,300,-1.919,1.197,9.427,0
1576789948,35.23261936,-97.28653821,89.6,23.574265,3,302,-2.001,1.088,9.42,0
1576789949,35.23261649,-97.28627931,90.1,23.49073,3,303,-1.943,1.159,9.538,0
1576789950,35.23261679,-97.28602378,90.2,23.449863,3,304,-1.95,0.791,9.601,0
1576789951,35.23261029,-97.28576663,90.3,23.401701,3,305,-2.033,0.912,9.528,0
1576789952,35.23261089,-97.28550892,90.3,23.368767,3,306,-2.668,0.87,9.51,0
1576789954,35.23260367,-97.28498173,90.4,24.245577,3,307,-3.043,0.779,9.304,0
1576789955,35.23260516,-97.28470375,90.2,25.404726,3,308,-2.945,0.536,9.447,0
1576789956,35.23260218,-97.28440956,90.1,26.573982,3,308,-3.147,0.785,9.232,0
1576789957,35.23260218,-97.28440956,90.1,26.573982,3,308,-3.045,0.531,9.64,0
1576789958,35.23260302,-97.28380045,90.5,27.622478,3,310,0.951,0.995,9.749,0
1576789959,35.2326088,-97.283533,90.3,24.620897,3,310,0.123,0.778,9.45,0
1576789960,35.23260803,-97.28327406,90.1,23.580479,3,310,-1.102,0.856,9.38,0
1576789961,35.23260856,-97.28301834,90.1,23.300053,3,310,-1.267,1.037,9.701,0
1576789962,35.23260826,-97.28276341,90.2,23.05002,3,310,-1.269,0.862,9.708,0
1576789963,35.23261261,-97.28251346,89.9,22.84037,3,310,-1.211,0.958,9.526,0
1576789964,35.23261673,-97.28226616,89.9,22.620798,3,310,-1.295,0.848,9.56,0
1576789965,35.23261576,-97.28202254,90.3,22.321756,3,310,-1.058,0.75,9.62,0
1576789966,35.23261186,-97.28178046,90.4,22.102463,3,309,-1.167,0.643,9.173,0
1576789967,35.23261005,-97.28153998,90,22.013636,3,308,-0.982,0.993,8.916,0
1576789968,35.23260832,-97.28129662,89.8,22.083994,3,307,-1.243,1.199,9.163,0
1576789969,35.23260509,-97.28105343,90.6,22.241405,3,306,-1.583,0.879,9.397,1
1576789970,35.23260318,-97.28080644,90.4,22.593904,3,306,-1.316,0.844,9.538,0
1576789971,35.23260026,-97.2805562,90.4,22.750969,3,305,-1.392,0.75,9.692,0
1576789972,35.23259842,-97.28030837,90.5,22.58008,3,305,-1.516,0.617,9.748,0
1576789973,35.23259678,-97.28005916,90.6,22.520056,3,305,-1.392,0.62,9.784,0
1576789974,35.23259478,-97.27981393,89.9,22.280037,3,306,-1.691,0.531,9.638,0
1576789975,35.23259608,-97.27956927,89.8,22.202454,3,306,-1.637,0.622,9.521,0
1576789976,35.23259841,-97.27932939,89.9,22.093805,3,307,-2.122,0.63,9.49,0
1576789977,35.23260018,-97.27908384,89.9,22.317537,3,308,-2.862,0.771,9.06,0
1576789978,35.23260035,-97.2788315,90,23.368767,3,309,-3.203,0.949,9.335,0
1576789979,35.23260019,-97.27856227,90.1,24.51573,3,311,-3.162,0.675,9.028,0
1576789980,35.23260079,-97.27827772,90.1,25.746092,3,311,-1.749,1.096,8.841,0
1576789981,35.23260001,-97.27799441,90,25.93482,3,312,0.813,1.274,9.496,0
1576789982,35.23259932,-97.27773623,90.4,23.573063,3,313,-0.763,1.019,9.189,0
1576789983,35.23259766,-97.27748994,90.2,22.460981,3,313,-1.224,0.704,9.446,0
1576789984,35.23259931,-97.27724555,89.8,22.200577,3,314,-1.418,1.005,9.557,1
1576789985,35.23260104,-97.27700758,89.7,21.990446,3,314,-1.432,1.195,9.549,1
1576789986,35.23260087,-97.27676473,90.3,21.82001,3,314,-1.595,0.909,9.321,1
1576789987,35.23260342,-97.27652201,90.1,21.830112,3,314,-1.5,1.054,9.249,1
1576789988,35.23260511,-97.27627932,89.8,21.980658,3,313,-1.411,0.988,9.451,1
1576789989,35.23260742,-97.27603775,89.9,22.101303,3,313,-1.741,0.906,9.259,1
1576789990,35.23261111,-97.27579033,90.1,22.412144,3,313,-2.677,0.575,9.213,1
1576789991,35.23260998,-97.27553404,90.3,23.513575,3,312,-2.85,0.813,9.092,1
1576789992,35.23260942,-97.27525329,90.3,25.204199,3,312,-1.954,1.059,9.381,1
1576789993,35.23260792,-97.27495518,90.3,26.689445,3,310,1.151,0.972,9.784,1
1576789994,35.2326073,-97.27468444,90.4,24.910408,3,309,0.16,1.009,9.872,1
1576789995,35.23260537,-97.27443969,90.5,22.573368,3,308,-2.419,0.887,9.192,0
1576789996,35.23260133,-97.27418716,90.3,23.153992,3,308,-3.067,0.805,9.124,0
1576789997,35.23260144,-97.27391,89.9,25.102121,3,306,-1.66,1.114,9.716,0
1576789998,35.23260319,-97.27361463,89.1,26.520327,3,304,-1.136,0.782,9.709,0
1576789999,35.23260013,-97.27332217,90.1,26.604889,3,304,-1.238,0.961,10.035,0
1576790000,35.23260008,-97.27303013,90,26.464912,3,302,-1.171,0.773,9.849,0
1576790001,35.23259547,-97.27274379,90.4,26.232899,3,302,-1.222,0.951,9.984,0
1576790002,35.23259494,-97.27246177,90.5,25.910435,3,301,-1.089,0.874,9.871,0
1576790003,35.23259391,-97.27217813,90.6,25.441652,3,302,-1.114,0.926,10.086,0
1576790005,35.23259026,-97.27164093,90.4,24.130743,3,305,-1.034,0.95,9.804,0
1576790006,35.23258638,-97.27138761,90.6,23.359612,3,305,-1.098,0.638,9.851,0
1576790007,35.23258253,-97.27113874,90.7,22.677164,3,306,-1.132,1.033,9.508,0
1576790008,35.23258175,-97.27089235,90.8,22.197844,3,307,-1.851,0.676,9.332,0
1576790009,35.23258064,-97.27064979,90.4,22.067362,3,308,-1.873,0.755,9.576,0
1576790010,35.232581,-97.27040931,89.9,22.216085,3,309,-1.801,0.793,9.514,0
1576790011,35.2325836,-97.27016459,89.8,22.356766,3,309,-2.001,1.023,9.279,0
1576790012,35.23258312,-97.26992135,90.2,22.284546,3,310,-1.374,1.255,9.614,0
1576790013,35.23257962,-97.26968131,90.7,21.963642,3,311,-1.596,1.107,9.949,0
1576790014,35.23257773,-97.26944036,90.7,21.951786,3,311,-1.884,1.045,9.347,0
1576790015,35.23257452,-97.2691934,90.5,22.21119,3,312,-1.863,0.638,9.553,0
1576790016,35.23257154,-97.26894517,89.9,22.52072,3,312,-2.541,0.603,9.242,0
1576790017,35.23257206,-97.26868915,89.7,23.34026,3,312,-3.156,0.717,9.49,0
1576790018,35.23257505,-97.2684165,89.2,24.760033,3,313,-3.121,0.762,9.264,0
1576790019,35.23257705,-97.26812437,89.1,26.310272,3,312,-0.82,0.92,9.573,0
1576790020,35.23258413,-97.26783938,88.9,25.5705,3,312,1.199,1.073,9.654,0
1576790021,35.23258874,-97.26759081,88.6,22.911057,3,312,-0.289,0.919,9.35,0
1576790022,35.23259719,-97.26734925,88,21.872198,3,311,-0.939,0.96,9.463,0
1576790023,35.23260564,-97.26710831,87.9,21.793673,3,310,-1.006,1.116,9.478,0
1576790024,35.23261284,-97.26687112,88,21.745522,3,309,-1.209,1.122,9.32,0
1576790025,35.23261868,-97.26663163,88.6,21.736708,3,309,-1.117,1.008,9.089,1
1576790026,35.23262178,-97.26639358,89.1,21.798538,3,308,-1.12,0.831,9.157,1
1576790027,35.2326275,-97.26615052,89,22.089565,3,306,-1.283,0.588,9.968,0
1576790028,35.23263283,-97.26590676,88.6,22.231987,3,305,-1.063,0.697,9.543,0
1576790029,35.23263698,-97.2656642,88.5,22.145872,3,304,-1.221,1.132,9.689,0
1576790030,35.23263924,-97.26542498,89.2,22.12277,3,303,-1.588,1.073,9.266,0
1576790031,35.23263944,-97.26517951,89.9,22.430893,3,303,-2.287,0.613,9.619,0
1576790032,35.23264261,-97.26492669,89.9,23.16001,3,303,-2.506,0.99,9.724,0
1576790033,35.23264186,-97.26465961,90.2,24.250744,3,303,-2.863,0.949,9.395,0
1576790034,35.23264037,-97.26437929,90.8,25.373,3,303,-2.482,0.781,9.582,0
1576790035,35.23263445,-97.26409054,91.3,26.296846,3,307,0.609,1.001,9.879,0
1576790036,35.23263081,-97.26382107,91.1,24.459179,3,306,-0.639,1.304,9.686,0
1576790037,35.23262981,-97.2635819,90.7,22.080784,3,307,-1.593,1.13,9,0
1576790038,35.23262351,-97.26334585,91.2,21.906656,3,308,-1.835,1.246,8.844,0
1576790039,35.23261652,-97.2631082,91.6,21.927153,3,309,-1.815,1.148,9.456,0
1576790040,35.23260953,-97.26286483,91.2,22.045671,3,309,-1.462,1.255,9.198,0
1576790041,35.23260679,-97.26262232,90.9,21.971659,3,310,-1.584,1.234,9.392,0
1576790042,35.23260256,-97.26238419,91,21.75083,3,310,-1.674,1.177,9.506,0
1576790043,35.23260037,-97.26214633,91.2,21.73083,3,310,-1.637,1.028,9.37,0
1576790044,35.23259286,-97.26190835,91.2,21.741676,3,311,-2.665,0.886,9.616,0
1576790045,35.23258756,-97.26166075,91.4,22.290728,3,311,-3.085,0.479,9.347,0
1576790046,35.23257858,-97.26139953,91.3,23.810253,3,311,-3.013,0.716,9.264,0
1576790047,35.23257492,-97.26112215,91.1,25.210197,3,311,-1.778,0.876,9.254,0
1576790048,35.2325719,-97.26082706,91.3,26.480272,3,311,1.642,0.864,9.555,0
1576790049,35.23256527,-97.26055933,91.3,24.330347,3,311,-0.739,0.474,10.067,0
1576790050,35.23256272,-97.26032104,90.8,21.670113,3,312,-2.635,0.482,8.919,0
1576790052,35.23256585,-97.25981448,90.7,23.760002,3,312,-3.234,0.644,9.175,0
1576790053,35.2325621,-97.25953181,90.7,25.390095,3,312,-2.64,0.581,9.426,0
1576790054,35.23256195,-97.25924225,90.6,25.850494,3,312,-1.351,1.062,9.877,0
1576790055,35.23255909,-97.25895988,90.9,25.560781,3,312,-1.099,1.169,9.293,0
1576790056,35.23255623,-97.25868367,91.1,25.33215,3,311,-0.963,1.491,9.506,0
1576790057,35.23255191,-97.25840687,91.1,25.152721,3,310,-1.228,1.009,9.549,0
1576790058,35.23254952,-97.25813321,91.1,24.974236,3,309,-1.208,1.202,9.551,0
1576790059,35.23254482,-97.25785924,91.3,24.911463,3,309,-0.921,1.287,9.881,0
1576790060,35.2325362,-97.2575954,91.8,24.450819,3,309,0.236,1.408,9.56,0
1576790061,35.2325323,-97.25733921,91.5,23.281807,3,308,-0.471,1.133,9.516,0
1576790062,35.23252901,-97.25709316,91.5,22.6924,3,307,-0.876,1.082,9.72,0
1576790063,35.23252316,-97.25684399,91.9,22.741375,3,306,-1.105,0.805,9.67,0
1576790064,35.2325188,-97.25659643,91.7,22.80137,3,306,-1.148,0.994,9.952,0
1576790065,35.23252221,-97.25634844,91,22.802841,3,305,-1.583,1.097,9.999,0
1576790066,35.23252045,-97.25609498,91,23.31772,3,303,-2.758,0.861,9.723,0
1576790067,35.23251687,-97.25581692,91,24.934816,3,302,-2.806,1.168,9.692,0
1576790068,35.23251279,-97.25552517,91.2,26.492311,3,302,-1.189,1.025,10.142,0
1576790069,35.23250797,-97.25523692,91.3,26.310047,3,301,1.635,1.132,10.122,0
1576790070,35.23249817,-97.25498171,91.2,23.320774,3,302,0.779,1.165,9.94,0
1576790071,35.23249642,-97.25475801,91,21.002289,3,303,-1.83,0.935,9.496,0
1576790072,35.23249161,-97.25452673,91.1,21.161041,3,303,-3.121,0.898,9.613,0
1576790073,35.23248753,-97.25427757,91.4,22.54373,3,304,-3.349,0.599,9.723,0
1576790074,35.2324788,-97.25401693,91.3,23.744852,3,305,-1.6,0.714,9.392,0
1576790075,35.2324753,-97.25375744,91.3,23.483406,3,306,-1.18,1.031,9.724,0
1576790076,35.23246837,-97.25350555,91.4,22.882832,3,306,-1.362,0.778,10.197,0
1576790077,35.23245914,-97.25326215,91.6,22.312017,3,306,-1.333,0.463,10.031,0
1576790078,35.23245489,-97.25302005,91.2,21.790829,3,306,-1.179,0.515,9.588,0
1576790079,35.23245152,-97.25278745,90.9,21.27094,3,306,-1.096,0.9,9.403,0
1576790080,35.23244597,-97.25255809,90.7,20.820154,3,306,-0.855,0.997,9.722,0
1576790081,35.23244402,-97.25233582,90.5,20.290041,3,307,-0.685,1.272,9.363,0
1576790082,35.23244316,-97.25212513,90.6,19.35,3,307,-0.606,1.141,9.982,0
1576790083,35.23244078,-97.25192448,90.9,18.490044,3,307,-1.18,1.149,9.612,0
1576790084,35.23244065,-97.25172822,90.9,18.010336,3,307,-1.805,1.235,9.328,0
1576790085,35.23243853,-97.25153295,91,17.840403,3,306,-1.755,0.934,9.594,0
1576790086,35.23243545,-97.25133711,91.2,18.110798,3,306,-1.534,0.992,9.157,0
1576790087,35.23243267,-97.2511336,91.4,18.460978,3,306,-1.159,1.104,9.71,0
1576790088,35.23242925,-97.25092705,91.4,18.632103,3,305,-1.169,0.811,10.156,0
1576790089,35.23242721,-97.25072432,91.2,18.512117,3,304,-0.944,0.78,9.715,0
1576790090,35.2324241,-97.25052236,91.2,18.401981,3,304,-1.399,0.938,10.087,0
1576790091,35.23242456,-97.25032367,90.4,18.28395,3,304,-1.554,1.089,9.432,0
1576790092,35.23242243,-97.25011959,90.8,18.361841,3,303,-2.153,1.023,10.193,0
1576790093,35.2324212,-97.24991945,91,18.451197,3,303,-3.07,0.734,9.552,0
1576790094,35.23241287,-97.24971115,91.4,19.14044,3,303,-3.347,0.778,9.584,0
1576790095,35.23240201,-97.24947887,91.4,20.61035,3,304,-0.672,1.217,9.812,0
1576790096,35.23239473,-97.24923807,92,21.870586,3,304,1.429,1.3,9.839,0
1576790097,35.23239423,-97.24900976,91.4,21.352707,3,305,0.49,1.41,9.434,0
1576790098,35.23238822,-97.24880949,91.4,18.542114,3,305,-1.036,0.623,9.755,0
1576790099,35.23238474,-97.24863181,91.2,16.661728,3,306,-1.084,1.156,9.627,0
1576790100,35.2323792,-97.2484579,90.6,16.03165,3,307,-1.162,1.066,9.055,0
1576790101,35.23237998,-97.2482885,90,15.520825,3,307,0.938,1.424,9.415,0
1576790103,35.2323809,-97.24798592,90.3,12.730141,3,307,1.262,1.439,9.993,0
1576790104,35.23237762,-97.24788368,90.5,9.93002,3,306,0.594,1.376,9.865,0
1576790105,35.23237716,-97.24779218,90.6,8.530023,3,306,0.677,1.764,9.339,0
1576790106,35.23237894,-97.24775591,90.7,4.720042,3,306,1.231,1.621,9.223,0
1576790107,35.2323761,-97.24773619,90.7,2.28,3,306,0.29,1.297,9.765,0
1576790108,35.2323761,-97.24773619,90.7,2.28,3,306,-2.991,0.971,9.396,1
1576790109,35.23238026,-97.24771917,90.7,1.29,3,305,-4.218,0.569,9.246,0
1576790110,35.23237915,-97.24767176,90.4,4.0001125,3,305,-4.088,0.419,10.541,0
1576790111,35.23238029,-97.2476004,89.3,6.41,3,305,-2.97,1,9.203,0
1576790112,35.2323816,-97.24750414,87.9,8.32,3,305,-2.387,0.919,9.305,0
1576790113,35.2323889,-97.24739577,88.7,9.570004,3,305,-2.93,0.9,9.385,0
1576790114,35.23238968,-97.24727554,89.3,10.870005,3,304,-2.878,1.271,9.599,0
1576790115,35.23238856,-97.24714066,89.6,12.03,3,304,-2.829,1.009,9.28,0
1576790116,35.23238989,-97.2469936,89.2,13.100096,3,303,-1.152,0.875,9.645,0
1576790117,35.23239307,-97.24684671,89.1,13.2602415,3,303,-1.327,0.167,9.438,0
1576790118,35.23239466,-97.24670271,89,13.030188,3,303,-1.258,1.222,9.363,0
1576790119,35.2323958,-97.24655887,89.1,12.900313,3,303,-1.438,0.899,9.813,0
1576790120,35.23239958,-97.24641269,89,12.87056,3,302,-1.417,0.762,9.681,0
1576790121,35.23240197,-97.2462713,89.1,12.880248,3,302,-1.48,1.305,9.293,0
1576790122,35.23240345,-97.24612625,89.2,12.960987,3,301,-1.197,1.456,8.566,0
1576790123,35.23240588,-97.24598289,89.2,13.090978,3,301,-2.507,1.45,9.864,0
1576790124,35.23240865,-97.24583077,89.5,13.661185,3,301,-2.839,0.501,10.84,0
1576790125,35.23240777,-97.24566442,89.4,15.092416,3,301,-2.435,0.453,9.254,0
1576790126,35.23240982,-97.24547848,89.2,16.543703,3,300,-2.724,1.115,9.435,0
1576790127,35.23241263,-97.24528099,89.2,17.934027,3,300,1.246,1.286,10.236,0
1576790128,35.23241669,-97.2450955,90.2,17.1942,3,299,-1.072,0.94,9.58,0
1576790129,35.23241809,-97.24493488,90.2,14.973638,3,299,-1.181,1.023,9.037,0
1576790130,35.2324195,-97.24477569,89.9,14.633076,3,299,-1.449,1.214,10.059,0
1576790131,35.23242228,-97.24461842,89.4,14.643073,3,298,-1.216,1.348,9.68,0
1576790132,35.23242422,-97.24445394,89,14.641506,3,298,-1.12,0.705,10.087,0
1576790133,35.23242496,-97.24429293,89.1,14.700412,3,298,-1.301,0.846,9.411,0
1576790134,35.2324252,-97.244134,88.9,14.63,3,298,-1.477,0.536,10.524,0
1576790135,35.23242461,-97.24397457,89.1,14.560168,3,298,-1.408,0.63,9.494,0
1576790136,35.2324228,-97.24381448,89.3,14.480777,3,298,-2.044,0.734,9.532,0
1576790137,35.2324239,-97.24365371,89.2,14.361128,3,297,-2.07,1.201,10.059,0
1576790138,35.2324225,-97.24349618,89,14.461525,3,298,-1.837,0.937,9.254,0
1576790139,35.23242441,-97.24333514,89.3,14.5508795,3,297,-2.481,0.678,9.018,0
1576790140,35.23243071,-97.24317421,89.3,14.623077,3,298,-3.02,0.871,9.667,0
1576790141,35.23243476,-97.2430056,88.9,15.362738,3,299,-3.294,0.302,9.163,0
1576790142,35.23244182,-97.24282431,88.8,16.523499,3,299,-0.482,1.273,9.733,0
1576790143,35.23244573,-97.24263059,88.9,17.691767,3,300,0.581,1.082,9.939,0
1576790144,35.23244644,-97.24244658,89.2,16.781443,3,300,-1.666,1.445,9.24,0
1576790145,35.23244905,-97.2422823,88.9,15.210474,3,300,-1.567,1.058,9.675,0
1576790146,35.23244714,-97.24211609,89.1,14.990163,3,300,-1.532,0.647,9.909,0
1576790147,35.23244913,-97.24195137,89.1,14.800055,3,301,-1.348,1.219,9.493,0
1576790148,35.23244847,-97.24179392,89,14.62003,3,301,-1.405,1.553,9.862,0
1576790150,35.23245059,-97.24147916,89.5,14.330004,3,301,-1.804,1.087,9.156,0
1576790151,35.23245201,-97.24131669,89.6,14.570031,3,301,-1.567,0.97,10.314,0
1576790152,35.23245115,-97.24115539,89.6,14.67,3,301,-1.305,0.694,9.094,0
1576790153,35.23245496,-97.24099135,89.9,14.62003,3,301,-1.437,1.144,9.546,0
1576790154,35.23245324,-97.24083253,90.1,14.640167,3,301,-2.304,1.278,9.521,0
1576790155,35.23244985,-97.24066144,90.4,15.280327,3,301,-2.651,1.237,8.305,0
1576790156,35.23244767,-97.24048004,91.4,16.630869,3,301,-2.614,1.475,9.533,0
1576790157,35.23244682,-97.24028576,91.9,17.670637,3,301,1.545,1.039,9.921,0
1576790158,35.23244447,-97.24011532,91.4,16.121243,3,301,1.832,1.382,9.668,0
1576790159,35.23244408,-97.23997322,91.2,13.391494,3,301,-1.078,1.159,9.69,1
1576790160,35.23244152,-97.23983445,91.6,12.812249,3,300,-1.05,1.439,9.308,0
1576790161,35.23244595,-97.23969846,91.8,12.81244,3,300,-0.963,1.279,9.722,0
1576790162,35.23245408,-97.23955722,91.7,12.7928505,3,299,-1.213,0.586,9.822,0
1576790163,35.23244767,-97.23942144,91.5,12.712081,3,297,-1.39,1.362,9.917,0
1576790164,35.23244696,-97.23928357,91.4,12.661426,3,297,-1.36,0.965,9.576,0
1576790165,35.23244832,-97.23914474,91.3,12.640776,3,296,-0.988,1.402,9.002,0
1576790166,35.23244809,-97.23900159,91.3,12.612477,3,295,-1.306,1.051,9.841,0
1576790167,35.23244576,-97.23886294,91.5,12.623807,3,295,-0.982,0.869,9.942,0
1576790168,35.23243848,-97.2387244,91.8,12.603111,3,293,0.11,1.024,9.916,0
1576790169,35.23243542,-97.23859511,92,11.932218,3,292,0.447,1.08,9.579,0
1576790170,35.23243414,-97.23848263,91.9,10.531714,3,292,0.156,1.101,10.138,0
1576790171,35.23243072,-97.23838728,91.4,9.022218,3,291,0.568,0.982,9.936,0
1576790172,35.23243007,-97.23831075,91.1,7.422183,3,290,1.414,1.141,10.133,0
1576790173,35.23243035,-97.23825689,90.9,5.1409726,3,290,0.957,1.037,9.925,0
1576790174,35.23242999,-97.2382303,90.8,2.6004806,3,290,0.057,0.984,9.724,1
1576790175,35.23242999,-97.2382303,90.8,2.6004806,3,290,-1.531,0.979,9.496,1
1576790176,35.23242999,-97.2382303,90.8,2.6004806,3,290,-3.336,0.952,9.219,0
1576790177,35.23242665,-97.23820794,90.6,1.0307764,3,290,-1.978,1.119,9.174,0
1576790178,35.23242593,-97.23817354,90.3,2.7414777,3,289,-1.921,0.56,9.79,0
1576790179,35.23242455,-97.23812874,88.8,3.81084,3,289,-1.135,-0.817,10.056,0
1576790180,35.23243078,-97.23808263,75.9,4.2701054,3,290,-1.046,-0.499,9.596,0
1576790181,35.23244875,-97.23804021,58.4,4.452527,3,290,-1.211,-1.49,9.827,0
1576790182,35.23248894,-97.2380105,37,5.05001,3,290,-2.328,0.005,8.95,0
1576790183,35.23252922,-97.23798804,21.4,4.81,3,290,-2.351,0.368,8.785,0
1576790184,35.23257567,-97.23797573,13.3,5.40237,3,290,-1.926,0.196,9.779,0
1576790185,35.23262968,-97.23796787,8.7,5.862184,3,290,-1.811,0.916,9.34,0
1576790186,35.23268124,-97.23796483,5.9,5.704244,3,291,-1.495,1.138,9.526,0
1576790187,35.23273353,-97.23796444,5.1,5.415321,3,292,-1.112,2.001,9.532,0
1576790188,35.23277278,-97.2379566,7.7,4.8023434,3,291,-2.132,2.632,9.255,0
1576790189,35.23280808,-97.23794541,20.8,4.1900477,3,292,-2.322,2.565,9.715,0
1576790190,35.23283713,-97.23791661,43.6,4.0435753,3,292,-1.813,2.998,10.288,0
1576790191,35.23285493,-97.23787274,69.1,4.2308984,3,293,-2.228,1.336,8.715,0
1576790192,35.23285203,-97.23782036,89.8,4.6231265,3,293,-2.019,-0.424,9.999,0
1576790193,35.23285183,-97.23776539,87.2,4.9740224,3,294,-2.065,-1.167,9.779,0
1576790194,35.2328637,-97.23771364,66.6,4.8241477,3,294,-1.59,-0.617,9.201,0
1576790195,35.23288777,-97.23767028,46.2,4.7212815,3,295,-1.745,0.514,9.418,0
