time,lat,lng,bearing,spd,acc,alt,accx,accy,accz,stable
1564073577,35.19421205,-97.42333039,277,9.470006,3,317,-1.883,1.453,9.69,0
1564073578,35.19423353,-97.42341471,281.2,8.241754,3,316,-1.302,1.395,9.677,0
1564073579,35.19424471,-97.42348319,283.5,6.440629,3,318,-1.234,1.255,9.655,0
1564073580,35.1942583,-97.42353357,284.7,4.691535,3,318,-1.851,1.095,9.423,0
1564073581,35.19426826,-97.42357237,285.3,3.651972,3,318,-1.423,1.093,9.73,0
1564073582,35.19427569,-97.42359809,286.4,2.2105656,3,318,-1.535,1.061,9.69,0
1564073583,35.19427569,-97.42359809,286.4,2.2105656,3,318,-2.57,0.908,9.421,0
1564073584,35.19427569,-97.42359809,286.4,2.2105656,3,318,-2.901,0.868,9.292,0
1564073585,35.19427569,-97.42359809,286.4,2.2105656,3,318,-2.952,0.867,9.261,0
1564073586,35.19427569,-97.42359809,286.4,2.2105656,3,318,-2.965,0.863,9.252,1
1564073587,35.19427569,-97.42359809,286.4,2.2105656,3,318,-2.964,0.869,9.261,1
1564073588,35.19427569,-97.42359809,286.4,2.2105656,3,318,-2.965,0.878,9.278,1
1564073589,35.19427569,-97.42359809,286.4,2.2105656,3,318,-2.958,0.868,9.278,1
1564073590,35.19427332,-97.42358721,0,0,3,321,-2.968,0.868,9.28,1
1564073591,35.19427332,-97.42358721,0,0,3,321,-2.967,0.871,9.251,1
1564073592,35.19427332,-97.42358721,0,0,3,321,-2.964,0.869,9.264,1
1564073593,35.19427332,-97.42358721,0,0,3,321,-2.966,0.874,9.246,1
1564073594,35.19427332,-97.42358721,0,0,3,321,-2.963,0.868,9.253,1
1564073595,35.19427332,-97.42358721,0,0,3,321,-2.959,0.864,9.291,1
1564073596,35.19427332,-97.42358721,0,0,3,321,-2.967,0.864,9.249,1
1564073597,35.19427332,-97.42358721,0,0,3,321,-2.958,0.864,9.253,1
1564073598,35.19427332,-97.42358721,0,0,3,321,-2.959,0.864,9.251,1
1564073599,35.19427332,-97.42358721,0,0,3,321,-2.956,0.876,9.252,1
1564073600,35.19427332,-97.42358721,0,0,3,321,-2.963,0.865,9.269,1
1564073602,35.19427332,-97.42358721,0,0,3,321,-3.27,0.818,9.182,1
1564073603,35.19427825,-97.42359823,284.5,0.41,3,321,-3.23,0.815,9.186,1
1564073604,35.19427825,-97.42359823,284.5,0.41,3,321,-3.202,0.839,9.143,1
1564073605,35.19428001,-97.42361758,285,0.9702062,3,322,-3.077,0.912,9.192,1
1564073606,35.19428449,-97.42362772,285.1,1.0700468,3,322,-2.564,1.068,9.364,1
1564073607,35.19428449,-97.42362772,285.1,1.0700468,3,322,-6.309,0.796,8.887,0
1564073608,35.19429246,-97.4236597,288.7,2.2917678,3,322,-5.42,0.394,8.583,0
1564073609,35.19430147,-97.42369437,287.1,3.5301275,3,321,-5.645,2.06,8.468,0
1564073610,35.19435085,-97.42374559,321.4,5.9019065,3,321,-5.878,3.319,8.384,0
1564073611,35.19440255,-97.42377027,336.4,6.150521,3,321,-5.982,0.483,8.403,0
1564073612,35.19448107,-97.42378653,348.6,7.541492,3,321,-5.181,-0.826,8.377,0
1564073613,35.19456307,-97.42376974,1.4,8.400053,4,321,-4.959,-1.115,8.665,0
1564073614,35.19467711,-97.42372068,12.6,10.730116,4,321,-4.463,-0.861,8.345,0
1564073615,35.19484611,-97.42366665,12.7,14.660412,4,321,-3.982,-0.817,8.116,0
1564073616,35.19499785,-97.42362868,10.7,16.090311,4,322,-4.058,-1.296,8.612,0
1564073617,35.19516522,-97.42359567,9.5,17.750181,3,322,-3.34,-1.158,8.159,0
1564073618,35.1953303,-97.42357956,5.8,18.370045,3,323,-3.489,-1.259,8.516,0
1564073619,35.1955134,-97.42355456,4.6,18.96,3,323,-3.371,-0.835,9.493,0
1564073620,35.19572858,-97.42351687,3.6,20.400793,3,323,-2.924,-0.435,8.554,0
1564073621,35.19591469,-97.42351468,1.8,20.770119,4,322,-3.378,-0.382,9.13,0
1564073622,35.19611232,-97.42349959,1.7,21.200237,5,323,-3.409,-0.646,9.238,0
1564073623,35.1963117,-97.42348753,2.3,21.31015,5,323,-3.08,-0.838,9.158,0
1564073624,35.19650515,-97.42350174,0,21.08002,4,324,-3.105,-0.916,9.102,0
1564073625,35.19669589,-97.42354504,357.8,21.020193,3,325,-3.4,-0.589,8.839,0
1564073626,35.19688896,-97.42355502,357.3,21.170153,3,325,-3.609,-0.138,8.891,0
1564073627,35.19708419,-97.42355625,357.8,21.470524,3,325,-3.15,0.065,8.69,1
1564073628,35.19728122,-97.42357424,357.8,21.780518,3,325,-2.832,-0.203,9.044,1
1564073629,35.19764308,-97.42360134,359.2,20.601398,3,328,-2.711,-0.03,9.277,1
1564073630,35.1978199,-97.42359854,359.7,20.221306,4,328,-2.976,-0.406,9.071,1
1564073631,35.19797198,-97.42360391,359,19.490309,4,328,-3.025,-0.365,8.963,1
1564073632,35.1981489,-97.42360487,359.6,19.600737,4,329,-2.985,-0.329,9.114,1
1564073633,35.19832603,-97.42360852,359.8,19.440744,4,329,-2.924,-0.334,8.894,1
1564073634,35.19849689,-97.42360546,359.7,19.290508,4,329,-2.784,-0.293,8.99,1
1564073635,35.19866696,-97.42360949,359.5,19.020515,4,329,-2.902,-0.385,9.053,1
1564073636,35.19884794,-97.42358779,359.4,18.790268,4,328,-3.002,-0.309,8.809,1
1564073638,35.19901963,-97.42358472,359.7,18.730131,4,328,-3.21,-0.502,9.074,1
1564073639,35.19919289,-97.42358032,359.7,18.840042,4,327,-3.239,-0.584,8.95,1
1564073640,35.19937039,-97.42358644,359.7,19.120094,4,328,-3.315,-0.552,8.931,1
1564073641,35.19955216,-97.42359304,359.5,19.310165,4,328,-3.356,-0.541,9.107,1
1564073642,35.19972452,-97.42359329,359.7,19.430164,5,327,-3.028,-0.362,9.173,1
1564073643,35.19989774,-97.42358957,0,19.590126,5,326,-2.897,-0.526,9.014,1
1564073644,35.20007815,-97.42359971,359.4,19.720125,5,327,-2.881,-0.363,8.974,1
1564073645,35.20024837,-97.42361547,359.3,19.320312,4,328,-2.821,-0.334,8.929,1
1564073646,35.2004326,-97.4236146,359,19.220375,4,328,-3.009,-0.327,9.141,1
1564073647,35.20062263,-97.4235969,359,19.100067,5,325,-2.957,-0.316,9.214,1
1564073648,35.20078302,-97.42359581,359.2,18.780067,10,324,-2.91,-0.323,9.075,1
1564073649,35.2009564,-97.42359918,359.2,18.680098,10,325,-2.83,-0.208,9.153,1
1564073650,35.20112837,-97.42361343,358.9,18.580132,10,326,-2.869,-0.307,9.233,1
1564073651,35.20128892,-97.42360226,359.2,18.160135,10,325,-2.719,-0.187,8.957,1
1564073652,35.20144044,-97.42360063,359.3,17.770102,10,326,-2.789,-0.439,9.156,1
1564073653,35.20159419,-97.42360626,358.9,17.470024,10,326,-2.772,-0.259,9.308,1
1564073654,35.20175183,-97.42362119,358.1,17.33,10,325,-2.781,0.013,8.965,1
1564073655,35.20190574,-97.42362861,358.8,17.07,10,324,-3.1,-0.156,9.422,0
1564073656,35.20207212,-97.42365886,358.8,17.12,10,324,-2.767,-0.31,9.755,0
1564073657,35.20219944,-97.42362905,1.2,16.360027,9,324,-2.62,-0.591,9.356,0
1564073658,35.20233412,-97.42362762,0.9,15.94,9,323,-2.764,-0.533,8.862,0
1564073659,35.20248458,-97.42364041,359.7,15.9,9,323,-2.819,-0.379,9.316,0
1564073660,35.2026196,-97.42364823,359.7,15.550004,10,322,-1.859,0.153,9.366,0
1564073661,35.2027457,-97.42364645,0.1,15.01,10,322,-1.673,0.314,9.918,0
1564073662,35.20287778,-97.42365314,358.9,14.460087,10,322,-2.199,0.169,9.077,0
1564073663,35.20295833,-97.42365869,358.3,12.001504,10,321,-2.837,-0.255,9.081,0
1564073664,35.20304949,-97.42364466,0.7,11.200754,9,320,-2.856,-0.265,9.354,0
1564073665,35.20312379,-97.42362921,0.6,10.340392,9,321,-2.224,-0.234,9.18,0
1564073666,35.20329049,-97.42362203,0.2,8.530287,9,321,-1.587,0.425,9.775,0
1564073667,35.20333591,-97.42361214,359.9,6.6814666,9,323,-1.509,0.421,9.689,0
1564073668,35.20336795,-97.42361798,352.5,5.3707542,10,322,-1.851,0.267,9.642,0
1564073669,35.20339207,-97.4236003,359.5,3.6119938,10,322,-1.986,0.222,9.561,1
1564073670,35.20342101,-97.4236095,351.7,2.5756164,10,322,-2.115,0.154,9.345,1
1564073671,35.20342852,-97.42360282,358.6,1.0989541,9,322,-2.287,0.051,9.318,1
1564073673,35.20343407,-97.42358161,0,0,10,321,-2.996,-0.313,9.211,1
1564073674,35.20343407,-97.42358161,0,0,10,321,-3.358,-0.379,9.049,1
1564073675,35.20342678,-97.42356922,0,0,9,322,-3.155,-0.403,9.082,1
1564073676,35.20342678,-97.42356922,0,0,9,322,-3.127,-0.404,9.098,1
1564073677,35.20342678,-97.42356922,0,0,9,322,-3.725,-0.508,10.439,0
1564073678,35.20341591,-97.42356039,0,0,9,323,-3.185,-0.446,9.253,0
1564073679,35.20341591,-97.42356039,0,0,9,323,-3.12,-0.434,9.114,0
1564073680,35.20341591,-97.42356039,0,0,9,323,-3.107,-0.439,9.075,0
1564073681,35.20341591,-97.42356039,0,0,9,323,-3.102,-0.432,9.095,0
1564073682,35.20341591,-97.42356039,0,0,9,323,-3.107,-0.437,9.081,0
1564073683,35.20340731,-97.42355546,0,0,9,323,-3.104,-0.438,9.064,0
1564073684,35.20340731,-97.42355546,0,0,9,323,-3.11,-0.442,9.052,0
1564073685,35.20340731,-97.42355546,0,0,9,323,-3.104,-0.441,9.086,1
1564073686,35.20340731,-97.42355546,0,0,9,323,-3.104,-0.438,9.069,1
1564073687,35.20340731,-97.42355546,0,0,9,323,-3.101,-0.443,9.075,1
1564073688,35.20340731,-97.42355546,0,0,9,323,-3.108,-0.427,9.062,1
1564073689,35.20340731,-97.42355546,0,0,9,323,-3.109,-0.44,9.091,1
1564073690,35.20340731,-97.42355546,0,0,9,323,-3.107,-0.427,9.058,1
1564073691,35.20340731,-97.42355546,0,0,9,323,-3.112,-0.442,9.06,1
1564073692,35.20340731,-97.42355546,0,0,9,323,-3.112,-0.44,9.077,1
1564073693,35.20340731,-97.42355546,0,0,9,323,-3.107,-0.431,9.052,1
1564073694,35.20340731,-97.42355546,0,0,9,323,-3.117,-0.444,9.074,1
1564073695,35.20340731,-97.42355546,0,0,9,323,-3.109,-0.435,9.07,1
1564073696,35.20340731,-97.42355546,0,0,9,323,-3.112,-0.438,9.056,1
1564073697,35.20340731,-97.42355546,0,0,9,323,-3.109,-0.43,9.073,1
1564073698,35.20340731,-97.42355546,0,0,9,323,-3.112,-0.438,9.04,1
1564073699,35.20340731,-97.42355546,0,0,9,323,-3.103,-0.436,9.079,1
1564073700,35.20340731,-97.42355546,0,0,9,323,-3.109,-0.437,9.077,1
1564073701,35.20340731,-97.42355546,0,0,9,323,-3.114,-0.438,9.055,1
1564073702,35.20340731,-97.42355546,0,0,9,323,-3.104,-0.45,9.08,1
1564073703,35.20340731,-97.42355546,0,0,9,323,-3.106,-0.432,9.058,1
1564073704,35.20340731,-97.42355546,0,0,9,323,-3.108,-0.446,9.074,1
1564073705,35.20340731,-97.42355546,0,0,9,323,-3.1,-0.433,9.092,1
1564073706,35.20340731,-97.42355546,0,0,9,323,-3.113,-0.442,9.078,1
1564073707,35.20340731,-97.42355546,0,0,9,323,-3.1,-0.432,9.076,1
1564073708,35.20340731,-97.42355546,0,0,9,323,-3.1,-0.442,9.072,1
1564073709,35.20340731,-97.42355546,0,0,9,323,-3.099,-0.425,9.072,1
1564073710,35.20340731,-97.42355546,0,0,9,323,-3.107,-0.443,9.065,1
1564073711,35.20340731,-97.42355546,0,0,9,323,-3.094,-0.428,9.059,1
1564073712,35.20340731,-97.42355546,0,0,9,323,-3.11,-0.452,9.078,1
1564073714,35.20340731,-97.42355546,0,0,9,323,-3.097,-0.437,9.064,1
1564073715,35.20340731,-97.42355546,0,0,9,323,-3.104,-0.436,9.071,1
1564073716,35.20340731,-97.42355546,0,0,9,323,-3.09,-0.437,9.079,1
1564073717,35.20340731,-97.42355546,0,0,9,323,-3.11,-0.454,9.068,1
1564073718,35.20340731,-97.42355546,0,0,9,323,-3.115,-0.451,9.072,1
1564073719,35.20340731,-97.42355546,0,0,9,323,-3.104,-0.444,9.075,1
1564073720,35.20340731,-97.42355546,0,0,9,323,-3.106,-0.437,9.067,1
1564073721,35.20340731,-97.42355546,0,0,9,323,-3.102,-0.443,9.074,1
1564073722,35.20340731,-97.42355546,0,0,9,323,-3.09,-0.42,9.131,1
1564073723,35.20340731,-97.42355546,0,0,9,323,-3.077,-0.445,9.062,1
1564073724,35.20340731,-97.42355546,0,0,9,323,-3.107,-0.454,9.091,1
1564073725,35.20340731,-97.42355546,0,0,9,323,-3.106,-0.448,9.082,1
1564073726,35.20340731,-97.42355546,0,0,9,323,-3.117,-0.435,9.085,1
1564073727,35.20340731,-97.42355546,0,0,9,323,-3.107,-0.426,9.094,1
1564073728,35.20340731,-97.42355546,0,0,9,323,-3.303,-0.549,9.024,1
1564073729,35.20340731,-97.42355546,0,0,9,323,-3.399,-0.612,8.904,1
1564073730,35.20340731,-97.42355546,0,0,9,323,-4.165,-1.026,8.702,1
1564073731,35.20342912,-97.42356544,0.1,1.3300377,9,324,-4.508,-1.264,8.472,1
1564073732,35.20345546,-97.42356129,357.3,2.770018,9,325,-4.601,-1.318,8.46,1
1564073733,35.20350412,-97.42354422,359.6,4.690171,9,324,-4.314,-1.171,8.293,1
1564073734,35.20355093,-97.42354295,358.6,5.1204786,9,323,-4.398,-1.032,8.707,1
1564073735,35.20362447,-97.42354113,359.5,7.410168,9,324,-4.457,-0.873,9.003,0
1564073736,35.20370111,-97.4235505,359.3,8.480053,9,324,-4.186,-0.712,8.668,0
1564073737,35.20379345,-97.42355561,0,9.710083,9,324,-4.092,-0.581,8.827,0
1564073738,35.20389308,-97.4235562,0.6,10.580076,9,324,-3.983,-0.901,8.798,0
1564073739,35.20400176,-97.4235583,359.7,11.880038,9,324,-3.679,-0.708,9.024,0
1564073740,35.20412363,-97.4235586,0,12.780191,9,326,-3.537,-0.632,8.991,0
1564073741,35.2042413,-97.42356204,359.5,13.430094,9,325,-3.643,-0.793,8.669,0
1564073742,35.20436861,-97.42356085,359.3,14.070088,9,326,-3.229,-0.561,8.808,0
1564073743,35.20449495,-97.42356331,359.2,14.620493,9,326,-3.309,-0.451,8.775,0
1564073744,35.20477138,-97.42356757,359.2,15.420262,9,326,-3.464,-0.677,9.234,0
1564073745,35.20491509,-97.42356191,359.2,15.830029,9,326,-3.656,-0.713,8.69,0
1564073746,35.20506947,-97.42357329,358.6,16.420076,9,326,-3.704,-1.101,8.691,1
1564073747,35.20521455,-97.42357839,358.6,17.090237,9,326,-3.175,-0.804,9.246,1
1564073748,35.20537851,-97.42357585,358.8,17.370104,9,326,-3.066,-0.679,9.313,1
1564073749,35.20553094,-97.4235813,358.6,17.290047,9,326,-3.26,-0.714,9.097,0
1564073750,35.20569317,-97.42357005,359,17.59007,9,326,-3.627,-0.541,9.472,0
1564073751,35.20585754,-97.42356782,358.8,17.920137,10,326,-2.99,-0.397,8.759,0
1564073752,35.206034,-97.4235681,359,18.240175,10,326,-3.165,-0.244,8.808,0
1564073753,35.20620335,-97.42357407,359.2,18.390327,9,326,-3.378,-0.684,9.397,0
1564073755,35.20637531,-97.42358061,359.3,18.650131,9,326,-3.512,-0.619,9.064,0
1564073756,35.20655479,-97.42357775,359.5,19.010317,9,327,-3.456,-0.466,9.028,0
1564073757,35.20673028,-97.42358997,0.1,19.220314,9,328,-2.932,-0.413,9.145,0
1564073758,35.20689986,-97.42358063,359.6,19.08059,9,328,-2.755,-0.318,9.058,0
1564073759,35.20705424,-97.42358894,0,18.64001,9,327,-2.983,-0.55,9.222,0
1564073760,35.20721528,-97.42358943,359.9,18.57001,9,327,-3.061,-0.462,9.021,0
1564073761,35.20739456,-97.42358677,0,18.790173,9,327,-2.975,-0.41,8.99,0
1564073762,35.20756646,-97.42359361,0,18.820265,9,326,-2.979,-0.342,9.142,1
1564073763,35.20771835,-97.42360568,359.9,18.640066,9,326,-3.062,-0.496,9.024,1
1564073764,35.20789425,-97.4236083,0.1,18.81017,9,327,-3.126,-0.487,9.095,1
1564073765,35.20806646,-97.42360553,0.1,18.870266,9,328,-3.091,-0.382,9.144,1
1564073766,35.20823512,-97.42360919,0.1,18.90017,9,328,-3.236,-0.568,8.632,1
1564073767,35.20841211,-97.42361089,0,19.080065,9,329,-3.318,-0.593,8.951,1
1564073768,35.20858785,-97.42361278,359.9,19.27001,9,329,-3.363,-0.725,8.949,1
1564073769,35.20877081,-97.4236148,0.1,19.690254,9,330,-3.167,-0.553,8.981,1
1564073770,35.20895959,-97.42361342,0,20.05056,9,332,-2.868,-0.379,9.186,1
1564073771,35.20912752,-97.4236164,0,19.810251,9,332,-2.718,-0.272,9.096,1
1564073772,35.20931037,-97.42360475,0,19.610432,9,330,-2.687,-0.394,9.086,1
1564073773,35.20949082,-97.42359883,0.3,19.310312,9,332,-2.777,-0.306,9.307,1
1564073774,35.20965734,-97.42360255,359.9,18.800022,9,332,-2.75,-0.234,9.268,1
1564073775,35.20982503,-97.4236001,359.9,18.290176,9,333,-3.026,-0.449,9.08,1
1564073776,35.20999784,-97.42361044,0,18.140465,9,332,-3.097,-0.392,9.089,1
1564073777,35.21014313,-97.42360995,0.4,18.050276,9,332,-2.971,-0.259,9.207,1
1564073778,35.2102996,-97.42360865,0.9,17.87018,9,332,-2.843,-0.356,9.234,1
1564073779,35.21045454,-97.42360369,1.1,17.56007,9,332,-2.743,-0.238,9.122,1
1564073780,35.21061503,-97.42359492,1.2,17.360046,9,332,-2.72,-0.388,9.165,1
1564073781,35.21076941,-97.42358226,1.2,17.000046,9,331,-2.699,-0.288,8.999,1
1564073782,35.2109171,-97.42358055,0.9,16.670027,9,331,-2.695,-0.244,9.196,1
1564073783,35.21106298,-97.4235713,0.8,16.540049,9,331,-2.716,-0.302,9.125,1
1564073784,35.21120866,-97.4235856,359,16.231773,9,330,-2.747,-0.287,8.857,1
1564073785,35.21135619,-97.42358808,359.3,15.780316,9,330,-2.654,-0.142,9.179,1
1564073786,35.21149648,-97.4235862,359.8,15.530157,9,330,-3.355,-0.479,9.241,1
1564073787,35.21163778,-97.42358354,0.3,15.610051,9,330,-3.29,-0.656,9.102,1
1564073788,35.21177944,-97.42358746,0,15.890029,9,330,-3.5,-0.9,9.035,1
1564073789,35.21191575,-97.42358971,359.8,16.34015,9,331,-3.455,-0.818,8.956,1
1564073790,35.21206536,-97.42359074,359.7,17.110025,9,330,-3.264,-0.456,8.873,1
1564073791,35.2123894,-97.42358936,359.7,17.72001,9,331,-3.243,-0.573,8.811,1
1564073792,35.21255212,-97.42359173,0.1,17.99007,9,330,-3.289,-0.478,8.977,1
1564073793,35.21272068,-97.4235878,0,18.44007,9,330,-3.212,-0.552,9.193,1
1564073794,35.21289471,-97.42357624,0.1,18.850023,9,330,-3.097,-0.549,9.12,1
1564073795,35.21305077,-97.42358606,359.7,18.980066,9,329,-3.089,-0.481,9.158,1
1564073796,35.21322728,-97.42358512,359.9,19.120003,9,329,-2.976,-0.285,9.104,1
1564073797,35.21340659,-97.42358582,0,19.190042,9,329,-2.754,-0.223,9.165,1
1564073798,35.21358034,-97.42357503,0.2,19.16,9,329,-2.853,-0.368,8.686,1
1564073799,35.21374917,-97.4235881,359.9,19.01001,9,329,-2.827,-0.508,8.964,1
1564073800,35.21393218,-97.42357396,0.2,19.140093,9,329,-3.026,-0.677,9.281,1
1564073801,35.21409627,-97.42356848,359.9,18.940096,9,329,-3.044,-0.538,9.033,1
1564073802,35.21427519,-97.42356862,359.8,18.980446,9,330,-2.97,-0.452,9.015,1
1564073804,35.21444868,-97.42356365,359.9,18.880447,9,330,-3.067,-0.463,9.023,1
1564073805,35.21461913,-97.42356375,0,18.860266,9,330,-3.142,-0.496,8.863,1
1564073806,35.2147919,-97.42355806,0.1,18.970263,9,331,-3.029,-0.449,8.696,1
1564073807,35.21496069,-97.42356551,359.9,19.000042,9,331,-3.069,-0.394,8.924,1
1564073808,35.21511489,-97.42357375,359.6,18.960129,9,330,-3.087,-0.506,9.033,1
1564073809,35.21530105,-97.42356741,0.1,19.420023,9,330,-2.786,-0.289,9.172,1
1564073810,35.21548539,-97.42357104,0.6,19.51,9,330,-2.789,-0.229,9.29,1
1564073811,35.21565841,-97.42357237,0.5,19.150064,9,330,-2.935,-0.443,9.239,1
1564073812,35.2158397,-97.42356846,0.5,19.23001,9,330,-2.993,-0.571,9.137,1
1564073813,35.21600403,-97.42356473,0.2,19.2,9,330,-3.028,-0.564,9.191,1
1564073814,35.21616855,-97.42356441,0,19.190002,9,329,-2.817,-0.282,9.211,1
1564073815,35.21632918,-97.42356393,0,18.96001,9,329,-2.966,-0.334,8.949,1
1564073816,35.21649984,-97.42356452,359.8,18.87017,9,329,-3.056,-0.329,8.989,1
1564073817,35.2166627,-97.42356639,359.9,18.740171,9,329,-2.997,-0.201,9.427,1
1564073818,35.21683013,-97.42356662,0.1,18.420273,9,330,-3.007,-0.356,10.207,0
1564073819,35.21699588,-97.42356712,0.3,17.980278,9,329,-2.797,0.044,8.972,0
1564073820,35.21715196,-97.42356877,0.4,17.520346,9,330,-2.129,-0.372,9.721,0
1564073821,35.21730537,-97.42356638,0.6,17.010424,9,330,-1.847,0.674,9.869,0
1564073822,35.21744439,-97.42356355,0.4,15.210645,9,330,-1.493,0.815,9.957,0
1564073823,35.21755668,-97.42356919,359.9,12.840471,9,331,-1.201,0.692,9.748,0
1564073824,35.21765321,-97.42355959,359.9,10.490305,9,330,-2.676,-0.263,9.102,0
1564073825,35.21773663,-97.42356537,359.8,9.670331,9,329,-2.913,-0.199,9.168,0
1564073826,35.21782253,-97.42356592,359.9,9.410643,9,329,-2.19,0.122,9.26,0
1564073827,35.21789816,-97.42356622,359.9,8.580472,9,329,-2.112,0.416,9.374,0
1564073828,35.21795866,-97.42357141,359.8,6.970179,9,329,-2.201,0.26,9.399,0
1564073829,35.21800309,-97.42358059,359.6,5.700079,9,329,-2.172,0.145,9.409,0
1564073830,35.21804612,-97.42357987,359.7,4.560395,9,329,-2.284,0.091,9.438,1
1564073831,35.21807797,-97.42358116,0.1,3.6001248,9,330,-2.519,0.024,9.252,1
1564073832,35.21810003,-97.42357798,0.6,2.76029,9,330,-2.485,-0.01,9.2,1
1564073833,35.2181177,-97.42357711,0.9,2.060097,9,330,-2.487,-0.004,9.256,1
1564073834,35.21812791,-97.42358211,0.8,1.3505925,9,330,-2.401,0.048,9.34,1
1564073835,35.21812791,-97.42358211,0.8,1.3505925,9,330,-3.054,-0.366,9.126,1
1564073836,35.21812791,-97.42358211,0.8,1.3505925,9,330,-3.149,-0.419,9.065,1
1564073837,35.21812791,-97.42358211,0.8,1.3505925,9,330,-3.149,-0.437,9.043,1
1564073838,35.21812791,-97.42358211,0.8,1.3505925,9,330,-3.182,-0.428,9.056,1
1564073839,35.21812791,-97.42358211,0.8,1.3505925,9,330,-3.168,-0.437,9.056,1
1564073840,35.21813314,-97.42357268,0,0,3,331,-3.163,-0.442,9.065,1
1564073841,35.21813314,-97.42357268,0,0,3,331,-3.16,-0.443,9.049,1
1564073842,35.21813314,-97.42357268,0,0,3,331,-3.172,-0.432,9.051,1
1564073843,35.21813314,-97.42357268,0,0,3,331,-3.169,-0.434,9.051,1
1564073844,35.21813314,-97.42357268,0,0,3,331,-3.164,-0.432,9.032,1
1564073845,35.21813314,-97.42357268,0,0,3,331,-3.175,-0.431,9.028,1
1564073846,35.21813314,-97.42357268,0,0,3,331,-3.17,-0.433,9.049,1
1564073847,35.21813314,-97.42357268,0,0,3,331,-3.173,-0.432,9.031,1
1564073848,35.21813314,-97.42357268,0,0,3,331,-3.167,-0.444,9.064,1
1564073849,35.21813314,-97.42357268,0,0,3,331,-3.174,-0.43,9.015,1
1564073850,35.21813314,-97.42357268,0,0,3,331,-3.162,-0.437,9.043,1
1564073851,35.21813314,-97.42357268,0,0,3,331,-3.172,-0.441,9.04,1
1564073852,35.21813314,-97.42357268,0,0,3,331,-3.166,-0.432,9.038,1
1564073853,35.21813314,-97.42357268,0,0,3,331,-3.147,-0.446,9.041,1
1564073854,35.21813314,-97.42357268,0,0,3,331,-3.17,-0.442,9.04,1
1564073855,35.21813314,-97.42357268,0,0,3,331,-3.159,-0.449,9.04,1
1564073856,35.21813314,-97.42357268,0,0,3,331,-3.171,-0.432,9.019,1
1564073858,35.21813314,-97.42357268,0,0,3,331,-3.172,-0.436,9.069,1
1564073859,35.21813314,-97.42357268,0,0,3,331,-3.168,-0.434,9.054,1
1564073860,35.21813314,-97.42357268,0,0,3,331,-3.157,-0.444,9.072,1
1564073861,35.21813314,-97.42357268,0,0,3,331,-3.146,-0.446,9.069,1
1564073862,35.21813314,-97.42357268,0,0,3,331,-3.176,-0.433,9.058,1
1564073863,35.21813314,-97.42357268,0,0,3,331,-3.157,-0.433,9.061,1
1564073864,35.21813314,-97.42357268,0,0,3,331,-3.179,-0.431,9.025,1
1564073865,35.21813314,-97.42357268,0,0,3,331,-3.153,-0.451,9.04,1
1564073866,35.21813314,-97.42357268,0,0,3,331,-3.183,-0.425,9.03,1
1564073867,35.21813314,-97.42357268,0,0,3,331,-3.178,-0.427,9.017,1
1564073868,35.21813314,-97.42357268,0,0,3,331,-3.154,-0.439,9.032,1
1564073869,35.21813314,-97.42357268,0,0,3,331,-3.176,-0.429,9.021,1
1564073870,35.21813314,-97.42357268,0,0,3,331,-3.17,-0.438,9.035,1
1564073871,35.21813314,-97.42357268,0,0,3,331,-3.16,-0.441,9.027,1
1564073872,35.21813314,-97.42357268,0,0,3,331,-3.175,-0.436,9.032,1
1564073873,35.21813314,-97.42357268,0,0,3,331,-3.167,-0.437,9.025,1
1564073874,35.21813314,-97.42357268,0,0,3,331,-3.164,-0.442,9.043,1
1564073875,35.21813314,-97.42357268,0,0,3,331,-3.16,-0.439,9.066,1
1564073876,35.21813314,-97.42357268,0,0,3,331,-3.16,-0.442,9.051,1
1564073877,35.21813314,-97.42357268,0,0,3,331,-3.15,-0.441,9.066,1
1564073878,35.21813314,-97.42357268,0,0,3,331,-3.178,-0.439,9.062,1
1564073879,35.21813314,-97.42357268,0,0,3,331,-3.167,-0.44,9.064,1
1564073880,35.21813314,-97.42357268,0,0,3,331,-3.157,-0.436,9.071,1
1564073881,35.21813314,-97.42357268,0,0,3,331,-3.169,-0.437,9.044,1
1564073882,35.21813314,-97.42357268,0,0,3,331,-3.173,-0.447,9.077,1
1564073883,35.21813314,-97.42357268,0,0,3,331,-3.166,-0.445,9.053,1
1564073884,35.21813314,-97.42357268,0,0,3,331,-3.173,-0.441,9.037,1
1564073885,35.21813314,-97.42357268,0,0,3,331,-3.164,-0.443,9.041,1
1564073886,35.21813314,-97.42357268,0,0,3,331,-3.175,-0.434,9.038,1
1564073887,35.21813314,-97.42357268,0,0,3,331,-3.164,-0.44,9.003,1
1564073888,35.21813314,-97.42357268,0,0,3,331,-3.167,-0.437,9.046,1
1564073889,35.21813314,-97.42357268,0,0,3,331,-3.166,-0.426,9.024,1
1564073890,35.21813314,-97.42357268,0,0,3,331,-3.165,-0.436,9.051,1
1564073891,35.21813314,-97.42357268,0,0,3,331,-3.161,-0.445,9.019,1
1564073892,35.21813314,-97.42357268,0,0,3,331,-3.164,-0.434,9.068,1
1564073893,35.21813314,-97.42357268,0,0,3,331,-3.172,-0.437,9.065,1
1564073894,35.21813314,-97.42357268,0,0,3,331,-3.175,-0.426,9.056,1
1564073895,35.21813314,-97.42357268,0,0,3,331,-3.16,-0.445,9.066,1
1564073896,35.21813314,-97.42357268,0,0,3,331,-3.188,-0.431,9.024,1
1564073897,35.21813314,-97.42357268,0,0,3,331,-3.182,-0.436,9.047,1
1564073898,35.21813314,-97.42357268,0,0,3,331,-3.15,-0.45,9.046,1
1564073899,35.21813314,-97.42357268,0,0,3,331,-3.176,-0.433,9.024,1
1564073900,35.21813314,-97.42357268,0,0,3,331,-3.177,-0.43,9.02,1
1564073901,35.21813314,-97.42357268,0,0,3,331,-3.148,-0.447,9.04,1
1564073902,35.21813314,-97.42357268,0,0,3,331,-3.177,-0.431,9.045,1
1564073903,35.21813314,-97.42357268,0,0,3,331,-3.183,-0.441,9.035,1
1564073904,35.21813314,-97.42357268,0,0,3,331,-3.152,-0.458,9.064,1
1564073905,35.21813314,-97.42357268,0,0,3,331,-3.191,-0.425,9.078,1
1564073906,35.21813314,-97.42357268,0,0,3,331,-3.176,-0.43,9.054,1
1564073907,35.21813314,-97.42357268,0,0,3,331,-3.149,-0.449,9.068,1
1564073908,35.21813314,-97.42357268,0,0,3,331,-3.176,-0.427,9.021,1
1564073909,35.21813314,-97.42357268,0,0,3,331,-3.163,-0.453,9.031,1
1564073910,35.21813314,-97.42357268,0,0,3,331,-3.149,-0.451,9.018,1
1564073911,35.21813314,-97.42357268,0,0,3,331,-3.181,-0.435,9.047,1
1564073912,35.21813314,-97.42357268,0,0,3,331,-3.163,-0.45,9.069,1
1564073913,35.21813314,-97.42357268,0,0,3,331,-3.167,-0.442,9.053,1
1564073914,35.21813314,-97.42357268,0,0,3,331,-3.172,-0.438,9.067,1
1564073915,35.21813314,-97.42357268,0,0,3,331,-3.174,-0.422,9.038,1
1564073917,35.21813314,-97.42357268,0,0,3,331,-3.171,-0.44,9.055,1
1564073918,35.21813314,-97.42357268,0,0,3,331,-3.157,-0.441,9.038,1
1564073919,35.21813314,-97.42357268,0,0,3,331,-3.192,-0.429,9.041,1
1564073920,35.21813314,-97.42357268,0,0,3,331,-3.178,-0.435,9.031,1
1564073921,35.21813314,-97.42357268,0,0,3,331,-3.257,-0.522,9.076,1
1564073922,35.21813314,-97.42357268,0,0,3,331,-4.124,-1.003,8.673,1
1564073923,35.21815794,-97.42356991,1.3,1.29062,3,331,-4.521,-1.238,8.486,1
1564073924,35.2181819,-97.42356956,1.3,2.4110165,3,331,-4.291,-1.144,8.537,1
1564073925,35.21821418,-97.42357708,353.9,3.5217183,3,331,-4.393,-1.134,8.663,1
1564073926,35.21826619,-97.42357597,1,5.07142,3,332,-4.447,-0.879,8.776,1
1564073927,35.21832872,-97.42357609,0,6.5810943,3,332,-4.265,-0.956,8.62,1
1564073928,35.2184023,-97.42358015,359.7,7.8001027,3,332,-4.153,-1.034,9.069,0
1564073929,35.21847688,-97.42358736,359.7,8.930022,3,332,-4.039,-0.925,8.532,0
1564073930,35.21856767,-97.42358095,0,9.960126,3,333,-3.924,-1.107,8.75,0
1564073931,35.2186678,-97.42358961,359.9,10.880225,3,333,-3.798,-1.036,8.514,0
1564073932,35.21877144,-97.4235973,0.1,11.750017,3,333,-3.813,-0.907,8.985,0
1564073933,35.21888224,-97.42359017,359.8,12.610099,3,333,-3.958,-0.796,8.804,0
1564073934,35.21900282,-97.42358718,359.8,13.450133,3,333,-3.639,-0.592,8.796,0
1564073935,35.21913128,-97.42358102,0.2,13.960129,3,333,-3.641,-0.614,9.002,0
1564073936,35.21926353,-97.42357817,0.7,14.460087,3,333,-3.64,-0.753,9.2,1
1564073937,35.21940239,-97.4235751,0.7,15.120212,3,333,-3.27,-0.536,9.115,1
1564073938,35.21955372,-97.42357601,0.5,15.59008,3,333,-3.465,-0.621,9.187,1
1564073939,35.21969794,-97.42357413,0.3,15.830154,3,333,-3.5,-0.66,8.947,1
1564073940,35.21984959,-97.42357538,0.4,16.320196,3,333,-3.601,-0.579,8.683,1
1564073941,35.21999681,-97.42357438,0.4,16.780584,3,333,-3.436,-0.477,8.592,1
1564073942,35.22015555,-97.42357314,0.3,17.17042,3,333,-2.986,-0.561,9.575,0
1564073943,35.22031156,-97.42357148,0.3,17.25049,3,333,-2.904,-0.496,9.067,0
1564073944,35.22046422,-97.42356802,0.2,17.020355,3,334,-3.191,-0.63,8.932,0
1564073945,35.2206123,-97.42357286,0.1,17.070421,3,334,-3.299,-0.809,9.126,0
1564073946,35.22076615,-97.42357216,0,17.28029,3,334,-3.431,-0.842,8.899,0
1564073947,35.22092559,-97.42357434,359.4,17.600481,3,334,-3.223,-0.61,9.08,0
1564073948,35.22108696,-97.42357533,359.3,17.79034,3,334,-3.223,-0.356,9.172,0
1564073949,35.22124804,-97.42357961,359.5,17.840338,3,334,-3.402,-0.787,9.147,0
1564073950,35.22140847,-97.42358259,359.6,18.010544,3,334,-3.565,-0.574,9.264,0
1564073951,35.22157132,-97.4235822,359.9,18.150276,3,334,-3.239,-0.433,8.871,0
1564073952,35.22173872,-97.4235814,0.2,18.400133,3,334,-2.924,-0.407,9.448,0
1564073953,35.22190479,-97.42357623,0.3,18.290396,3,334,-2.742,-0.244,8.996,0
1564073954,35.22206848,-97.42357437,0.3,18.080223,3,335,-2.706,-0.162,8.922,0
1564073955,35.22223022,-97.42357631,0.2,17.720282,3,334,-2.869,-0.299,9.029,0
1564073956,35.22238758,-97.42357145,0.3,17.520231,3,334,-3.085,-0.423,9.199,0
1564073957,35.22253694,-97.4235681,0.4,17.42007,3,335,-3.218,-0.553,8.888,0
1564073958,35.22285428,-97.42355979,1.2,17.55023,3,335,-3.218,-0.45,8.916,1
1564073959,35.22301643,-97.42355577,1.5,17.710634,3,336,-3.227,-0.522,9.009,1
1564073960,35.2231772,-97.42355099,1.6,17.840809,3,336,-3.153,-0.782,9.053,1
1564073961,35.22333814,-97.42354456,1.2,18.0104,3,336,-3.079,-0.701,9.199,1
1564073962,35.22350313,-97.42354333,0.6,17.920403,3,336,-2.765,-0.581,9.274,1
1564073963,35.22366455,-97.42354878,0.3,17.510345,3,335,-2.671,-0.377,9.55,0
1564073964,35.22381622,-97.4235478,0.4,17.120573,3,335,-2.675,-0.271,9.32,0
1564073965,35.22396251,-97.42354695,0.4,16.650675,3,336,-2.629,-0.315,9.189,0
1564073966,35.22410734,-97.42354749,0.4,16.170374,3,336,-2.692,-0.368,9.31,0
1564073967,35.22424989,-97.42354677,0.5,15.710319,3,336,-2.596,-0.257,9.253,0
1564073968,35.22438252,-97.42354508,0.6,15.200266,3,335,-2.584,-0.179,9.076,0
1564073969,35.22451284,-97.42354689,0.4,14.650577,3,335,-1.726,0.243,9.541,0
1564073970,35.22463076,-97.42354588,0.5,13.070137,3,335,-1.686,0.256,9.345,0
1564073971,35.22473587,-97.42354808,0.7,11.490156,3,335,-2.093,-0.013,9.538,1
1564073973,35.22482717,-97.42354336,0.7,10.53017,3,335,-1.757,0.16,9.398,1
1564073974,35.22490988,-97.42353629,0.8,9.020272,3,335,-2.124,0.039,9.493,1
1564073975,35.22498036,-97.42353476,0.6,7.8704066,3,334,-1.82,0.18,9.533,1
1564073976,35.22503421,-97.42353246,0.3,6.4102807,3,334,-1.833,0.189,9.431,1
1564073977,35.22507764,-97.42352666,0.3,4.9200916,3,335,-1.864,0.177,9.61,1
1564073978,35.22510813,-97.42352655,0,3.5400565,3,334,-2.278,0.02,9.446,1
1564073979,35.22512661,-97.42352381,0.5,2.64,3,334,-2.206,0.049,9.422,1
1564073980,35.22514132,-97.42352379,0.5,1.62,3,334,-2.382,-0.075,9.371,1
1564073981,35.22514132,-97.42352379,0.5,1.62,3,334,-2.667,-0.298,9.216,1
1564073982,35.22515138,-97.42352229,2.3,0.42,3,334,-2.952,-0.477,9.087,1
1564073983,35.22515138,-97.42352229,2.3,0.42,3,334,-3.024,-0.507,9.106,1
1564073984,35.22516084,-97.42351952,2.2,0.35057095,3,335,-3.261,-0.679,8.96,1
1564073985,35.22516084,-97.42351952,2.2,0.35057095,3,335,-3.292,-0.695,8.964,1
1564073986,35.2251721,-97.4235165,2.1,0.9600521,3,336,-3.966,-1.078,8.744,1
1564073987,35.225184,-97.4235172,0.6,1.7301157,3,335,-3.487,-0.766,8.87,1
1564073988,35.22520314,-97.42351674,0.6,2.3100865,3,336,-3.183,-0.634,9.118,1
1564073989,35.22522593,-97.42351679,1,2.4613004,3,335,-4.113,-1.192,8.687,1
1564073990,35.22525459,-97.42351694,0.5,3.41,3,336,-4.41,-1.26,8.577,1
1564073991,35.22529401,-97.42351787,0.6,4.8005104,3,336,-4.328,-1.223,8.672,1
1564073992,35.22536436,-97.42352205,0.7,6.5803723,3,337,-3.615,-0.828,8.837,1
1564073993,35.22543416,-97.42352287,0.3,7.240248,3,337,-3.556,-0.919,8.763,1
1564073994,35.22550565,-97.4235183,0.8,7.930025,3,337,-3.594,-1.054,9.088,1
1564073995,35.22558383,-97.42351675,0.7,8.510095,3,337,-3.763,-0.953,8.594,1
1564073996,35.22566884,-97.42351463,0.6,9.260345,3,337,-4.007,-1.072,8.641,1
1564073997,35.22575822,-97.42351584,0.5,10.330237,3,337,-4.061,-1.01,8.729,1
1564073998,35.22586095,-97.42351491,0.4,11.400355,3,337,-3.913,-1.137,8.623,1
1564073999,35.2259762,-97.42351196,0.6,12.4701,3,337,-3.931,-1.177,8.358,1
1564074000,35.22610582,-97.4235075,0.3,13.510181,3,337,-3.493,-0.783,8.907,1
1564074001,35.22624069,-97.4235055,0.1,14.180508,3,336,-3.392,-0.61,8.83,1
1564074002,35.2263745,-97.42351107,0.1,14.54022,3,336,-3.361,-0.694,8.772,1
1564074003,35.22651195,-97.42350794,0.2,14.950164,3,336,-3.078,-0.58,8.95,1
1564074004,35.22664841,-97.42351224,0,15.020084,3,336,-3.167,-0.616,8.941,1
1564074005,35.22678838,-97.42351346,0.4,15.180843,3,336,-3.341,-0.724,8.892,1
1564074006,35.22692957,-97.42350906,0.3,15.58008,3,336,-3.512,-0.815,8.678,1
1564074007,35.22707212,-97.42351001,0.2,16.090012,3,336,-3.497,-0.792,9.233,1
1564074008,35.22721697,-97.42350827,0.4,16.680243,3,337,-3.589,-0.862,8.77,1
1564074009,35.22737459,-97.42350394,0.5,17.230186,3,337,-3.524,-0.812,9.208,1
1564074010,35.22753606,-97.42350405,0.5,17.770102,3,337,-3.318,-0.723,8.949,1
1564074011,35.22769903,-97.42350558,0.5,18.150135,3,337,-3.303,-0.655,8.589,1
1564074012,35.22786164,-97.42350175,0.4,18.420273,3,337,-3.075,-0.631,9.193,1
1564074013,35.22802926,-97.42350619,0.2,18.770216,3,336,-2.97,-0.568,9.114,1
1564074014,35.22819908,-97.42350763,359.9,18.670269,3,336,-2.967,-0.468,9.306,1
1564074015,35.22837577,-97.42350283,359.7,18.580387,3,336,-3.095,-0.515,9.077,1
1564074016,35.22854548,-97.42350634,359.5,18.580097,3,336,-2.793,-0.223,9.228,1
1564074017,35.22887397,-97.42349702,359.9,18.240175,3,336,-2.891,-0.38,8.97,1
1564074018,35.22903457,-97.42349709,359.9,18.100334,3,336,-2.87,-0.347,9.213,1
1564074019,35.22919107,-97.42349458,0.3,17.88028,3,336,-3.097,-0.459,9.115,1
1564074020,35.22935031,-97.42349066,0.4,17.84018,3,337,-3.105,-0.508,9.053,1
1564074021,35.22950852,-97.42348721,0.4,17.810226,3,337,-3.045,-0.3,9.045,1
1564074022,35.2296685,-97.42348541,0.5,17.730282,3,337,-3.114,-0.517,9.193,1
1564074023,35.22983276,-97.42348506,0.7,17.650229,3,338,-2.807,-0.267,9.133,1
1564074024,35.22998377,-97.42347895,0.7,17.290417,3,338,-2.761,-0.304,9.348,1
1564074025,35.23013412,-97.4234771,0.7,17.03019,3,337,-3.079,-0.494,8.977,1
1564074026,35.23028798,-97.42347767,0.7,17.020294,3,337,-3.066,-0.387,9.182,1
1564074027,35.23044031,-97.42348456,0.7,16.970144,9,337,-2.941,-0.303,9.075,1
1564074028,35.23059534,-97.42348103,0.7,17.050144,9,338,-3.078,-0.38,8.786,1
1564074029,35.23074413,-97.4234824,0.6,17.080105,9,338,-3.073,-0.315,8.862,1
1564074030,35.23089892,-97.42348212,0.8,17.050026,9,338,-2.963,-0.291,9.115,1
1564074031,35.23105422,-97.42347528,0.7,17.000011,9,338,-3.005,-0.432,9.309,0
1564074033,35.23120491,-97.42347289,0.7,17.130072,9,338,-3.118,-0.339,8.638,0
1564074034,35.23136162,-97.42346637,1.4,17.410233,9,338,-3.149,-0.05,8.395,0
1564074035,35.23151968,-97.4234614,1.9,17.56001,9,338,-2.694,-0.046,8.051,0
1564074036,35.2316814,-97.42345235,1.8,17.930138,9,339,-3.032,-0.827,9.494,0
1564074037,35.23184196,-97.42344585,1.2,17.950336,9,339,-2.925,-0.07,9.772,0
1564074038,35.2320043,-97.4234397,1,17.62048,9,339,-2.983,-0.398,8.975,0
1564074039,35.23216391,-97.42343784,1,17.580284,9,339,-3.007,-0.735,8.695,0
1564074040,35.23231778,-97.4234392,0.8,17.580729,9,339,-2.789,-0.838,9.183,0
1564074041,35.23247789,-97.42344069,0.6,17.571255,9,340,-2.814,-0.723,8.552,0
1564074042,35.23263648,-97.42344358,0.5,17.600922,9,340,-2.869,-0.534,8.38,0
1564074043,35.23279581,-97.4234391,0.3,17.691021,9,340,-3.55,-0.372,8.99,0
1564074044,35.23295808,-97.423438,0.3,17.80063,9,340,-3.493,-0.754,9.193,0
1564074045,35.23311848,-97.42344163,0.4,17.950178,9,341,-3.402,-0.754,9.306,0
1564074046,35.23327935,-97.423436,0.4,18.180025,9,341,-3.298,-0.814,9.322,0
1564074047,35.23344968,-97.42343855,0.2,18.3701,9,341,-3.514,-0.894,8.853,0
1564074048,35.23362253,-97.4234382,359.8,18.80013,9,341,-3.762,-1.143,9.467,0
1564074049,35.2338006,-97.42343964,359.5,19.400093,3,341,-3.484,-0.812,8.802,0
1564074050,35.23398008,-97.42344583,359.2,19.870125,3,341,-3.097,-0.837,9.03,0
1564074051,35.23416231,-97.42345178,358.7,20.16001,3,341,-3.236,-0.879,9.326,0
1564074052,35.23434908,-97.42345698,358.2,20.41001,3,340,-3.311,-0.64,9.005,0
1564074053,35.23453689,-97.42346624,358.3,20.870155,3,340,-2.906,-0.424,9.161,0
1564074054,35.23472809,-97.42347289,358.6,20.870062,3,341,-2.654,-0.336,9.081,0
1564074055,35.2349121,-97.42348241,358.5,20.620062,3,341,-2.875,-0.359,9.144,0
1564074056,35.23509567,-97.42348415,358.5,20.500296,3,341,-2.902,-0.294,9.136,1
1564074057,35.23528315,-97.42348974,358.7,20.380295,3,340,-2.724,-0.098,8.854,1
1564074058,35.23545836,-97.42349486,358.9,20.11036,3,340,-2.935,-0.122,8.801,1
1564074059,35.23563469,-97.42349933,359.1,19.920202,3,340,-2.926,-0.15,8.959,1
1564074060,35.23581336,-97.42350507,359.4,19.800253,3,339,-2.88,-0.286,8.736,1
1564074061,35.2359914,-97.4235045,359.4,19.700125,3,340,-2.877,-0.295,8.888,1
1564074062,35.23617215,-97.42350768,359.5,19.720161,3,340,-2.943,-0.304,9.173,1
1564074063,35.23635084,-97.42351391,359.5,19.780064,3,340,-2.909,-0.374,9.021,1
1564074064,35.23653182,-97.4235181,359.6,19.760063,3,340,-2.951,-0.374,9.033,1
1564074065,35.23670777,-97.42351854,359.6,19.59,3,340,-2.829,-0.431,9.1,1
1564074066,35.23687851,-97.42352269,359.5,19.430023,3,340,-2.946,-0.307,9.245,1
1564074067,35.23705251,-97.42352251,359.6,19.31004,3,340,-2.876,-0.275,9.055,1
1564074068,35.23722541,-97.42352446,359.5,19.080261,3,340,-3.163,-0.437,9.063,1
1564074069,35.23740024,-97.42352225,359.5,19.160261,3,341,-3.449,-0.589,8.94,1
1564074070,35.23757452,-97.4235264,359.4,19.470503,3,341,-3.545,-0.57,8.781,1
1564074071,35.23775407,-97.42353075,359.9,19.990202,3,340,-3.452,-0.72,8.928,1
1564074072,35.23793584,-97.42353279,359.8,20.430552,3,340,-3.504,-0.833,9.096,1
1564074073,35.23812467,-97.42353823,359.8,20.910538,3,340,-3.188,-0.682,9.044,1
1564074074,35.23831911,-97.42354276,359.6,21.200605,3,341,-3.301,-0.676,9.223,1
1564074075,35.23850921,-97.42354094,359.4,21.28046,3,342,-2.933,-0.417,9.055,1
1564074076,35.23888864,-97.42354017,359.5,21.07095,3,342,-2.79,-0.389,9.153,1
1564074077,35.23907737,-97.42353753,359.5,20.69117,3,342,-2.92,-0.398,9.198,1
1564074078,35.23926323,-97.42353938,359.5,20.531288,3,342,-2.988,-0.414,9.032,1
1564074079,35.23945042,-97.4235426,359.6,20.401186,3,343,-3.167,-0.538,9.451,1
1564074080,35.23963348,-97.42354738,359.6,20.401081,3,343,-3.219,-0.588,9.162,1
1564074081,35.23982126,-97.42354519,359.6,20.51088,3,343,-3.163,-0.51,9.002,1
1564074082,35.24000577,-97.42354394,359.6,20.590973,3,343,-3.283,-0.674,9.301,1
1564074083,35.24018855,-97.42354546,359.5,20.671066,3,344,-3.187,-0.546,9.077,1
1564074084,35.24037512,-97.42354605,359.5,20.76087,3,344,-3.136,-0.535,8.938,1
1564074085,35.24056255,-97.42354613,359.4,20.880468,3,344,-3.095,-0.427,8.766,1
1564074086,35.24075822,-97.42355106,359.4,21.000238,3,344,-3.201,-0.499,9.068,1
1564074087,35.24094905,-97.42355381,359.4,21.140085,3,344,-3.184,-0.513,8.813,1
1564074088,35.2411448,-97.42355145,359.5,21.290022,3,344,-2.892,-0.354,8.971,1
1564074089,35.24133761,-97.42354752,359.8,21.18001,3,344,-2.833,-0.268,8.958,1
1564074091,35.24152817,-97.42354637,0,20.910238,3,343,-2.818,-0.317,8.858,1
1564074092,35.2417162,-97.42354787,0,20.840614,3,343,-2.784,-0.154,8.951,1
1564074093,35.24189542,-97.42355093,0.1,20.630474,3,343,-2.69,-0.285,9.252,1
1564074094,35.24208106,-97.42354787,359.9,20.441078,3,343,-2.635,-0.374,9.275,1
1564074095,35.24226428,-97.42355194,359.5,20.2418,3,342,-2.85,-0.524,9.109,1
1564074096,35.24245128,-97.42355397,359.3,20.351927,3,342,-3.082,-0.502,9.133,1
1564074097,35.24263285,-97.42355568,359,20.702322,3,342,-3.242,-0.391,9.049,1
1564074098,35.24282256,-97.42355903,359.4,21.120686,3,342,-3.077,-0.211,8.991,1
1564074099,35.24302038,-97.42355678,359.7,21.320938,3,341,-2.918,-0.215,9.147,1
1564074100,35.24320976,-97.42355764,359.8,21.29068,3,341,-3.052,-0.258,9.497,1
1564074101,35.24339648,-97.42355986,0.1,21.18034,3,341,-3.107,-0.114,9.391,0
1564074102,35.24358415,-97.4235598,0.5,21.250084,3,340,-3.175,-0.092,8.916,0
1564074103,35.2437732,-97.4235573,1.2,21.390083,3,340,-3.128,-0.258,9.107,0
1564074104,35.24396688,-97.42355287,1.4,21.550232,3,339,-3.018,-0.414,8.923,0
1564074105,35.24416397,-97.4235453,1.2,21.610188,3,339,-3.013,-0.204,9.15,0
1564074106,35.24435841,-97.42354304,1.2,21.55002,3,339,-3.04,-0.252,9.139,0
1564074107,35.24455415,-97.42353721,1.4,21.41002,3,339,-2.959,-0.115,9.111,0
1564074108,35.24474518,-97.42353205,1.9,21.180191,3,339,-3.122,-0.521,9.356,0
1564074109,35.24493209,-97.42352714,1.9,21.151043,3,339,-3.121,-0.474,9.096,1
1564074110,35.24511991,-97.42351851,2,21.073074,3,339,-2.984,-0.339,9.212,1
1564074111,35.24531037,-97.42350737,2.2,20.77445,3,340,-2.788,-0.14,9.31,1
1564074112,35.24548603,-97.42349674,2.4,20.134174,3,341,-2.716,-0.294,9.249,1
1564074113,35.24566673,-97.42349283,2.4,19.5623,3,341,-2.688,-0.392,9.102,1
1564074114,35.24584287,-97.42348705,2.2,19.061049,3,341,-2.307,-0.102,9.133,1
1564074115,35.24601101,-97.42347884,2.2,18.440098,3,341,-2.2,0.187,8.894,1
1564074116,35.24616053,-97.42347478,2.1,17.25,3,341,-2.088,0.359,9.302,1
1564074117,35.2463073,-97.42347104,2.5,16.30001,3,342,-1.527,0.473,9.459,1
1564074118,35.24644968,-97.42346971,0.1,15.830809,3,343,-2.285,-0.225,9.245,1
1564074119,35.24656637,-97.42346103,1.8,13.921739,3,344,-1.549,0.075,9.659,1
1564074120,35.24668295,-97.42346637,0.9,12.980096,3,344,-1.484,0.357,9.507,1
1564074121,35.24676942,-97.42347344,0.3,10.960292,3,345,-1.235,0.448,9.642,1
1564074122,35.24685445,-97.42346214,0,9.361201,3,344,-1.318,0.584,9.649,1
1564074123,35.2469309,-97.42345966,359.5,7.6701627,3,344,-1.264,0.66,9.704,1
1564074124,35.24698269,-97.42346244,359.1,5.9219003,3,343,-1.134,0.7,9.817,1
1564074125,35.24701872,-97.42346608,359.6,3.969194,3,343,-1.74,0.346,9.595,1
1564074126,35.24703727,-97.4234655,359.6,2.490723,3,344,-1.816,0.276,9.537,1
1564074127,35.24705251,-97.42346279,359.6,1.5901258,3,343,-2.119,0.137,9.415,1
1564074128,35.24705251,-97.42346279,359.6,1.5901258,3,343,-2.156,0.124,9.395,1
1564074129,35.24705251,-97.42346279,359.6,1.5901258,3,343,-2.643,-0.17,9.281,1
1564074130,35.24705251,-97.42346279,359.6,1.5901258,3,343,-2.694,-0.2,9.2,1
1564074131,35.24705251,-97.42346279,359.6,1.5901258,3,343,-2.734,-0.214,9.242,1
1564074132,35.24705251,-97.42346279,359.6,1.5901258,3,343,-2.726,-0.219,9.237,1
1564074133,35.24705251,-97.42346279,359.6,1.5901258,3,343,-2.735,-0.209,9.2,1
1564074134,35.24705251,-97.42346279,359.6,1.5901258,3,343,-2.736,-0.215,9.231,1
1564074135,35.24705251,-97.42346279,359.6,1.5901258,3,343,-2.74,-0.213,9.232,1
1564074136,35.24705251,-97.42346279,359.6,1.5901258,3,343,-2.729,-0.216,9.231,1
1564074137,35.24705458,-97.42345146,0,0,3,342,-2.722,-0.215,9.226,1
1564074138,35.24705458,-97.42345146,0,0,3,342,-2.724,-0.218,9.215,1
1564074139,35.24705458,-97.42345146,0,0,3,342,-2.734,-0.205,9.19,1
1564074140,35.24705458,-97.42345146,0,0,3,342,-2.724,-0.218,9.261,1
1564074141,35.24705458,-97.42345146,0,0,3,342,-2.718,-0.217,9.202,1
1564074142,35.24705458,-97.42345146,0,0,3,342,-2.726,-0.22,9.241,1
1564074143,35.24705458,-97.42345146,0,0,3,342,-2.733,-0.209,9.198,1
1564074144,35.24705458,-97.42345146,0,0,3,342,-2.71,-0.228,9.236,1
1564074145,35.24705458,-97.42345146,0,0,3,342,-2.723,-0.221,9.248,1
1564074146,35.24705458,-97.42345146,0,0,3,342,-2.716,-0.218,9.223,1
1564074147,35.24705458,-97.42345146,0,0,3,342,-2.722,-0.226,9.25,1
1564074148,35.24705458,-97.42345146,0,0,3,342,-2.73,-0.214,9.209,1
1564074149,35.24705458,-97.42345146,0,0,3,342,-2.718,-0.224,9.251,1
1564074151,35.24705458,-97.42345146,0,0,3,342,-2.743,-0.22,9.234,1
1564074152,35.24705458,-97.42345146,0,0,3,342,-2.743,-0.213,9.194,1
1564074153,35.24705458,-97.42345146,0,0,3,342,-2.737,-0.231,9.251,1
1564074154,35.24705458,-97.42345146,0,0,3,342,-2.745,-0.209,9.232,1
1564074155,35.24705458,-97.42345146,0,0,3,342,-2.723,-0.242,9.237,1
1564074156,35.24705458,-97.42345146,0,0,3,342,-2.744,-0.214,9.221,1
1564074157,35.24705458,-97.42345146,0,0,3,342,-2.72,-0.225,9.22,1
1564074158,35.24705458,-97.42345146,0,0,3,342,-3.007,-0.375,9.107,1
1564074159,35.24705458,-97.42345146,0,0,3,342,-3.721,-0.802,8.773,1
1564074160,35.24706684,-97.42344901,0.5,1.5402921,3,342,-4.622,-1.318,8.478,1
1564074161,35.24710469,-97.42344775,359.7,3.95081,3,342,-4.675,-1.433,8.35,1
1564074162,35.2471605,-97.42344586,358.5,6.3813243,3,342,-4.57,-1.276,8.466,1
1564074163,35.24724102,-97.423449,359,8.602564,3,342,-4.043,-1.189,8.692,1
1564074164,35.24733214,-97.42345302,358.6,10.342133,3,342,-4.124,-1.147,8.67,1
1564074165,35.24743865,-97.42345385,358.4,12.133231,3,342,-4.163,-1.19,8.644,1
1564074166,35.24757121,-97.42345715,358.1,13.922619,3,342,-4.156,-1.079,8.461,1
1564074167,35.24771762,-97.42345799,358.1,15.602004,3,341,-3.884,-0.947,8.675,1
1564074168,35.24787436,-97.42347025,357.8,16.872324,3,340,-3.486,-1.043,8.945,1
1564074169,35.24803412,-97.42348207,356.8,17.821123,3,340,-3.522,-1.053,8.918,1
1564074170,35.24819756,-97.42349694,356.2,18.47027,3,339,-3.777,-0.822,9.198,1
1564074171,35.24837235,-97.42351484,355.7,19.440023,3,340,-3.929,-0.595,9.036,0
1564074172,35.24855157,-97.42353084,356.4,20.150122,3,340,-3.753,-0.415,9.258,0
1564074173,35.24873915,-97.42354128,357.2,20.620703,3,340,-3.539,-0.475,8.854,0
1564074174,35.24893211,-97.42355411,357.8,20.872017,3,340,-3.504,-0.736,9.268,0
1564074175,35.24912179,-97.42356208,357.8,21.143784,3,341,-3.5,-0.653,8.648,0
1564074176,35.24931583,-97.42357316,357.8,21.453367,3,341,-3.562,-0.609,8.538,0
1564074177,35.2495097,-97.42358468,358,21.841925,3,342,-3.277,-0.359,8.644,0
1564074178,35.24971289,-97.42359057,358.3,22.08051,3,342,-3.297,-0.371,8.894,0
1564074179,35.24991094,-97.42359836,358.5,22.19008,3,342,-3.073,-0.214,9.062,0
1564074180,35.2501092,-97.42360184,359,22.180058,3,341,-3.103,-0.22,9.246,1
1564074181,35.25031582,-97.42359682,359.3,22.200994,3,341,-3.052,-0.46,8.949,1
1564074182,35.25052575,-97.42360531,359.1,22.480888,3,341,-2.883,-0.388,9.307,1
1564074183,35.2507297,-97.42360837,359.3,22.612867,3,340,-2.922,-0.518,9.348,0
1564074184,35.25093523,-97.42360891,359.5,22.511742,3,339,-3.168,-0.536,9.295,0
1564074185,35.25114051,-97.42360756,359.5,22.590141,3,339,-3.035,-0.462,9.186,0
1564074186,35.25135379,-97.42359912,359.6,22.680035,3,339,-2.788,-0.378,9.194,0
1564074187,35.25155139,-97.42360509,359.7,22.430037,3,339,-3.08,-0.493,9.303,0
1564074188,35.25175371,-97.42360519,359.6,22.162764,3,339,-3.072,-0.325,9.577,0
1564074189,35.25194917,-97.4236074,359.7,22.015678,3,340,-2.923,-0.14,9.227,0
1564074190,35.25213997,-97.42361016,0,21.42956,3,340,-2.917,-0.15,9.173,0
1564074191,35.25232408,-97.42360612,0.3,20.639015,3,341,-2.871,-0.024,9.382,0
1564074192,35.25267525,-97.42360405,1,19.127909,3,342,-2.741,-0.111,9.096,0
1564074193,35.25284239,-97.42360018,1,18.327665,3,343,-2.472,-0.165,9.315,0
1564074194,35.25299158,-97.42359626,0.8,16.7963,3,343,-1.951,0.238,9.47,0
1564074195,35.25312742,-97.42358785,0.9,15.275504,3,343,-2.61,-0.141,9.155,0
1564074196,35.25325988,-97.4235849,1.1,14.55289,3,344,-2.91,-0.404,8.914,1
1564074197,35.25338951,-97.42358031,1,14.542507,3,344,-3.203,-0.647,9.009,1
1564074198,35.25351567,-97.42357657,0.5,14.64249,3,344,-3.152,-0.674,8.952,1
1564074199,35.25364592,-97.42357729,0.1,14.561663,3,345,-2.762,-0.397,9.085,1
1564074200,35.2537758,-97.42358258,359.8,14.181706,3,345,-2.965,-0.397,8.959,1
1564074201,35.25389468,-97.42357855,359.8,13.911585,3,345,-2.795,-0.263,9.097,1
1564074202,35.25401643,-97.4235828,359.9,13.641323,3,345,-3.115,-0.502,9.156,1
1564074203,35.25413715,-97.42358609,359.9,13.6106205,3,346,-3.152,-0.541,8.931,1
1564074204,35.25425945,-97.42358301,359.9,13.60053,3,346,-3.128,-0.464,8.789,1
1564074206,35.25437763,-97.42358761,359.6,13.710364,3,346,-3.298,-0.55,8.908,1
1564074207,35.25450423,-97.42358562,359.4,14.010033,3,346,-3.331,-0.569,8.969,1
1564074208,35.25463183,-97.42358325,359.5,14.5,3,346,-3.665,-0.758,8.997,1
1564074209,35.25477409,-97.42358542,359.4,15.350053,3,346,-3.793,-0.829,8.723,1
1564074210,35.25491953,-97.42358879,359.2,16.270308,3,347,-3.634,-0.793,8.856,1
1564074211,35.25507193,-97.42359641,358.9,17.161165,3,346,-3.729,-0.848,8.783,1
1564074212,35.25523477,-97.42360113,358.5,18.11146,3,346,-3.652,-0.74,8.906,1
1564074213,35.25540535,-97.423608,358.4,19.06236,3,345,-3.594,-0.774,8.714,1
1564074214,35.25558552,-97.42361794,358.4,20.01462,3,344,-3.588,-0.568,8.779,1
1564074215,35.25577637,-97.42363107,358.6,20.975044,3,344,-3.131,-0.26,9.13,1
1564074216,35.25597337,-97.42363408,359.1,21.463726,3,344,-3.119,-0.477,9.175,1
1564074217,35.25617434,-97.42363415,359.3,21.784445,3,342,-3.036,-0.426,8.956,0
1564074218,35.25637522,-97.42363825,359.5,22.105213,3,341,-2.732,-0.385,9.444,0
1564074219,35.2565734,-97.42364314,359.4,22.205189,3,341,-2.728,-0.352,9.062,0
1564074220,35.25677067,-97.42364147,359.4,22.176098,3,341,-2.782,-0.261,9.092,0
1564074221,35.25696883,-97.42364172,359.3,22.234758,3,340,-2.981,-0.249,8.957,0
1564074222,35.25717319,-97.42363731,359.4,22.45492,3,340,-2.866,-0.079,9.2,0
1564074223,35.25737568,-97.42363571,359.7,22.486013,3,339,-2.765,-0.254,8.972,0
1564074224,35.25758126,-97.42363314,359.8,22.44535,3,338,-2.579,-0.331,9.23,1
1564074225,35.25778193,-97.42363453,359.5,22.445133,3,337,-2.644,-0.341,8.906,1
1564074226,35.25798176,-97.4236372,359.2,22.41514,3,336,-2.649,-0.185,9.417,1
1564074227,35.25818517,-97.42364304,359.1,22.385363,3,335,-2.742,-0.186,9.272,1
1564074228,35.25838641,-97.42364221,359.2,22.396753,3,335,-2.683,-0.248,9.135,1
1564074229,35.25859358,-97.42364652,359.3,22.397772,3,334,-2.799,-0.169,9.457,1
1564074230,35.25879904,-97.42365527,359.3,22.397253,3,333,-2.756,-0.282,9.62,0
1564074231,35.25899903,-97.42365991,359.4,22.387005,3,332,-2.711,-0.166,9.612,0
1564074232,35.25919771,-97.42366149,359.3,22.37515,3,330,-2.784,-0.126,9.438,0
1564074233,35.25940148,-97.42365988,359.4,22.313766,3,329,-2.715,-0.027,9.083,0
1564074234,35.25960452,-97.42366899,359.5,22.243246,3,329,-2.024,0.287,9.414,0
1564074235,35.25979667,-97.42367401,359.8,21.743149,3,329,-1.684,0.279,9.786,0
1564074236,35.25997421,-97.42367333,0.2,20.333187,3,328,-2.486,0.07,9.473,0
1564074237,35.26014607,-97.42367122,0.6,19.423338,3,328,-2.614,-0.183,9.339,0
1564074238,35.26032459,-97.4236704,0.7,19.322817,3,327,-1.56,0.376,9.763,0
1564074239,35.26048854,-97.4236651,0.5,18.23215,3,326,-1.204,0.55,10.038,0
1564074240,35.26063537,-97.42366067,0.2,16.301916,3,326,-2.172,-0.116,9.695,0
1564074241,35.26076536,-97.4236662,359.8,14.761354,3,327,-2.051,-0.13,9.514,0
1564074242,35.26089458,-97.42366554,359.6,14.4211235,3,326,-1.619,0.444,9.38,0
1564074243,35.26100551,-97.42367374,359.5,13.110747,3,326,-1.481,0.409,9.728,0
1564074244,35.26111175,-97.42367288,0,11.550525,3,325,-1.552,0.422,9.754,0
1564074245,35.2611975,-97.42367654,0,9.900505,3,325,-1.732,0.247,9.516,0
1564074246,35.26127364,-97.4236792,0,8.420095,3,325,-1.874,0.231,9.647,0
1564074247,35.26133884,-97.42367517,359.4,7.0700283,3,324,-1.951,0.283,9.555,0
1564074248,35.26139012,-97.42367233,359.7,5.880213,3,325,-1.747,0.368,9.538,1
1564074249,35.26145774,-97.42367232,359.5,3.18,3,326,-1.633,0.418,9.625,1
1564074250,35.26147462,-97.42368121,359.4,1.9400258,3,325,-2.414,-0.068,9.363,1
1564074251,35.26148793,-97.42367981,359.4,1.5002999,3,325,-2.573,-0.133,9.294,1
1564074252,35.26149673,-97.42367403,359.6,1.0100495,3,325,-2.441,-0.047,9.367,1
1564074253,35.26149673,-97.42367403,359.6,1.0100495,3,325,-2.67,-0.199,9.295,1
1564074254,35.26149673,-97.42367403,359.6,1.0100495,3,325,-2.904,-0.342,9.175,1
1564074255,35.26149673,-97.42367403,359.6,1.0100495,3,325,-2.961,-0.366,9.141,1
1564074256,35.26149673,-97.42367403,359.6,1.0100495,3,325,-2.96,-0.374,9.137,1
1564074257,35.26149673,-97.42367403,359.6,1.0100495,3,325,-2.966,-0.369,9.133,1
1564074258,35.26149673,-97.42367403,359.6,1.0100495,3,325,-3.079,-0.44,9.09,1
1564074259,35.26149673,-97.42367403,359.6,1.0100495,3,325,-3.489,-0.687,8.894,1
1564074260,35.26151115,-97.42367119,359.2,1.2803515,3,326,-4.481,-1.262,8.529,1
1564074261,35.26153398,-97.42367006,1.3,3.1903918,3,326,-4.854,-1.54,8.324,1
1564074262,35.26158295,-97.42367268,0.3,5.620142,3,326,-5.052,-1.674,8.251,1
1564074264,35.26166276,-97.42367384,0,8.110154,3,326,-4.749,-1.533,8.231,1
1564074265,35.26175868,-97.42368352,359.8,10.200078,3,326,-4.208,-1.223,8.699,1
1564074266,35.26186734,-97.42368173,359.6,11.610107,3,325,-4.209,-1.237,8.436,1
1564074267,35.26199554,-97.42369072,359.3,13.2,3,325,-4.183,-1.101,8.585,1
1564074268,35.26213078,-97.42368766,359.6,14.610218,3,325,-3.967,-1,8.529,1
1564074269,35.26227423,-97.42368464,359.7,15.93038,3,325,-3.92,-0.858,9.053,1
1564074270,35.26242424,-97.42368865,359.8,16.820667,3,325,-3.791,-0.909,8.795,1
1564074271,35.26258573,-97.42368579,359.5,17.730139,3,324,-3.795,-0.927,8.708,1
1564074272,35.26275811,-97.42368575,359.2,18.750523,3,323,-3.687,-0.876,8.677,1
1564074273,35.26293997,-97.42368762,359,19.780912,3,323,-3.809,-0.984,8.759,1
1564074274,35.2631265,-97.42369127,359.1,20.84175,3,322,-3.098,-0.44,8.971,1
1564074275,35.26331335,-97.42369216,359.2,21.153236,3,322,-3.302,-0.351,9.025,1
1564074276,35.26350679,-97.4236931,359.8,21.521954,3,322,-3.563,-0.371,9.101,0
1564074277,35.26370471,-97.4236901,0.2,21.980082,3,322,-3.472,-0.308,9.254,0
1564074278,35.26391256,-97.42368719,1.6,22.380436,3,321,-3.303,-0.533,9.034,0
1564074279,35.26411775,-97.42368022,1.7,22.630009,3,321,-3.293,-0.769,9.07,0
1564074280,35.26432375,-97.42367353,1.6,22.890034,3,322,-3.109,-0.77,8.859,0
1564074281,35.26452702,-97.42367102,0.9,22.92014,3,322,-2.899,-0.884,8.82,0
1564074282,35.26473534,-97.42367783,359.8,23.12002,3,323,-3.331,-0.863,9.282,0
1564074283,35.26494545,-97.42368258,359.1,23.290363,3,323,-3.285,-0.737,9.217,0
1564074284,35.26516298,-97.42369473,359,23.36293,3,324,-3.405,-0.638,9.151,0
1564074285,35.26537545,-97.42370109,359,23.386005,9,324,-3.439,-0.294,9.135,0
1564074286,35.26558367,-97.42370497,359.1,23.375565,9,325,-3.539,-0.559,8.946,0
1564074287,35.26579338,-97.42370702,359.6,23.434515,9,325,-3.293,-0.516,8.779,0
1564074288,35.26600312,-97.42370305,359.9,23.433586,9,326,-3.361,-0.6,8.893,0
1564074289,35.26621443,-97.42369563,0.1,23.630844,9,326,-3.102,-0.844,8.795,0
1564074290,35.26643482,-97.42369468,359.9,23.880074,9,326,-3.179,-0.836,8.616,0
1564074291,35.2666527,-97.42369043,359.9,24.180168,9,325,-3.287,-0.652,8.916,0
1564074292,35.26687612,-97.42368349,0,24.54108,9,324,-3.517,-0.385,9.365,0
1564074293,35.26710061,-97.4236849,0.1,25.001682,9,325,-3.162,-0.446,9.318,0
1564074294,35.26732122,-97.4236828,0.2,25.280127,9,325,-3.092,-0.63,9.385,0
1564074295,35.26754937,-97.42368531,0.2,25.29,9,324,-2.972,-0.659,9.146,0
1564074296,35.26777831,-97.42367807,0.1,25.260128,9,325,-3.188,-0.722,9.393,0
1564074297,35.26800175,-97.4236716,0.1,25.1402,9,325,-2.995,-0.623,9.071,0
1564074298,35.26822627,-97.42367301,0,25.043358,9,325,-3.011,-0.617,8.666,0
1564074299,35.26845077,-97.42367264,359.9,24.735054,9,326,-2.795,-0.383,9.191,0
1564074300,35.26867335,-97.42366952,359.9,24.30313,9,327,-2.86,-0.523,8.813,0
1564074301,35.26889044,-97.42367352,0.2,23.911415,9,328,-2.884,-0.502,9.088,0
1564074302,35.26910459,-97.42366823,0.4,23.760355,9,328,-2.923,-0.42,8.643,0
1564074303,35.26931769,-97.42366525,0.3,23.740019,9,328,-2.907,-0.47,9.044,0
1564074304,35.26953186,-97.42366723,0,23.810135,9,327,-2.798,-0.513,8.872,1
1564074305,35.26974304,-97.42366982,0,23.821766,9,326,-2.982,-0.413,8.51,1
1564074306,35.26996365,-97.42366646,0,24.074205,9,325,-2.822,-0.158,8.583,1
1564074307,35.27018803,-97.42367443,0,24.42787,3,324,-2.657,-0.101,9.021,1
1564074308,35.27041656,-97.42367642,0,24.5497,3,323,-2.891,-0.31,8.897,1
1564074309,35.27086348,-97.42367703,359.9,24.702637,3,321,-2.726,-0.288,9.181,1
1564074310,35.27108877,-97.42367607,0,24.815964,3,319,-2.782,-0.15,8.931,1
1564074311,35.27131827,-97.42367201,0.2,24.978453,3,317,-2.769,0.011,9.185,1
1564074312,35.27154357,-97.42367443,0.4,25.157568,3,315,-2.697,-0.223,9.586,0
1564074313,35.27177366,-97.42367743,0.4,25.307838,3,314,-2.453,-0.268,9,0
1564074314,35.27200149,-97.42367422,0.4,25.434544,3,313,-2.786,-0.362,9.338,0
1564074315,35.27223006,-97.42367488,0.3,25.522858,3,312,-2.726,-0.26,9.224,0
1564074316,35.27246589,-97.42367616,0.1,25.569311,3,311,-2.74,-0.275,9.261,0
1564074317,35.27269171,-97.42367826,359.9,25.54636,3,309,-2.865,-0.244,9.463,0
1564074318,35.27291692,-97.42367617,359.8,25.43284,3,309,-2.649,-0.257,9.45,0
1564074319,35.27314263,-97.4236812,359.5,25.210875,3,308,-2.713,-0.071,9.299,0
1564074320,35.27337017,-97.42368187,359.5,24.9,3,309,-2.892,-0.175,9.594,0
1564074321,35.27358664,-97.42368006,359.6,24.410099,3,309,-2.95,0.158,9.654,0
1564074323,35.27380757,-97.42368161,359.7,24.180168,3,309,-2.811,-0.074,9.428,0
1564074324,35.2740215,-97.42367805,359.9,23.710102,3,308,-2.885,-0.063,9.21,0
1564074325,35.27423496,-97.42368389,359.7,23.230104,4,308,-1.787,0.597,9.387,0
1564074326,35.27442535,-97.42368895,0.1,21.32076,3,309,-1.599,0.725,9.703,0
1564074327,35.27458936,-97.42368777,0,19.640366,3,309,-2.309,0.003,9.138,0
1564074328,35.27476096,-97.42369066,0.4,19.090946,3,309,-3,-0.282,8.8,0
1564074329,35.27494075,-97.42368578,0.2,19.471478,3,309,-3.425,-0.726,9.305,0
1564074330,35.27512308,-97.4236877,0.3,19.870304,3,308,-3.025,-0.368,9.221,1
1564074331,35.27530149,-97.42368075,0.8,20.150805,3,308,-2.894,-0.324,9.518,0
1564074332,35.27547729,-97.42366946,1.3,19.89016,3,309,-2.753,-0.259,9.319,0
1564074333,35.27565534,-97.42366306,1.1,19.63,3,308,-2.691,-0.369,9.268,0
1564074334,35.27582568,-97.42365798,0.6,19.250128,3,309,-2.557,-0.314,8.858,0
1564074335,35.2759946,-97.42365365,0.3,18.880041,3,309,-2.621,-0.466,9.31,0
1564074336,35.2761622,-97.42365594,359.9,18.520134,3,309,-2.546,-0.352,9.671,0
1564074337,35.27631979,-97.42366279,359.6,17.87018,3,309,-2.054,0.157,9.984,0
1564074338,35.27646581,-97.42366748,359.5,16.420515,3,309,-2.703,-0.032,9.292,0
1564074339,35.27660927,-97.42366445,0,15.730155,3,308,-3.079,-0.525,8.941,0
1564074340,35.27675316,-97.42366429,359.9,15.680157,3,309,-3.33,-0.701,9.135,0
1564074341,35.27689334,-97.42366213,359.9,15.920113,3,309,-3.819,-0.954,8.875,0
1564074342,35.27704279,-97.42366687,359.6,16.620148,3,310,-3.854,-1.006,8.716,0
1564074343,35.27720462,-97.42366621,359.4,17.530231,3,311,-4.099,-1.221,8.972,0
1564074344,35.27737035,-97.42367111,359.2,18.41061,3,311,-4.138,-1.053,8.767,0
1564074345,35.27755225,-97.4236778,359.1,19.522789,3,311,-4.137,-0.949,8.504,1
1564074346,35.27774231,-97.42368266,359.6,20.464949,3,312,-4.26,-1.014,8.721,1
1564074347,35.2779318,-97.42368385,0.3,21.418127,3,313,-4.228,-1.197,8.725,1
1564074348,35.27813669,-97.42368237,0,22.341604,3,314,-4.036,-1.05,8.686,1
1564074349,35.27834654,-97.42368087,0.1,23.179115,3,314,-3.516,-0.662,8.858,1
1564074350,35.27856222,-97.42368258,0.2,23.559528,3,315,-3.31,-0.778,9.121,1
1564074351,35.27878131,-97.42367855,0.3,23.520718,3,316,-3.165,-0.788,8.948,1
1564074352,35.27899859,-97.42368043,0.2,23.30963,3,317,-3.239,-0.729,8.92,1
1564074353,35.27920744,-97.42367793,0,23.130295,3,318,-3.225,-0.615,8.823,1
1564074354,35.27941243,-97.42367898,359.9,22.929214,3,319,-3.226,-0.606,8.557,1
1564074355,35.27961802,-97.42368143,359.8,22.875687,3,319,-3.211,-0.702,8.754,1
1564074356,35.27982444,-97.42367477,359.9,22.902523,3,319,-3.317,-0.579,8.9,1
1564074357,35.28003166,-97.42367434,0,23.031052,3,321,-3.167,-0.48,9.026,1
1564074358,35.28023192,-97.42367253,0.1,23.230484,3,321,-2.927,-0.487,9.11,1
1564074359,35.28044493,-97.42366927,0.2,23.250105,3,321,-3.144,-0.551,9.053,1
1564074360,35.28065445,-97.42366691,0.1,23.260363,3,322,-3.142,-0.734,9.119,1
1564074361,35.28086309,-97.42366521,0,23.320053,3,321,-3.178,-0.549,9.037,1
1564074362,35.28107075,-97.42366848,359.9,23.440079,3,321,-2.838,-0.434,9.282,1
1564074363,35.28128469,-97.42366685,0.1,23.380617,3,324,-2.844,-0.492,9.074,1
1564074364,35.28149383,-97.42366796,0.2,23.13026,3,324,-2.945,-0.682,9.011,1
1564074365,35.28170549,-97.42367262,0,23.050367,3,325,-2.921,-0.661,9.14,1
1564074366,35.28190632,-97.42366886,359.8,22.980078,3,324,-3.066,-0.228,9.043,1
1564074367,35.28211431,-97.42366955,359.8,22.95014,3,325,-2.97,-0.478,9.094,1
1564074368,35.28232385,-97.42366747,0,22.960077,3,324,-3.136,-0.545,9.01,1
1564074369,35.2825306,-97.42366853,0.2,22.960262,3,325,-2.982,-0.58,9.272,1
1564074370,35.28273534,-97.42366434,0.3,22.970078,3,324,-2.988,-0.529,9.168,1
1564074371,35.2831376,-97.42367037,0.1,22.920004,3,323,-2.989,-0.523,9.253,1
1564074372,35.28334196,-97.42366592,0,22.900019,3,323,-3.041,-0.494,9.272,1
1564074373,35.28355378,-97.42366419,0,22.930178,3,323,-3.008,-0.377,8.996,1
1564074374,35.28376108,-97.42366612,0,22.920055,3,323,-2.931,-0.407,8.928,1
1564074375,35.2839676,-97.42366907,0,22.960009,9,322,-2.995,-0.415,8.835,1
1564074376,35.28417527,-97.42366949,0,23.07001,9,324,-3.121,-0.509,9.251,1
1564074377,35.28438421,-97.42366978,0,23.200552,9,323,-2.815,-0.6,9.018,1
1564074378,35.2845966,-97.42367308,359.8,23.380547,9,323,-3.023,-0.329,9.478,1
1564074379,35.28480189,-97.42367447,0.1,23.471031,9,322,-2.922,-0.417,9.227,1
1564074381,35.28501586,-97.42366897,0,23.650541,9,321,-3.126,-0.241,9.045,1
1564074382,35.28522584,-97.4236641,0,23.760681,9,320,-2.895,-0.288,9.064,1
1564074383,35.28545075,-97.42366915,359.8,23.980534,9,321,-3.057,-0.32,9.512,1
1564074384,35.28566303,-97.4236614,0.2,24.080467,9,322,-3.162,-0.577,9.15,1
1564074385,35.28588404,-97.42366,0.4,24.280405,9,323,-2.967,-0.575,9.022,1
1564074386,35.28610632,-97.4236576,0.1,24.410204,9,323,-3.018,-0.599,9.32,1
1564074387,35.28632332,-97.42365336,0.1,24.390074,9,323,-2.941,-0.64,9.18,1
1564074388,35.28653917,-97.42365124,359.9,24.25,9,322,-3.079,-0.483,9.214,1
1564074389,35.28676453,-97.42365064,359.8,24.240297,9,323,-2.968,-0.621,9.083,1
1564074390,35.28698797,-97.4236552,0,24.320295,9,323,-3.113,-0.739,9.506,0
1564074391,35.28720204,-97.42365259,0,24.12025,9,323,-2.721,-0.514,8.958,0
1564074392,35.2874105,-97.4236519,0,23.640844,9,324,-2.663,-0.19,9.199,0
1564074393,35.28762111,-97.42365032,0.2,23.071049,9,325,-2.614,-0.444,9.561,0
1564074394,35.28782138,-97.42365063,0.1,22.560976,9,325,-2.668,-0.345,9.451,0
1564074395,35.28801919,-97.42364945,0,22.0411,9,326,-2.671,-0.389,9.326,0
1564074396,35.28821506,-97.42365026,359.8,21.531338,9,325,-2.697,-0.245,9.083,0
1564074397,35.28840485,-97.42365904,0,21.020536,9,325,-2.787,-0.208,9.224,0
1564074398,35.2885946,-97.42365432,0.1,20.64041,9,325,-2.795,-0.343,9.239,1
1564074399,35.28877399,-97.42365478,0.2,20.11009,9,323,-2.688,-0.313,9.295,1
1564074400,35.28894985,-97.42365595,0.2,19.590828,9,324,-2.719,-0.285,9.314,1
1564074401,35.28913263,-97.4236592,0.2,19.21044,9,324,-2.275,-0.092,9.717,0
1564074402,35.28929683,-97.42366009,0,18.410696,9,326,-1.756,0.311,9.657,0
1564074403,35.28944273,-97.42365851,0.3,16.62059,9,325,-1.963,0.396,9.483,0
1564074404,35.28956968,-97.42365419,0.9,14.860972,9,325,-2.454,-0.085,9.539,0
1564074405,35.28970021,-97.42365718,1.6,14.150905,9,326,-1.949,0.027,9.432,0
1564074406,35.28981274,-97.42365215,2.1,12.830562,9,326,-2.375,-0.117,9.454,0
1564074407,35.28991111,-97.42364226,1.8,11.500627,9,326,-2.656,-0.407,9.131,0
1564074408,35.29001073,-97.42363409,1.6,11.00055,9,326,-2.641,-0.327,9.293,1
1564074409,35.29010244,-97.42363317,1,10.540683,9,326,-2.693,-0.33,9.179,1
1564074410,35.29018545,-97.4236298,0.3,10.05084,9,325,-2.347,-0.137,9.31,1
1564074411,35.29026058,-97.42362548,0.3,8.970803,9,325,-2.861,-0.365,9.226,1
1564074412,35.29033976,-97.42362135,0,8.4504795,9,325,-2.915,-0.335,8.898,1
1564074413,35.29040893,-97.42362315,0.1,8.220024,9,324,-3.28,-0.82,8.875,1
1564074414,35.2904799,-97.42362238,0.3,8.260297,9,324,-3.749,-0.891,8.637,1
1564074415,35.29055867,-97.42362121,0.4,8.880276,9,325,-3.703,-0.952,8.756,1
1564074416,35.29064603,-97.42361282,0.4,9.611019,9,326,-3.725,-0.804,8.919,1
1564074417,35.29074427,-97.42361191,0.5,10.290078,9,326,-3.757,-0.897,8.676,1
1564074418,35.29084226,-97.42361283,0.5,10.990369,9,326,-3.974,-1.014,8.458,1
1564074419,35.29095462,-97.42361234,0.4,11.870206,9,326,-4.011,-1.212,8.64,1
1564074420,35.29107447,-97.42360964,0.3,12.930557,9,327,-3.962,-1.14,8.887,1
1564074421,35.29121081,-97.42360885,359.6,14.110287,9,327,-3.863,-1.127,8.528,1
1564074422,35.29135444,-97.42360632,359,15.120053,9,326,-3.861,-1.137,8.711,1
1564074423,35.29149844,-97.42361206,358.6,16.060003,9,326,-3.944,-0.996,8.718,1
1564074424,35.29180792,-97.42362134,358.7,17.970024,9,324,-3.927,-0.581,8.656,1
1564074425,35.29197994,-97.42362419,359.8,18.890594,9,325,-3.93,-0.854,8.97,1
1564074426,35.29216251,-97.42362361,0.3,19.600164,9,324,-3.182,-0.573,8.796,1
1564074427,35.29233739,-97.4236244,0.4,19.550022,9,323,-3.194,-0.804,9.047,1
1564074428,35.29252032,-97.42362085,0.4,19.750162,9,323,-3.319,-0.92,9.005,1
1564074429,35.29270188,-97.42362466,0.5,20.070122,9,323,-3.233,-0.846,9.074,1
1564074430,35.29288313,-97.42362399,0.2,20.460295,9,323,-3.353,-0.929,8.973,1
1564074431,35.29307271,-97.42362672,0,20.860119,9,323,-3.423,-0.834,8.909,1
1564074432,35.29326422,-97.42362752,359.9,21.410524,9,323,-3.504,-0.707,8.802,1
1564074433,35.2934555,-97.42362588,0,21.930912,9,324,-3.441,-0.675,8.834,1
1564074434,35.29365414,-97.42362682,0.2,22.330809,9,324,-3.197,-0.697,8.892,1
1564074435,35.29385933,-97.42362906,0,22.450722,9,324,-2.993,-0.718,8.855,1
1564074436,35.29406707,-97.42363177,359.9,22.54098,9,325,-3.2,-0.669,8.833,1
1564074437,35.29427224,-97.42363289,0.1,22.721487,9,325,-3.085,-0.693,9.001,1
1564074438,35.29447709,-97.42362658,0.2,22.721064,9,325,-3.06,-0.478,9.027,1
1564074439,35.29468333,-97.4236252,0.2,22.581072,9,326,-3.068,-0.648,9.063,1
1564074441,35.2948859,-97.4236325,0.1,22.620886,9,326,-3.258,-0.717,8.983,1
1564074442,35.2950859,-97.42363096,0,22.691607,9,327,-3.088,-0.731,8.863,1
1564074443,35.29528786,-97.4236299,0.1,22.80137,9,327,-3.167,-0.791,8.915,1
1564074444,35.29549231,-97.42362943,0.2,22.86071,9,327,-3.057,-0.516,9.016,1
1564074445,35.29569904,-97.4236299,0.1,22.740635,9,328,-2.955,-0.407,9.193,1
1564074446,35.29590107,-97.42362577,0,22.521175,9,329,-2.891,-0.268,8.841,1
1564074447,35.2961058,-97.42362179,0.1,22.311085,9,329,-2.948,-0.569,8.888,1
1564074448,35.29630457,-97.42362262,0,22.181192,9,328,-2.946,-0.522,9.047,1
1564074449,35.29651136,-97.42362475,0,22.0312,9,329,-3.064,-0.398,9.285,1
1564074450,35.29670897,-97.42363518,0.3,21.870083,9,330,-2.981,-0.554,8.862,1
1564074451,35.29689889,-97.42363681,0.3,21.84002,9,329,-2.979,-0.462,9.044,1
1564074452,35.29708887,-97.42363866,0.2,21.850082,9,335,-2.872,-0.388,8.98,1
1564074453,35.29728434,-97.42364044,0.2,21.96011,9,333,-3.11,-0.6,9.172,1
1564074454,35.29748549,-97.42363595,0.2,22.16001,9,333,-3.148,-0.671,8.954,1
1564074455,35.29768639,-97.42363007,0.1,22.36001,9,332,-3.246,-0.598,9.335,0
1564074456,35.29789082,-97.42363452,0.3,22.540436,9,332,-3.337,-0.551,9.249,0
1564074457,35.29809406,-97.42363419,0.4,22.630796,9,331,-3.174,-0.741,8.806,0
1564074458,35.29829576,-97.42363188,0.5,22.670496,9,331,-3.217,-0.606,9.127,0
1564074459,35.29850344,-97.4236326,0.5,22.770494,9,331,-3.042,-0.781,8.785,0
1564074460,35.29870608,-97.4236311,0.3,22.82079,9,331,-3.163,-0.705,8.97,0
1564074461,35.29891067,-97.42362795,0.1,22.85079,9,331,-2.897,-0.394,8.992,0
1564074462,35.29912005,-97.42362351,0.1,22.612867,9,336,-2.926,-0.475,8.946,1
1564074463,35.29932287,-97.42362205,0.2,22.312153,9,334,-2.974,-0.661,8.753,1
1564074464,35.29951652,-97.4236242,0.1,22.191643,9,334,-3.117,-0.789,9.165,1
1564074465,35.29972162,-97.42362068,0.2,22.092318,9,334,-3.016,-0.586,9.06,1
1564074466,35.29992182,-97.42361974,359.9,22.044195,9,335,-3.013,-0.663,8.835,1
1564074467,35.30011885,-97.42362222,0,21.862343,9,335,-3.006,-0.496,9.185,1
1564074468,35.30031434,-97.42361986,0,21.732355,9,335,-3.157,-0.463,9.146,1
1564074469,35.30051358,-97.42361777,0.3,21.592226,9,336,-3.163,-0.679,9.001,1
1564074470,35.3007087,-97.42361912,0.4,21.501823,9,336,-3.204,-0.76,8.853,1
1564074471,35.30090832,-97.42361957,0.3,21.571817,9,336,-3.258,-0.781,8.961,1
1564074472,35.30110685,-97.42361658,0.1,21.751436,9,336,-3.306,-0.695,9.107,1
1564074473,35.30130007,-97.42361516,0,21.940386,9,336,-3.193,-0.532,9.282,1
1564074474,35.30150281,-97.4236194,359.9,22.030445,9,336,-3.276,-0.654,9.344,1
1564074475,35.30170463,-97.42361231,0.1,22.060274,9,336,-3.143,-0.607,8.891,1
1564074476,35.30190276,-97.42361114,359.9,22.21038,9,341,-3.193,-0.718,8.928,1
1564074477,35.30209926,-97.42361245,359.8,22.310574,9,340,-3.228,-0.503,8.987,1
1564074478,35.30230136,-97.42361343,359.9,22.35044,9,339,-3.187,-0.39,8.794,1
1564074479,35.30250088,-97.42361247,0.2,22.420805,9,339,-3.162,-0.541,9.034,1
1564074480,35.3027022,-97.42360634,0.3,22.53098,9,340,-3.164,-0.568,9.069,1
1564074481,35.30290718,-97.42360384,0.4,22.580433,9,340,-3.107,-0.528,8.603,1
1564074482,35.30310944,-97.42360656,0.3,22.61032,9,340,-3.23,-0.547,9.062,1
1564074483,35.30331281,-97.42360656,0.2,22.680563,9,341,-2.95,-0.444,9.017,1
1564074484,35.30351789,-97.42360375,0.4,22.670431,9,341,-2.83,-0.321,8.812,1
1564074485,35.30372061,-97.42359901,0.5,22.430437,9,341,-3.055,-0.484,9.218,1
1564074486,35.30392696,-97.4235964,0.6,22.210575,9,342,-3.073,-0.422,9.241,1
1564074487,35.3041296,-97.42358724,0.8,22.0612,9,342,-2.993,-0.33,8.974,1
1564074488,35.30451711,-97.42357902,1.5,21.690332,9,342,-3.029,-0.504,9.56,0
1564074489,35.30470817,-97.42357461,1.4,21.560392,9,342,-3.01,-0.513,9.009,0
1564074490,35.3048983,-97.42357454,1,21.470232,9,342,-2.813,-0.507,8.814,0
1564074491,35.30509166,-97.42357372,0.5,21.410002,9,342,-2.926,-0.542,9.01,0
1564074492,35.30528326,-97.42356496,0.1,21.40002,9,342,-2.865,-0.495,9.307,0
1564074493,35.30547282,-97.42356592,359.8,21.390009,9,342,-2.994,-0.486,9.029,0
1564074494,35.30566739,-97.4235676,359.6,21.380037,9,342,-3.039,-0.545,9.108,0
1564074495,35.30586003,-97.42357262,359.1,21.410084,9,342,-3.19,-0.689,8.881,0
1564074496,35.30605286,-97.42358221,358.7,21.640057,9,342,-3.306,-0.772,9.026,1
1564074497,35.30625177,-97.42359364,358.5,21.95002,9,342,-3.541,-0.703,9.112,1
1564074498,35.30645836,-97.42360161,358.8,22.330181,10,342,-3.322,-0.317,9.019,0
1564074499,35.30665799,-97.42360656,359.6,22.45008,9,342,-3.318,-0.25,9.053,0
1564074500,35.30686435,-97.42360832,0.2,22.680141,9,342,-3.298,-0.453,9.13,0
1564074502,35.30707814,-97.42361264,0.5,22.911156,9,342,-3.166,-0.543,9.059,0
1564074503,35.30728794,-97.42361573,0.2,23.050106,9,342,-3.319,-0.563,8.959,0
1564074504,35.30750129,-97.42361302,0.1,23.220139,9,342,-3.127,-0.514,9.089,0
1564074505,35.30771218,-97.42361671,359.7,23.210173,9,343,-2.763,-0.313,9.217,0
1564074506,35.30791718,-97.42362462,359.8,22.870108,9,343,-2.807,-0.364,9.086,1
1564074507,35.30812531,-97.42362317,0,22.710562,9,344,-2.862,-0.374,8.816,1
1564074508,35.30833008,-97.42361404,0.2,22.620268,9,344,-2.965,-0.395,9.087,1
1564074509,35.3085366,-97.42360973,0.3,22.69018,9,344,-3.053,-0.448,8.908,1
1564074510,35.30874291,-97.42360967,0.2,22.83008,9,343,-2.986,-0.465,9.25,1
1564074511,35.30894986,-97.42360807,359.9,23.020218,9,343,-2.94,-0.537,9.289,1
1564074512,35.30915355,-97.42361123,359.5,23.170311,9,343,-2.947,-0.497,9.063,1
1564074513,35.30936583,-97.42361466,359.3,23.340216,3,343,-2.838,-0.305,9.244,1
1564074514,35.30957774,-97.42361956,359.4,23.280106,3,343,-2.837,-0.015,9.261,1
1564074515,35.30977188,-97.42361836,0.4,22.97136,3,342,-2.922,-0.334,9.044,1
1564074516,35.30997988,-97.42361175,0.6,22.921257,3,341,-2.85,-0.483,9.171,1
1564074517,35.31018552,-97.42361001,0.4,23.030313,3,341,-2.794,-0.437,8.827,1
1564074518,35.31039488,-97.42360824,0.2,23.19002,3,340,-2.908,-0.571,9.133,1
1564074519,35.31060258,-97.42360603,0.1,23.110313,3,340,-3.067,-0.238,9.185,0
1564074520,35.31081682,-97.42360506,0.5,23.270216,3,341,-2.874,-0.397,9.4,0
1564074521,35.31103193,-97.42360342,0.2,23.400019,3,341,-2.96,-0.559,9.323,0
1564074522,35.31124739,-97.42360081,359.9,23.480053,3,341,-3.02,-0.454,9.272,0
1564074523,35.3114532,-97.42360036,0,23.290035,3,340,-3.037,-0.433,9.402,0
1564074524,35.31166337,-97.42359768,0.1,23.260775,3,339,-3.047,-0.496,9.238,0
1564074525,35.31187749,-97.42359737,359.9,23.220423,3,340,-3.009,-0.416,9.243,0
1564074526,35.31209029,-97.42360239,359.9,23.100489,3,341,-2.773,-0.274,9.197,0
1564074527,35.31229386,-97.42359761,0.1,22.670565,3,341,-2.749,-0.086,9.065,0
1564074528,35.31248794,-97.42360196,0.2,22.220055,3,341,-2.871,-0.437,9.144,0
1564074529,35.31268627,-97.42360352,0.2,22.01,3,340,-3.057,-0.547,9.035,0
1564074530,35.31288901,-97.42360293,0,22.07002,3,340,-2.939,-0.426,9.203,0
1564074531,35.31308524,-97.42360777,359.8,22.150183,3,340,-3.035,-0.513,9.067,1
1564074532,35.31328458,-97.42360389,0,22.26011,3,340,-3.049,-0.506,9.218,1
1564074533,35.31348372,-97.42360487,0,22.26008,3,339,-2.935,-0.519,9.431,1
1564074534,35.31368139,-97.42360857,0.1,22.370003,3,340,-2.945,-0.52,9.312,1
1564074535,35.31388113,-97.42360759,359.8,22.410002,3,339,-3.02,-0.532,9.342,1
1564074536,35.31407921,-97.42360637,359.8,22.380033,3,339,-3.096,-0.459,9.174,1
1564074537,35.31428482,-97.42360419,359.8,22.390377,3,340,-3.119,-0.423,9.27,1
1564074538,35.31448147,-97.42360292,0.2,22.280111,3,339,-3.083,-0.561,9.045,1
1564074539,35.3146835,-97.42361524,0.2,22.24027,3,338,-3.068,-0.545,9.012,1
1564074540,35.31488046,-97.42361034,0.2,22.200441,3,337,-3.1,-0.581,9.057,1
1564074541,35.31508119,-97.42361081,0.2,22.110508,3,338,-3.034,-0.576,9.139,1
1564074542,35.31528297,-97.42361172,0.2,22.010447,3,338,-3.007,-0.685,9.048,1
1564074543,35.31548448,-97.42360489,0,21.940514,3,339,-2.985,-0.575,9.091,1
1564074544,35.31568513,-97.42361043,359.7,21.830229,3,338,-3.062,-0.524,9.188,1
1564074545,35.31587758,-97.42361328,359.6,21.78039,3,338,-3.151,-0.406,8.885,1
1564074546,35.31607451,-97.42361554,0,21.72045,3,338,-3.164,-0.562,8.979,1
1564074547,35.31646148,-97.42361518,0.4,21.600521,3,337,-3.125,-0.686,9.098,1
1564074548,35.31665475,-97.42361189,0.2,21.530754,3,337,-3.135,-0.698,8.871,1
1564074549,35.31684598,-97.42360373,359.9,21.47084,3,337,-2.964,-0.538,9.038,1
1564074550,35.31703928,-97.42360589,359.9,21.390526,3,338,-3.091,-0.361,8.892,1
1564074551,35.31723097,-97.42360725,0.1,21.330847,3,338,-2.885,-0.315,8.949,1
1564074552,35.31742536,-97.42360753,0,21.020771,3,338,-2.746,-0.355,9.29,1
1564074553,35.31761037,-97.42360044,0,20.500412,3,338,-2.672,-0.398,8.991,1
1564074554,35.31779342,-97.4235964,0,20.061098,3,339,-2.701,-0.42,9.046,1
1564074555,35.31796607,-97.42359108,359.8,19.55074,3,339,-2.7,-0.291,9.195,1
1564074556,35.31813409,-97.42359198,359.9,19.04139,3,339,-2.838,-0.284,9.291,1
1564074557,35.31829749,-97.42359309,0.2,18.48169,3,340,-2.49,-0.163,9.216,1
1564074558,35.31845137,-97.42358884,0.5,17.441793,3,340,-2.127,0.251,9.476,1
1564074559,35.31859269,-97.42358769,1.2,16.171635,3,340,-2.658,-0.101,9.282,1
1564074561,35.31873059,-97.42357686,1.5,15.612001,3,340,-2.687,-0.228,8.924,1
1564074562,35.31886526,-97.42358609,1.8,15.041915,3,340,-2.728,-0.401,9.166,1
1564074563,35.31899471,-97.42358315,1.4,14.2317,3,340,-1.51,0.353,9.538,1
1564074564,35.31910628,-97.42358094,0.9,12.384947,3,340,-1.131,0.546,9.778,1
1564074565,35.31917599,-97.42358291,1,9.581174,3,340,-1.974,0.119,9.473,1
1564074566,35.31925043,-97.4235779,0.8,8.320865,3,340,-2.936,-0.436,9.196,1
1564074567,35.3193189,-97.42357793,0.4,8.050895,3,340,-3.751,-0.721,8.831,1
1564074568,35.31940068,-97.42357805,0.1,8.690466,3,340,-3.997,-1.18,8.655,1
1564074569,35.31948562,-97.42357405,359.9,9.570752,3,341,-3.987,-1.083,8.649,1
1564074570,35.31958718,-97.42357325,359.6,10.5309305,3,341,-4.095,-1.066,8.628,1
1564074571,35.31968494,-97.42356938,359.7,11.582089,3,341,-4.021,-0.865,8.785,1
1564074572,35.31979822,-97.42357,359.9,12.330795,3,341,-3.989,-0.849,8.67,1
1564074573,35.31991945,-97.42356849,359.8,13.252358,3,342,-3.964,-0.995,8.837,1
1564074574,35.32004641,-97.4235698,359.8,13.971579,3,342,-3.917,-1.063,8.855,1
1564074575,35.32017989,-97.42356829,359.7,14.731643,9,342,-3.96,-1.052,8.803,1
1564074576,35.32032015,-97.42356984,359.3,15.682682,9,342,-4.023,-1.154,8.704,1
1564074577,35.32047545,-97.42357142,359,16.571089,9,342,-3.888,-1.063,8.596,1
1564074578,35.32063048,-97.42357625,358.8,17.421389,9,342,-3.922,-0.944,8.587,1
1564074579,35.32079729,-97.42357805,358.9,18.150892,9,343,-3.799,-0.924,8.763,1
1564074580,35.32096699,-97.42358274,358.8,18.760216,9,343,-3.788,-0.767,8.636,1
1564074581,35.32115146,-97.42358263,358.7,19.620367,9,343,-3.682,-0.635,8.581,1
1564074582,35.32133403,-97.42358194,359.4,20.180487,9,343,-3.226,-0.334,8.918,1
1564074583,35.32151026,-97.42357941,0.1,20.190557,9,343,-3.188,-0.587,9.116,1
1564074584,35.32169147,-97.42357834,0.3,20.230555,9,343,-3.173,-0.604,9,1
1564074585,35.3218718,-97.42357649,0.3,20.250631,9,344,-3.119,-0.695,8.799,1
1564074586,35.32205816,-97.42357539,0.1,20.280632,9,344,-3.246,-0.696,8.625,1
1564074587,35.32224947,-97.42358004,359.9,20.420628,9,345,-3.432,-0.731,9.03,1
1564074588,35.32244022,-97.42358393,359.8,20.82047,9,345,-3.592,-0.822,8.897,1
1564074589,35.32262876,-97.42358148,359.9,21.390757,9,346,-3.624,-0.742,8.784,1
1564074590,35.32282588,-97.42358253,0,21.990658,9,346,-3.59,-0.818,8.747,1
1564074591,35.32302398,-97.42358828,0.1,22.430223,3,346,-3.568,-0.878,8.899,1
1564074592,35.32323393,-97.42358584,0,22.990177,3,346,-3.243,-0.654,8.882,1
1564074593,35.3234493,-97.42358518,359.9,23.360548,3,346,-3.254,-0.652,9.18,1
1564074594,35.32366369,-97.42358478,359.8,23.460615,3,346,-3.294,-0.802,9.075,1
1564074595,35.3238787,-97.42358717,359.8,23.580612,3,347,-3.163,-0.557,9.146,1
1564074596,35.32409172,-97.42358673,359.9,23.740608,3,347,-3.272,-0.403,9.137,1
1564074597,35.32430208,-97.42359037,359.8,23.87041,3,347,-3.309,-0.618,9.028,1
1564074598,35.32452086,-97.42359166,359.7,24.0506,3,347,-3.345,-0.615,8.829,1
1564074599,35.32473528,-97.42359445,359.6,24.230743,3,347,-3.354,-0.653,8.585,1
1564074600,35.32495383,-97.42360167,359.9,24.360666,3,348,-2.998,-0.471,8.941,1
1564074601,35.32517092,-97.42360029,0,24.340593,3,347,-3.183,-0.497,8.946,1
1564074602,35.32538842,-97.42360156,359.9,24.350594,3,348,-3.163,-0.465,8.949,1
1564074603,35.3256137,-97.42360491,359.8,24.350168,3,347,-3.17,-0.403,9.038,1
1564074604,35.32583545,-97.42360474,359.9,24.44,3,347,-3.226,-0.405,9.098,1
1564074605,35.32606289,-97.42360462,0.1,24.580204,3,347,-2.873,-0.345,9.194,1
1564074606,35.3262889,-97.42360462,0.2,24.71034,3,347,-2.619,-0.424,9.186,1
1564074607,35.32651259,-97.42360578,0.1,24.4904,3,346,-2.647,-0.509,8.993,1
1564074608,35.3269486,-97.42361086,0,24.0403,3,346,-2.793,-0.429,8.99,1
1564074609,35.32716674,-97.42361034,0.1,24.080002,3,346,-3.053,-0.296,9.211,1
1564074610,35.32738295,-97.42361318,0.1,24.060207,3,346,-3.093,-0.282,9.428,1
1564074611,35.3275995,-97.42360921,0.2,24.14005,4,346,-2.972,-0.325,9.137,1
1564074612,35.32781111,-97.42360734,0.2,24.090052,4,345,-2.987,-0.481,8.987,1
1564074613,35.32803079,-97.42360655,0.2,24.14035,4,345,-3.062,-0.76,9.164,1
1564074614,35.32825051,-97.42360881,359.8,24.240297,4,345,-3.086,-0.761,9.466,1
1564074615,35.32847004,-97.42361058,359.6,24.390461,4,344,-3.135,-0.662,9.06,1
1564074616,35.32869263,-97.42361311,359.7,24.490816,4,344,-2.857,-0.58,8.854,1
1564074617,35.3289088,-97.42361532,359.7,24.381493,3,343,-2.942,-0.626,8.948,1
1564074618,35.32912199,-97.42362215,359.5,24.490816,4,343,-2.795,-0.38,9.115,1
1564074619,35.3293444,-97.42362083,359.8,24.301186,3,344,-2.63,-0.304,8.973,1
1564074620,35.32955407,-97.42362426,359.8,24.113834,3,343,-2.768,-0.25,9.32,1
1564074622,35.32977027,-97.42362263,0,23.952139,3,343,-2.8,-0.415,9.483,1
1564074623,35.3299784,-97.42362757,359.9,23.870924,3,341,-3.059,-0.497,9.323,1
1564074624,35.33019658,-97.42363124,359.7,24.000208,3,341,-3.156,-0.217,9.247,1
1564074625,35.33041819,-97.42363281,359.6,24.11002,3,342,-3.268,-0.225,9.324,0
1564074626,35.33064038,-97.42363994,359,24.140406,3,341,-3.142,-0.325,9.111,0
1564074627,35.33086802,-97.42364901,358,24.10083,3,342,-3.048,-0.636,9.446,0
1564074628,35.33108981,-97.42366504,356.3,24.07075,3,341,-2.976,-0.741,9.284,0
1564074629,35.33130631,-97.42368852,354.8,23.863352,3,342,-3.16,-0.442,9.268,0
1564074630,35.33152358,-97.42371551,353.9,23.57231,3,343,-3.086,-0.56,9.094,0
1564074631,35.33173208,-97.42374597,352.8,23.23124,3,344,-3.059,-0.48,9.123,0
1564074632,35.33193228,-97.42378188,351.8,22.861158,3,344,-3.109,-0.458,9.232,0
1564074633,35.33213253,-97.42382156,350.9,22.610886,3,344,-3.078,-0.665,9.124,0
1564074634,35.33233305,-97.42386582,349.5,22.470642,3,345,-3.078,-0.578,8.922,1
1564074635,35.33253288,-97.42390872,349,22.440224,3,345,-2.815,-0.333,8.606,1
1564074636,35.3327248,-97.42396096,346.9,22.071,3,346,-2.966,-0.117,9.095,1
1564074637,35.33291546,-97.42401306,346.5,21.660667,3,345,-2.978,-0.321,9.236,1
1564074638,35.33309543,-97.42407578,345.7,21.26068,3,345,-2.894,-0.586,8.8,1
1564074639,35.33327871,-97.42413771,344.8,21.110342,3,345,-3.195,-0.646,9.056,1
1564074640,35.33346194,-97.42420275,343.8,21.130236,3,345,-3.228,-0.576,8.957,1
1564074641,35.33364614,-97.42427016,342.9,21.260117,3,346,-3.301,-0.715,8.953,1
1564074642,35.33382937,-97.42433889,341.9,21.54001,3,345,-3.249,-0.659,8.711,1
1564074643,35.33402126,-97.4244212,340.7,21.830147,3,344,-3.028,-0.67,9.188,1
1564074644,35.3342087,-97.42450381,339.3,21.890327,3,345,-2.951,-0.627,9.207,0
1564074645,35.33439275,-97.42459356,337.9,21.94002,3,345,-3.043,-0.54,9.235,0
1564074646,35.33456298,-97.42469059,336.2,21.961422,3,345,-2.85,-0.183,9.247,0
1564074647,35.33474682,-97.4247926,334.7,21.980328,3,345,-2.752,-0.204,9.26,0
1564074648,35.33491452,-97.42490432,334.1,21.890913,3,346,-2.57,-0.557,9.213,0
1564074649,35.33508779,-97.4250103,332.7,21.844233,3,346,-2.604,-0.264,9.384,0
1564074650,35.33526487,-97.42512615,331,21.794443,3,345,-2.708,-0.248,9.308,0
1564074651,35.33543391,-97.42524775,330.2,21.774052,3,344,-2.873,-0.281,8.996,1
1564074652,35.33560534,-97.42537045,329.4,21.941006,3,343,-3.365,-0.028,9.299,1
1564074653,35.33576941,-97.42549697,328.7,21.920229,4,343,-3.248,-0.268,9.203,1
1564074654,35.33594265,-97.42561638,329,22.250181,4,343,-3.455,-0.424,9.12,1
1564074655,35.33611676,-97.42574207,329.1,22.52002,4,342,-3.37,-0.349,9.354,0
1564074656,35.33629469,-97.42586858,329.5,22.760221,4,342,-3.157,-0.494,9.082,0
1564074657,35.33648068,-97.4259962,329.7,22.990078,3,342,-3.191,-0.462,9.058,0
1564074658,35.33666596,-97.42612763,329.4,23.170053,3,342,-3.199,-0.385,9.231,0
1564074659,35.33685001,-97.42626336,329.8,23.420076,3,342,-2.813,-0.274,9.293,0
1564074660,35.33703411,-97.42638938,330.4,23.350174,3,341,-3.043,-0.346,9.138,0
1564074661,35.33721727,-97.42651353,331.2,23.19001,3,341,-3.19,-0.05,9.073,0
1564074662,35.33740102,-97.42662735,332.6,23.03001,3,341,-3.25,-0.337,9.07,0
1564074663,35.33758098,-97.42673965,334.6,23.190138,3,339,-3.465,-0.191,9.402,0
1564074664,35.33778288,-97.42683985,336.3,23.390018,3,340,-3.312,-0.441,9.302,0
1564074665,35.33798004,-97.42693558,337.9,23.550034,3,340,-3.204,-0.265,8.832,0
1564074666,35.33839165,-97.42711115,340.5,23.860052,3,341,-3.384,-0.132,9.178,0
1564074667,35.338598,-97.42719077,342.3,23.98001,3,340,-3.416,-0.16,9.142,0
1564074668,35.33880619,-97.42726891,343.9,24.1,3,340,-3.324,-0.245,9.125,0
1564074669,35.33901504,-97.42733632,345.5,24.230003,3,340,-3.362,-0.167,9.079,0
1564074670,35.33922956,-97.42739244,347.3,24.350033,3,340,-3.416,-0.116,9.231,0
1564074671,35.33944416,-97.4274444,349.1,24.430052,3,340,-3.405,-0.123,8.726,1
1564074672,35.33966546,-97.42749028,350.6,24.520052,3,340,-3.219,-0.179,9.023,1
1564074673,35.33988631,-97.42753789,352,24.58,3,340,-3.416,0.192,9.139,1
1564074674,35.34010114,-97.42756483,353.9,24.58001,3,340,-3.344,0.091,9.215,1
1564074675,35.34032339,-97.42758786,355.7,24.800032,3,340,-3.232,-0.366,9.266,1
1564074676,35.34054695,-97.42759498,356.8,24.840202,3,339,-3.231,0.081,9.319,0
1564074677,35.34077334,-97.42760721,357.7,24.870165,3,339,-2.898,0.203,9.193,0
1564074678,35.34099985,-97.42760876,359,24.86029,4,339,-3.126,0.258,9.281,0
1564074679,35.34120205,-97.42759345,1.7,23.74,3,339,-3.05,0.178,9.077,0
1564074681,35.34141609,-97.42757031,3.3,23.750034,3,339,-3.122,-0.027,9.185,0
1564074682,35.34161558,-97.42754657,4.9,23.320078,3,339,-3.065,-0.294,9.067,0
1564074683,35.34182329,-97.42752204,5.8,23.230019,3,338,-3.402,-0.245,8.839,0
1564074684,35.34202962,-97.42748514,7.1,23.210258,3,338,-3.391,-0.095,8.813,1
1564074685,35.34224047,-97.42743831,9.3,23.550257,3,338,-3.574,-0.103,9.164,1
1564074686,35.34244756,-97.42738596,11.2,23.600002,3,337,-3.28,-0.184,8.786,1
1564074687,35.34265606,-97.42732583,12.6,23.720018,3,338,-3.157,-0.158,9.455,1
1564074688,35.34285515,-97.42726203,13.9,23.550213,3,338,-3.041,0.159,8.968,1
1564074689,35.34305978,-97.42719099,15.5,23.550415,3,339,-3.232,-0.014,9.103,1
1564074690,35.34325889,-97.42711786,17.6,23.380003,3,339,-3.121,-0.271,8.917,1
1564074691,35.34345837,-97.42703599,18.7,23.42001,3,339,-3.333,-0.21,8.982,1
1564074692,35.34364969,-97.4269417,20.2,23.53001,3,339,-3.269,-0.375,8.904,1
1564074693,35.34385355,-97.42683842,21.7,23.62002,3,340,-3.284,-0.248,8.91,1
1564074694,35.34405021,-97.42673662,22.8,23.730076,3,340,-3.056,-0.196,9.274,1
1564074695,35.34424451,-97.42663464,23.7,23.540054,3,340,-2.889,-0.616,9.233,1
1564074696,35.34443554,-97.42652776,23.7,23.390018,3,339,-2.964,-0.631,9.261,1
1564074697,35.34463428,-97.42642773,23.5,23.330002,3,339,-2.801,-0.414,9.293,1
1564074698,35.34482692,-97.42632825,23.5,23.11014,3,339,-2.633,-0.206,9.14,1
1564074699,35.34501178,-97.42622567,23.6,22.700142,3,339,-2.754,-0.3,9.383,1
1564074700,35.34519525,-97.42612655,23.6,22.35008,3,339,-3,-0.708,9.257,1
1564074701,35.3453799,-97.42603003,23,22.360111,3,339,-3.049,-0.509,9.141,1
1564074702,35.34557159,-97.42593578,22.8,22.530056,3,341,-3.371,-0.499,9.174,1
1564074703,35.3457626,-97.42583821,23,22.790022,3,341,-3.235,-0.448,8.932,1
1564074704,35.34595516,-97.42572819,23.4,23.02002,3,341,-3.322,-0.823,9.316,1
1564074705,35.34614584,-97.42561851,23.6,23.210009,3,341,-3.219,-0.541,8.86,1
1564074706,35.3463363,-97.42552179,23.5,23.410002,3,340,-3.274,-0.718,8.873,1
1564074707,35.346538,-97.42541783,23.2,23.680077,3,341,-3.306,-0.754,8.934,1
1564074708,35.34673103,-97.42531745,23.1,23.850033,3,341,-3.204,-0.465,8.751,1
1564074709,35.34694039,-97.42521637,22.7,24.07,3,341,-3.22,-0.446,9.061,1
1564074710,35.34713807,-97.42511647,22.6,24.23001,3,341,-2.764,-0.144,9.192,1
1564074711,35.34733322,-97.42501519,22.2,24.050018,3,341,-2.785,-0.266,9.208,0
1564074712,35.34752634,-97.42491949,21.5,23.550257,3,340,-2.777,-0.338,8.874,0
1564074713,35.347725,-97.42482355,21,23.210018,3,341,-2.906,-0.218,8.866,0
1564074714,35.34791965,-97.42473718,20.5,23.060019,3,341,-2.994,-0.322,9.184,0
1564074715,35.34811666,-97.42466277,19.8,22.910034,3,341,-2.786,-0.63,9.128,0
1564074716,35.3483148,-97.42458717,18.8,22.800055,3,341,-2.86,-0.67,9.028,0
1564074717,35.34850855,-97.42451698,17.3,22.560179,3,341,-3.18,-0.502,9.222,0
1564074718,35.34870346,-97.42444695,16.7,22.420055,3,341,-3.243,-0.472,9.133,1
1564074719,35.34889896,-97.4243793,16.1,22.42032,3,342,-3.118,-0.54,9.709,0
1564074720,35.34909419,-97.42431229,15.1,22.38118,3,342,-3.139,-0.739,9.569,0
1564074721,35.34928684,-97.42425386,13.9,22.21325,3,342,-3.196,-0.922,9.214,0
1564074722,35.34948533,-97.4242005,12.7,22.15542,3,342,-3.387,-0.711,9.241,0
1564074723,35.34968417,-97.42415798,11.6,22.023455,3,342,-3.334,-0.407,8.733,0
1564074724,35.34988104,-97.42411293,11.2,21.872644,3,343,-3.579,-0.322,9.05,0
1564074725,35.35007994,-97.4240667,11.2,21.812649,3,343,-3.48,-0.596,8.983,0
1564074726,35.35027769,-97.42402279,11.3,21.913124,3,345,-3.259,-0.653,9.123,0
1564074727,35.35046819,-97.42398489,10.5,21.82121,4,345,-2.921,-0.454,9.241,0
1564074728,35.35066461,-97.42394539,9.9,21.88074,4,346,-2.948,-0.555,9.232,1
1564074729,35.35085944,-97.42390177,9.4,21.840515,4,346,-3.087,-0.427,8.868,1
1564074730,35.35102994,-97.42387772,7.8,21.230284,4,346,-3.08,-0.339,8.646,1
1564074731,35.35121306,-97.42385125,7.2,21.200151,4,346,-2.979,-0.321,8.651,1
1564074732,35.35140957,-97.42381396,7.1,21.44001,4,346,-3.078,-0.404,8.904,1
1564074733,35.35178114,-97.42378262,4.9,21.28046,3,345,-3.121,-0.464,8.972,1
1564074734,35.35197107,-97.42376773,4.4,21.280762,3,345,-3.013,-0.028,9.122,1
1564074735,35.35216997,-97.42374866,4.1,21.27094,3,345,-3.059,-0.479,9.081,1
1564074736,35.35236661,-97.4237351,3.1,21.390757,3,344,-3.124,-0.587,9.178,1
1564074737,35.35256103,-97.4237284,2,21.540394,3,344,-3.248,-0.45,9.292,1
1564074738,35.3527597,-97.42371349,1.2,21.700115,3,344,-3.288,-0.372,9.216,1
1564074739,35.3529605,-97.4237142,0.6,21.840002,3,345,-3.19,-0.397,9.106,1
1564074740,35.3531525,-97.42370928,0.1,21.710186,3,345,-3.094,-0.375,9.1,1
1564074741,35.35335212,-97.42370752,359.6,21.680279,3,345,-3.23,-0.396,9.349,1
1564074742,35.35354738,-97.42371618,359.2,21.540596,4,346,-3.324,-0.372,9.2,1
1564074743,35.35374305,-97.4237217,359.2,21.470596,4,346,-3.287,-0.455,9.031,1
1564074744,35.35393323,-97.42371638,359.4,21.501125,3,345,-3.27,-0.453,8.957,1
1564074745,35.3541226,-97.42372163,359.4,21.440842,3,345,-3.239,-0.481,9.196,1
1564074747,35.35431333,-97.42371736,359.6,21.410458,3,345,-3.2,-0.4,9.128,1
1564074748,35.35451595,-97.42372382,359.7,21.560928,3,347,-3.253,-0.475,8.92,1
1564074749,35.35470428,-97.42372618,359.8,21.490232,3,347,-3.136,-0.64,9.111,1
1564074750,35.35491042,-97.42372846,359.5,21.730331,3,348,-3.092,-0.685,8.861,1
1564074751,35.35509912,-97.42373934,358.9,21.830112,3,347,-3.31,-0.462,9.089,1
1564074752,35.35529285,-97.42374452,359.1,21.860037,3,347,-2.927,-0.197,9.027,1
1564074753,35.35549505,-97.42374892,359.3,21.75039,3,348,-2.831,-0.293,9.016,1
1564074754,35.35568285,-97.42374925,359.2,21.590593,3,348,-3.071,-0.562,8.77,1
1564074755,35.35587671,-97.42375487,359,21.77083,3,347,-3.043,-0.503,8.911,1
1564074756,35.35607711,-97.42376451,359,22.041418,3,347,-3.201,-0.443,9.177,1
1564074757,35.35628058,-97.42376443,359.3,22.332588,3,346,-3.258,-0.468,8.978,1
1564074758,35.35648408,-97.42376791,359.2,22.690563,3,345,-3.063,-0.521,9.208,1
1564074759,35.35669169,-97.42376811,359.4,22.970139,3,345,-3.01,-0.565,9.253,1
1564074760,35.35690802,-97.42376809,359.5,23.181046,3,345,-2.944,-0.462,9.394,1
1564074761,35.35711885,-97.42377162,359.4,23.090555,3,345,-3.028,-0.672,9.305,1
1564074762,35.35732912,-97.42377906,359.1,22.980078,3,344,-2.966,-0.61,9.038,1
1564074763,35.35753549,-97.4237812,359.4,22.88002,3,345,-3.255,-0.553,9.362,1
1564074764,35.35773736,-97.42377759,359.3,22.72002,3,344,-3.225,-0.59,9.107,1
1564074765,35.35793528,-97.42377986,359.3,22.881365,3,342,-3.314,-0.591,9.209,0
1564074766,35.35813818,-97.42377916,359.4,22.690636,3,342,-3.249,-0.483,9.053,0
1564074767,35.35834373,-97.4237876,359.4,22.763515,3,342,-3.25,-0.546,8.953,0
1564074768,35.35854365,-97.42379248,359.7,22.632862,3,342,-3.254,-0.745,9.089,0
1564074769,35.35874925,-97.42379664,359.5,22.56213,3,342,-3.232,-0.585,8.954,0
1564074770,35.35894991,-97.42379222,359.4,22.634474,3,342,-3.394,-0.707,9.207,0
1564074771,35.3591535,-97.42379267,359.6,22.60553,3,343,-3.316,-0.583,9.154,0
1564074772,35.35935568,-97.42379725,359.7,22.422283,3,343,-3.319,-0.52,8.89,1
1564074773,35.35956226,-97.42379763,359.9,22.402285,3,344,-3.194,-0.647,8.829,1
1564074774,35.35976026,-97.42379711,359.8,22.281088,3,344,-3.206,-0.71,9.105,1
1564074775,35.35995485,-97.42379473,359.6,22.260729,3,344,-3.35,-0.678,9.061,1
1564074776,35.36016318,-97.42379571,359.5,22.482723,3,344,-3.372,-0.526,8.868,1
1564074777,35.36036815,-97.4238001,359.6,22.441507,3,345,-3.394,-0.487,9.164,1
1564074778,35.36057592,-97.42380115,359.7,22.48139,3,346,-3.334,-0.581,9.286,1
1564074779,35.36077597,-97.42379686,359.7,22.470802,3,346,-3.192,-0.485,9.306,1
1564074780,35.3609755,-97.42379968,359.7,22.350986,3,347,-3.199,-0.542,8.921,1
1564074781,35.36118136,-97.42380492,359.8,22.30099,3,348,-3.221,-0.645,9.239,1
1564074782,35.36137767,-97.42380662,359.8,22.200731,3,347,-3.062,-0.517,9.105,1
1564074783,35.36157291,-97.42380918,359.8,22.090906,9,348,-2.803,-0.415,9.074,1
1564074784,35.36176751,-97.42380727,359.7,21.680748,9,348,-2.695,-0.605,9.419,1
1564074785,35.36196431,-97.42381162,359.3,21.251244,9,349,-2.371,-0.449,9.299,1
1564074786,35.36215103,-97.42382522,358.5,20.521402,9,350,-1.617,0.335,9.667,1
1564074787,35.36231551,-97.42383452,358.2,18.871792,9,349,-1.734,0.278,9.591,1
1564074788,35.36246271,-97.42384157,358.1,16.891565,9,349,-1.623,0.502,9.666,1
1564074789,35.36260496,-97.42385071,357.7,15.503303,9,350,-1.091,0.903,9.804,0
1564074790,35.36271389,-97.42385709,357.7,12.984452,9,350,-0.825,0.932,10.074,0
1564074791,35.3628035,-97.42385684,358,10.168677,9,352,-1.587,0.711,9.669,0
1564074792,35.36285642,-97.42385651,358.5,7.3757033,9,352,-2.557,-0.011,9.352,0
1564074793,35.3629108,-97.42385341,359,6.103614,9,352,-2.679,-0.051,9.274,0
1564074794,35.36295547,-97.42385845,359.4,5.291361,9,351,-2.733,-0.089,9.234,0
