Time,Latitude,Longitude,Accuracy,Speed
1568580483,35.271773,-97.485516,5,31.58
1568580484,35.272055,-97.485512,5,31.440001
1568580485,35.272345,-97.485517,5,31.559999
1568580486,35.272627,-97.485516,5,31.360001
1568580487,35.272919,-97.485525,5,31.57
1568580488,35.273198,-97.485533,5,31.549999
1568580489,35.273484,-97.485538,5,31.66
1568580490,35.273768,-97.485532,5,31.709999
1568580491,35.274055,-97.485526,5,32.040001
1568580492,35.274339,-97.485523,5,32.23
1568580493,35.274624,-97.485538,5,32.330002
1568580494,35.274916,-97.485529,5,32.68
1568580495,35.275204,-97.485534,5,32.57
1568580496,35.275502,-97.485534,5,32.950001
1568580497,35.27581,-97.48554,5,32.98
1568580498,35.276112,-97.485532,5,33.209999
1568580499,35.276425,-97.485532,5,33.330002
1568580500,35.276718,-97.485518,5,33.139999
1568580501,35.277014,-97.485492,5,33.23
1568580502,35.277299,-97.485435,5,33.290001
1568580503,35.27761,-97.485389,5,33.34
1568580504,35.277888,-97.485278,5,33.150002
1568580505,35.278183,-97.485167,5,33.009998
1568580506,35.278456,-97.485059,5,32.59
1568580507,35.278735,-97.484943,5,32.369999
1568580508,35.279013,-97.484823,5,32.130001
1568580509,35.279289,-97.484715,5,31.68
1568580510,35.279574,-97.48461,5,32.009998
1568580511,35.279855,-97.484502,5,32.330002
1568580512,35.280158,-97.484402,5,32.330002
1568580513,35.280444,-97.484317,5,32.09
1568580514,35.280739,-97.484249,5,32.799999
1568580515,35.281025,-97.484219,5,32.849998
1568580516,35.281316,-97.484201,5,32.970001
1568580517,35.281599,-97.484185,5,32.970001
1568580518,35.281913,-97.48421,5,32.98
1568580519,35.282208,-97.484273,5,32.82
1568580520,35.282497,-97.484333,5,32.529999
1568580521,35.282772,-97.484406,5,32.16
1568580522,35.283063,-97.484505,5,31.91
1568580523,35.283343,-97.484599,5,31.57
1568580524,35.283612,-97.484699,5,31.57
1568580525,35.283891,-97.484807,5,31.67
1568580526,35.284158,-97.484923,5,31.690001
1568580527,35.28444,-97.485023,5,31.75
1568580528,35.284706,-97.485124,5,31.91
1568580529,35.284965,-97.485219,5,32.009998
1568580530,35.285246,-97.485336,5,32.400002
1568580531,35.285522,-97.485423,5,32.57
1568580532,35.285791,-97.485524,5,32.900002
1568580533,35.286106,-97.485649,5,33
1568580534,35.286399,-97.485739,5,33.18
1568580535,35.286675,-97.485837,5,33.360001
1568580536,35.28697,-97.485953,5,33.66
1568580537,35.287261,-97.486063,5,33.689999
1568580538,35.287559,-97.486176,5,33.720001
1568580539,35.287852,-97.486285,5,34.07
1568580540,35.288143,-97.486392,5,34.18
1568580541,35.288432,-97.486498,5,34.060001
1568580542,35.288729,-97.486616,5,34.5
1568580543,35.289032,-97.48672,5,34.68
1568580544,35.289326,-97.486818,5,34.860001
1568580545,35.28963,-97.486934,5,35.099998
1568580546,35.289928,-97.487042,5,35.18
1568580547,35.290243,-97.487147,5,35.220001
1568580548,35.290549,-97.487258,5,35.330002
1568580549,35.290849,-97.487372,5,35.43
1568580550,35.291157,-97.487485,5,35.43
1568580551,35.291434,-97.487595,5,35.849998
1568580552,35.291766,-97.487718,5,35.580002
1568580553,35.292068,-97.487815,5,35.290001
1568580554,35.292378,-97.487934,5,35.18
1568580555,35.292679,-97.488056,5,35.23
1568580556,35.29299,-97.488168,5,35.150002
1568580557,35.293291,-97.488271,5,35.009998
1568580558,35.293587,-97.48838,5,35.169998
1568580559,35.2939,-97.488498,5,35.439999
1568580560,35.29421,-97.48861,5,35.810001
1568580561,35.294518,-97.488709,5,35.880001
1568580562,35.294831,-97.488805,5,36.200001
1568580563,35.295159,-97.488924,5,36.5
1568580564,35.295466,-97.489038,5,36.669998
1568580565,35.295791,-97.489145,5,36.98
1568580566,35.296109,-97.489252,5,37.209999
1568580567,35.296439,-97.489345,5,37.41
1568580568,35.296766,-97.489446,5,37.540001
1568580569,35.2971,-97.489529,5,37.580002
1568580570,35.297437,-97.489598,5,37.639999
1568580571,35.297768,-97.489661,5,38.139999
1568580572,35.298092,-97.489707,5,37.09
1568580573,35.298421,-97.489758,5,36.580002
1568580574,35.298746,-97.489796,5,36.32
1568580575,35.299072,-97.48983,5,36.389999
1568580576,35.299389,-97.48984,5,36.139999
1568580577,35.299715,-97.489839,5,36.130001
1568580578,35.300057,-97.489839,10,36.130001
1568580579,35.300383,-97.489822,5,36.889999
1568580580,35.300731,-97.489813,5,37.16
1568580581,35.301081,-97.489807,5,37.380001
1568580582,35.301412,-97.489813,5,37.34
1568580583,35.301748,-97.489819,5,37.209999
1568580584,35.302083,-97.489818,5,37.209999
1568580585,35.302399,-97.489816,5,37.040001
1568580586,35.302733,-97.489814,5,37.169998
1568580587,35.303068,-97.489827,5,36.810001
1568580588,35.303392,-97.489827,5,36.41
1568580589,35.303732,-97.489833,5,36.099998
1568580590,35.304042,-97.489818,5,35.459999
1568580591,35.304349,-97.489822,5,35.25
1568580592,35.304652,-97.489826,5,34.970001
1568580593,35.304973,-97.489826,5,34.959999
1568580594,35.305328,-97.489827,10,36.220001
1568580595,35.305667,-97.489819,10,36.57
1568580596,35.305994,-97.489822,10,36.549999
1568580597,35.306227,-97.489831,5,33.490002
1568580598,35.306519,-97.489836,5,33.029999
1568580599,35.306815,-97.48983,5,32.799999
1568580600,35.307112,-97.489841,5,32.259998
1568580601,35.307404,-97.489857,5,31.950001
1568580602,35.307694,-97.489858,5,31.950001
1568580603,35.30797,-97.489856,5,31.41
1568580604,35.308221,-97.489858,5,30.959999
1568580605,35.3085,-97.489859,5,30.959999
1568580606,35.308777,-97.489859,5,30.799999
1568580607,35.309071,-97.489851,5,30.58
1568580608,35.30934,-97.489849,5,30.790001
1568580609,35.309636,-97.489847,5,30.82
1568580610,35.30991,-97.489848,5,30.84
1568580611,35.310181,-97.48984,5,30.91
1568580612,35.310468,-97.489842,5,30.879999
1568580613,35.310737,-97.489846,5,30.83
1568580614,35.311014,-97.489851,5,30.879999
1568580615,35.311286,-97.489861,5,30.67
1568580616,35.311572,-97.489852,5,31.07
1568580617,35.311844,-97.489855,5,30.98
1568580618,35.312121,-97.489853,5,30.98
1568580619,35.312398,-97.489852,5,30.99
1568580620,35.312675,-97.489851,5,30.99
1568580621,35.312958,-97.489852,5,31.040001
1568580622,35.313241,-97.489852,5,31.040001
1568580623,35.313508,-97.489846,5,30.950001
1568580624,35.313787,-97.489847,5,30.950001
1568580625,35.314059,-97.489846,5,30.969999
1568580626,35.314333,-97.489846,5,30.879999
1568580627,35.314608,-97.489847,5,30.870001
1568580628,35.314883,-97.489849,5,30.969999
1568580629,35.315181,-97.489848,5,31.059999
1568580630,35.315454,-97.489867,5,30.860001
1568580631,35.315734,-97.489868,5,30.860001
1568580632,35.315996,-97.489881,5,30.84
1568580633,35.316285,-97.489895,5,30.85
1568580634,35.316571,-97.489886,5,30.780001
1568580635,35.316854,-97.489886,5,30.780001
1568580636,35.317121,-97.489877,5,30.530001
1568580637,35.317407,-97.489867,5,30.870001
1568580638,35.317683,-97.489856,5,30.82
1568580639,35.317961,-97.489852,5,30.809999
1568580640,35.318234,-97.489864,5,30.82
1568580641,35.318511,-97.489855,5,30.809999
1568580642,35.318789,-97.489854,5,30.809999
1568580643,35.319079,-97.48986,5,30.950001
1568580644,35.319326,-97.489865,5,30.83
1568580645,35.319611,-97.489875,5,30.93
1568580646,35.31989,-97.489875,5,30.940001
1568580647,35.32016,-97.489876,5,30.940001
1568580648,35.32045,-97.489883,5,31.219999
1568580649,35.320737,-97.489883,5,31.559999
1568580650,35.320977,-97.489874,5,30.59
1568580651,35.321286,-97.489873,5,31.49
1568580652,35.321569,-97.48988,5,31.27
1568580653,35.32184,-97.489886,5,31.389999
1568580654,35.322122,-97.489886,10,31.389999
1568580655,35.32241,-97.489877,5,31.32
1568580656,35.322693,-97.489878,5,31.32
1568580657,35.322991,-97.489887,5,31.34
1568580658,35.323282,-97.489887,5,31.34
1568580659,35.323561,-97.489886,5,31.309999
1568580660,35.323845,-97.489885,5,31.299999
1568580661,35.324116,-97.489882,5,30.969999
1568580662,35.324394,-97.489886,5,31.08
1568580663,35.324653,-97.489891,5,31.01
1568580664,35.324935,-97.489891,5,31.01
1568580665,35.325214,-97.48989,5,30.98
1568580666,35.325497,-97.489891,5,30.969999
1568580667,35.325783,-97.489896,5,31.040001
1568580668,35.326063,-97.489892,5,31.09
1568580669,35.326344,-97.489892,5,31.08
1568580670,35.326626,-97.48988,5,30.950001
1568580671,35.326907,-97.48988,5,30.950001
1568580672,35.327186,-97.489878,5,30.889999
1568580673,35.32746,-97.489873,5,30.790001
1568580674,35.327737,-97.489866,5,30.799999
1568580675,35.328014,-97.489882,5,30.77
1568580676,35.328277,-97.489887,5,30.790001
1568580677,35.328564,-97.489887,5,30.790001
1568580678,35.328848,-97.48989,5,30.99
1568580679,35.329133,-97.48989,5,31.110001
1568580680,35.329413,-97.489874,5,30.92
1568580681,35.329689,-97.489863,5,30.76
1568580682,35.329958,-97.489861,5,30.76
1568580683,35.330252,-97.489873,5,30.91
1568580684,35.330531,-97.489873,5,30.9
1568580685,35.33082,-97.489862,5,30.92
1568580686,35.331101,-97.489863,5,30.91
1568580687,35.331383,-97.489873,5,30.950001
1568580688,35.331657,-97.489873,5,30.799999
1568580689,35.331927,-97.489871,5,30.65
1568580690,35.332206,-97.489864,5,30.83
1568580691,35.332482,-97.489849,5,30.74
1568580692,35.332754,-97.489865,5,30.719999
1568580693,35.333028,-97.489891,5,30.76
1568580694,35.333305,-97.489908,5,30.76
1568580695,35.333577,-97.489938,5,30.799999
1568580696,35.333853,-97.489966,5,30.790001
1568580697,35.334106,-97.490006,5,30.379999
1568580698,35.33438,-97.49007,5,30.950001
1568580699,35.334661,-97.490139,5,31.42
1568580700,35.334944,-97.490215,5,31.450001
1568580701,35.335213,-97.490303,5,30.879999
1568580702,35.335497,-97.490379,5,30.9
1568580703,35.335781,-97.490461,5,31.120001
1568580704,35.336049,-97.490568,5,30.91
1568580705,35.336324,-97.490677,5,30.98
1568580706,35.336575,-97.490784,5,30.780001
1568580707,35.336841,-97.490902,5,30.48
1568580708,35.337089,-97.491012,5,30.49
1568580709,35.337347,-97.491113,5,30.309999
1568580710,35.337604,-97.491212,5,30.190001
1568580711,35.337857,-97.491315,5,30.059999
1568580712,35.338116,-97.491416,5,30.07
1568580713,35.338375,-97.491517,5,30.17
1568580714,35.33863,-97.491619,5,30.17
1568580715,35.338887,-97.491721,5,30.25
1568580716,35.339141,-97.491839,5,30.450001
1568580717,35.339401,-97.491935,5,30.48
1568580718,35.339666,-97.492047,5,30.73
1568580719,35.339914,-97.492142,5,30.530001
1568580720,35.340179,-97.492229,5,31.02
1568580721,35.340444,-97.49234,5,31.139999
1568580722,35.340706,-97.492458,5,31.18
1568580723,35.340977,-97.492561,5,31.27
1568580724,35.341242,-97.49267,5,31.32
1568580725,35.341514,-97.492791,5,31.33
1568580726,35.341792,-97.492916,5,31.41
1568580727,35.342065,-97.49303,5,31.389999
1568580728,35.342336,-97.493139,5,31.49
1568580729,35.342601,-97.493252,5,31.299999
1568580730,35.342873,-97.493364,5,31.389999
1568580731,35.343145,-97.493475,5,31.139999
1568580732,35.343416,-97.493588,5,31.059999
1568580733,35.343697,-97.493689,5,31.02
1568580734,35.343963,-97.493794,10,31.02
1568580735,35.344253,-97.493892,5,30.790001
1568580736,35.344522,-97.493986,5,31.360001
1568580737,35.344782,-97.494083,5,31.43
1568580738,35.345053,-97.494158,5,31.530001
1568580739,35.345329,-97.494214,5,31.459999
1568580740,35.345601,-97.494282,5,31.27
1568580741,35.345874,-97.494338,5,31.02
1568580742,35.346152,-97.494403,5,30.91
1568580743,35.346428,-97.494453,5,30.73
1568580744,35.346697,-97.494488,5,30.49
1568580745,35.346954,-97.494513,5,30.110001
1568580746,35.34724,-97.494537,5,30.389999
1568580747,35.347513,-97.494549,5,30.24
1568580748,35.347789,-97.494568,5,30.059999
1568580749,35.348058,-97.494581,5,29.950001
1568580750,35.348329,-97.494588,5,29.809999
1568580751,35.348603,-97.494596,5,29.75
1568580752,35.348871,-97.4946,5,29.75
1568580753,35.349144,-97.494601,5,29.43
1568580754,35.349414,-97.494601,5,29.42
1568580755,35.349677,-97.49461,5,29.290001
1568580756,35.349943,-97.494611,5,29.290001
1568580757,35.350193,-97.494606,5,29.209999
1568580758,35.350481,-97.494604,5,29.34
1568580759,35.350757,-97.4946,5,29.34
1568580760,35.351017,-97.494597,5,29.27
1568580761,35.351277,-97.494598,5,29.26
1568580762,35.351543,-97.494603,5,29.52
1568580763,35.351807,-97.494604,10,29.52
1568580764,35.352038,-97.494608,5,29.18
1568580765,35.35231,-97.494616,5,29.860001
1568580766,35.352591,-97.494617,5,30.059999
1568580767,35.352871,-97.494606,5,30.27
1568580768,35.353144,-97.49461,5,30.370001
1568580769,35.353415,-97.494612,5,30.370001
1568580770,35.353702,-97.494618,5,30.5
1568580771,35.35398,-97.49462,5,30.5
1568580772,35.354243,-97.494626,5,30.309999
1568580773,35.354539,-97.494631,5,30.82
1568580774,35.354813,-97.494628,5,30.83
1568580775,35.355092,-97.494626,5,30.93
1568580776,35.355379,-97.494624,5,31.139999
1568580777,35.355675,-97.494632,5,31.110001
1568580778,35.355958,-97.494635,5,31.120001
1568580779,35.356224,-97.494633,5,31.139999
1568580780,35.356463,-97.494642,5,30.73
1568580781,35.356739,-97.494646,5,30.719999
1568580782,35.357034,-97.494643,5,31.24
1568580783,35.357328,-97.49464,5,31.120001
1568580784,35.357609,-97.494649,5,31.299999
1568580785,35.357888,-97.494648,5,31.780001
1568580786,35.358178,-97.494656,5,32.48
1568580787,35.358484,-97.494663,5,33.18
1568580788,35.358783,-97.494671,5,33.41
1568580789,35.359093,-97.494692,5,34.669998
1568580790,35.3594,-97.494704,5,35.419998
1568580791,35.359734,-97.494707,5,35.82
1568580792,35.360065,-97.494705,5,35.880001
1568580793,35.360382,-97.494714,5,35.75
1568580794,35.360699,-97.494718,5,35.580002
1568580795,35.36102,-97.494722,5,35.580002
1568580796,35.361333,-97.494728,5,34.709999
1568580797,35.361645,-97.494724,5,34.049999
1568580798,35.361948,-97.494736,5,33.529999
1568580799,35.36224,-97.494755,5,32.900002
1568580800,35.362533,-97.494755,5,31.74
1568580801,35.362816,-97.49475,5,30.34
1568580802,35.36308,-97.494754,5,29.41
1568580803,35.363345,-97.494765,5,29.129999
1568580804,35.363607,-97.494766,5,28.93
1568580805,35.363865,-97.49477,5,28.92
1568580806,35.364118,-97.494764,5,28.66
1568580807,35.36437,-97.494769,5,28.77
1568580808,35.36463,-97.494769,5,29.1
1568580809,35.364895,-97.494774,10,29.1
1568580810,35.36518,-97.494783,5,29.530001
1568580811,35.365417,-97.494793,5,29.92
1568580812,35.365698,-97.494801,5,30.17
1568580813,35.365968,-97.494795,5,30.530001
1568580814,35.366232,-97.4948,5,30.799999
1568580815,35.36652,-97.494801,5,30.82
1568580816,35.366797,-97.4948,5,30.940001
1568580817,35.367058,-97.494822,5,30.950001
1568580818,35.36735,-97.49482,5,30.93
1568580819,35.367635,-97.49482,5,30.690001
1568580820,35.367896,-97.494811,5,30.42
1568580821,35.36816,-97.494808,5,29.959999
1568580822,35.368433,-97.494818,5,29.58
1568580823,35.368704,-97.494832,5,29.110001
1568580824,35.36896,-97.494836,5,28.700001
1568580825,35.369228,-97.494837,5,28.26
1568580826,35.369469,-97.494843,5,27.92
1568580827,35.369719,-97.494856,5,27.200001
1568580828,35.369965,-97.494859,5,27.190001
1568580829,35.370203,-97.494863,5,27.27
1568580830,35.37046,-97.494854,5,27.219999
1568580831,35.370699,-97.494856,5,27.24
1568580832,35.370943,-97.494859,5,27.24
1568580833,35.371189,-97.494874,5,27.610001
1568580834,35.371442,-97.494876,5,27.76
1568580835,35.3717,-97.494883,5,27.9
1568580836,35.371957,-97.494882,5,28.110001
1568580837,35.372198,-97.494891,5,28.450001
1568580838,35.372468,-97.494896,5,28.719999
1568580839,35.372717,-97.494892,5,28.84
1568580840,35.372977,-97.494893,5,28.92
1568580841,35.37324,-97.494893,5,29.08
1568580842,35.373493,-97.494896,5,29.07
1568580843,35.373751,-97.494887,5,29.030001
1568580844,35.374014,-97.494892,5,29.040001
1568580845,35.374289,-97.494896,5,29.02
1568580846,35.374554,-97.494907,5,29.139999
1568580847,35.374812,-97.494909,5,29.139999
1568580848,35.375063,-97.494911,5,29.379999
1568580849,35.375329,-97.494911,5,29.530001
1568580850,35.375596,-97.494912,5,29.530001
1568580851,35.37586,-97.494922,5,29.370001
1568580852,35.376124,-97.494927,5,28.91
1568580853,35.376384,-97.494933,5,28.4
1568580854,35.376636,-97.494944,5,28.209999
1568580855,35.376881,-97.494948,5,28.110001
1568580856,35.377135,-97.49495,5,28.110001
1568580857,35.377402,-97.494949,5,28.49
1568580858,35.37766,-97.49496,5,28.879999
1568580859,35.377921,-97.494963,5,28.879999
1568580860,35.378195,-97.49496,5,29.540001
1568580861,35.378462,-97.494961,5,29.540001
1568580862,35.378738,-97.49496,5,30.18
1568580863,35.379009,-97.494961,10,30.18
1568580864,35.379304,-97.494964,10,31.040001
1568580865,35.379593,-97.494967,10,31.879999
1568580866,35.379882,-97.494968,10,31.940001
1568580867,35.380179,-97.494959,10,32.07
1568580868,35.380455,-97.494972,10,31.940001
1568580869,35.380751,-97.494973,10,32.23
1568580870,35.381015,-97.494969,10,32.060001
1568580871,35.381306,-97.494972,10,32.07
1568580872,35.381605,-97.49497,5,32.110001
1568580873,35.381908,-97.494975,5,32.470001
1568580874,35.382193,-97.494977,5,32.48
1568580875,35.382501,-97.494972,5,33.119999
1568580876,35.382816,-97.494978,5,33.66
1568580877,35.383125,-97.494977,5,33.860001
1568580878,35.383437,-97.494983,10,34.34
1568580879,35.383743,-97.49498,10,34.169998
1568580880,35.384049,-97.494983,10,34.18
1568580881,35.384327,-97.494998,10,33.220001
1568580882,35.384626,-97.495003,10,33.23
1568580883,35.384874,-97.495005,5,32.48
1568580884,35.385178,-97.494995,5,32.23
1568580885,35.385435,-97.494992,5,32
1568580886,35.385719,-97.494981,5,31.940001
1568580887,35.385997,-97.494999,5,32.049999
1568580888,35.386199,-97.495,5,32.09
1568580889,35.386546,-97.495002,5,32.27
1568580890,35.38684,-97.495,5,32.57
1568580891,35.387111,-97.494999,5,32.41
1568580892,35.38741,-97.494992,5,32.98
1568580893,35.387714,-97.494988,5,33.110001
1568580894,35.388006,-97.494977,5,33.099998
1568580895,35.388304,-97.494978,5,33.09
1568580896,35.388609,-97.494974,5,33.23
1568580897,35.388908,-97.494974,5,33.23
1568580898,35.389206,-97.494972,5,33.099998
1568580899,35.389504,-97.494972,10,33.099998
1568580900,35.389765,-97.494973,5,33.060001
1568580901,35.390063,-97.494973,5,33.049999
1568580902,35.390375,-97.494988,5,32.93
1568580903,35.390672,-97.49499,5,32.919998
1568580904,35.39097,-97.494967,5,32.990002
1568580905,35.391296,-97.494978,5,33.459999
1568580906,35.391598,-97.494979,5,33.459999
1568580907,35.391903,-97.494966,5,33.41
1568580908,35.392204,-97.494966,5,33.400002
1568580909,35.392508,-97.494966,5,33.59
1568580910,35.392799,-97.494967,5,33.299999
1568580911,35.393078,-97.494977,5,33.369999
1568580912,35.393382,-97.494977,5,33.349998
1568580913,35.393668,-97.494977,5,33.32
1568580914,35.393976,-97.495,5,33.369999
1568580915,35.394273,-97.495008,5,33.310001
1568580916,35.394576,-97.495005,5,33.43
1568580917,35.394872,-97.494995,5,33.490002
1568580918,35.395163,-97.494999,5,33.330002
1568580919,35.39547,-97.495002,5,33.330002
1568580920,35.395771,-97.495016,5,33.259998
1568580921,35.396088,-97.495016,5,33.41
1568580922,35.396374,-97.495015,5,33.41
1568580923,35.396689,-97.495011,5,33.549999
1568580924,35.396991,-97.49501,10,33.540001
1568580925,35.397304,-97.495007,5,33.779999
1568580926,35.397611,-97.495005,5,34.110001
1568580927,35.397926,-97.495005,5,34.470001
1568580928,35.398237,-97.495005,10,34.470001
1568580929,35.398558,-97.494997,10,34.84
1568580930,35.398871,-97.494994,10,34.84
1568580931,35.399138,-97.495017,5,32.330002
1568580932,35.399429,-97.495024,5,32.32
1568580933,35.399713,-97.495016,5,31.74
1568580934,35.399996,-97.495015,5,31.280001
1568580935,35.400272,-97.495011,5,30.780001
1568580936,35.400557,-97.495014,5,30.389999
1568580937,35.400831,-97.495008,5,30.34
1568580938,35.401108,-97.495012,5,30.58
1568580939,35.401393,-97.49501,5,30.889999
1568580940,35.401674,-97.495004,5,30.889999
1568580941,35.401949,-97.494966,5,31.889999
1568580942,35.402244,-97.494934,5,32.349998
1568580943,35.402564,-97.4949,5,32.84
1568580944,35.402867,-97.49485,5,33.369999
1568580945,35.403113,-97.494812,5,33.369999
1568580946,35.403475,-97.494734,5,33.439999
1568580947,35.403768,-97.49468,5,33.740002
1568580948,35.404069,-97.494609,5,33.82
1568580949,35.404372,-97.494521,5,34.200001
1568580950,35.404656,-97.494426,5,33.66
1568580951,35.404953,-97.494335,5,33.900002
1568580952,35.405226,-97.494237,5,33.279999
1568580953,35.405524,-97.494138,5,32.939999
1568580954,35.405805,-97.494033,5,32.869999
1568580955,35.406085,-97.493926,5,33.130001
1568580956,35.406366,-97.493814,5,32.349998
1568580957,35.406654,-97.493701,5,32.369999
1568580958,35.406928,-97.493599,5,32.389999
1568580959,35.407201,-97.493495,5,32.330002
1568580960,35.407485,-97.493382,5,32.209999
1568580961,35.407787,-97.493279,5,32.09
1568580962,35.408055,-97.493173,5,31.76
1568580963,35.408323,-97.493072,5,31.610001
1568580964,35.408587,-97.492964,5,31.360001
1568580965,35.408859,-97.492859,5,30.65
1568580966,35.409137,-97.492759,5,30.950001
1568580967,35.409389,-97.492655,5,30.969999
1568580968,35.409638,-97.492556,5,29.719999
1568580969,35.409901,-97.492454,5,31.15
1568580970,35.410191,-97.492338,5,31.76
1568580971,35.410474,-97.492234,5,32.060001
1568580972,35.410753,-97.49213,5,32.580002
1568580973,35.411016,-97.492022,5,32.860001
1568580974,35.411292,-97.491914,5,32.77
1568580975,35.411569,-97.491803,5,32.900002
1568580976,35.411857,-97.4917,5,33.009998
1568580977,35.412129,-97.491594,5,32.799999
1568580978,35.412413,-97.491474,5,33
1568580979,35.412698,-97.491362,5,32.93
1568580980,35.412983,-97.491254,5,33.150002
1568580981,35.413266,-97.491144,5,32.799999
1568580982,35.413546,-97.491034,5,32.91
1568580983,35.413833,-97.490931,5,33.18
1568580984,35.414119,-97.490821,5,33.169998
1568580985,35.414386,-97.490714,5,32.66
1568580986,35.414698,-97.490604,5,33.599998
1568580987,35.414997,-97.490501,5,33.689999
1568580988,35.415274,-97.490394,5,33.450001
1568580989,35.415572,-97.49029,5,33.18
1568580990,35.415856,-97.490173,5,33.189999
1568580991,35.416139,-97.490058,5,33.630001
1568580992,35.416446,-97.48995,5,33.950001
1568580993,35.416748,-97.489836,5,34.080002
1568580994,35.417043,-97.489719,5,34.439999
1568580995,35.417312,-97.48961,5,34.630001
1568580996,35.417603,-97.48949,5,35.139999
1568580997,35.417914,-97.489378,5,35.580002
1568580998,35.418228,-97.489265,5,36.200001
1568580999,35.418548,-97.489146,5,36.66
1568581000,35.418864,-97.489022,5,37.110001
1568581001,35.419187,-97.488904,5,37.529999
1568581002,35.419509,-97.488778,5,37.93
1568581003,35.419823,-97.488643,5,37.630001
1568581004,35.420153,-97.488486,5,37.290001
1568581005,35.420451,-97.488335,5,36.720001
1568581006,35.420769,-97.488174,5,36.369999
1568581007,35.421067,-97.488021,5,36.080002
1568581008,35.421364,-97.487875,5,35.560001
1568581009,35.42165,-97.487735,5,35.240002
1568581010,35.421951,-97.48758,5,35.099998
1568581011,35.422247,-97.487434,5,35.150002
1568581012,35.422533,-97.487298,5,35
1568581013,35.422831,-97.487151,5,34.959999
1568581014,35.423131,-97.487006,5,34.98
1568581015,35.423429,-97.48687,5,34.91
1568581016,35.423731,-97.486732,5,35.02
1568581017,35.424028,-97.486624,5,34.779999
1568581018,35.42433,-97.486521,5,35.02
1568581019,35.424644,-97.486423,5,35.41
1568581020,35.424943,-97.486334,5,35.41
1568581021,35.425273,-97.486256,5,35.5
1568581022,35.425557,-97.486193,5,35.130001
1568581023,35.425868,-97.486134,5,35.119999
1568581024,35.426197,-97.486097,5,35.689999
1568581025,35.426525,-97.486078,5,35.779999
1568581026,35.426851,-97.486053,5,35.700001
1568581027,35.42716,-97.486046,5,35.630001
1568581028,35.427479,-97.486038,5,35.630001
1568581029,35.427817,-97.486032,5,36
1568581030,35.428152,-97.486043,5,36.25
1568581031,35.42848,-97.486044,5,36.25
1568581032,35.428804,-97.486065,5,36.869999
1568581033,35.429134,-97.486086,5,36.860001
1568581034,35.429482,-97.486107,5,38.009998
1568581035,35.42983,-97.486108,5,38.009998
1568581036,35.430145,-97.486105,5,37.490002
1568581037,35.430516,-97.486103,5,34.610001
1568581038,35.430827,-97.486102,5,34.610001
1568581039,35.431139,-97.486125,5,32.77
1568581040,35.431437,-97.486116,5,32.349998
1568581041,35.431721,-97.486116,10,32.34
1568581042,35.431792,-97.486134,5,24.110001
1568581043,35.432016,-97.486144,5,24.07
1568581044,35.432235,-97.486145,5,24.059999
1568581045,35.432467,-97.486146,5,24.309999
1568581046,35.432685,-97.486147,5,24.18
1568581047,35.432898,-97.486148,5,23.639999
1568581048,35.433114,-97.486149,5,23.92
1568581049,35.433332,-97.486174,10,24.049999
1568581050,35.433536,-97.486179,10,24.23
1568581051,35.433758,-97.48617,5,24.790001
1568581052,35.433964,-97.486152,5,24.1
1568581053,35.434204,-97.486135,5,25.049999
1568581054,35.434428,-97.486116,5,25.25
1568581055,35.434654,-97.486109,10,25.24
1568581056,35.434892,-97.486097,5,26.540001
1568581057,35.43512,-97.486088,10,26.540001
1568581058,35.435355,-97.486093,10,25.82
1568581059,35.435602,-97.486087,10,25.82
1568581060,35.435879,-97.486102,10,27.639999
1568581061,35.436192,-97.486115,10,29.82
1568581062,35.436766,-97.486119,5,30.16
1568581063,35.437032,-97.48611,5,30.43
1568581064,35.437315,-97.486106,5,30.799999
1568581065,35.437586,-97.486096,5,30.66
1568581066,35.437864,-97.486097,5,30.440001
1568581067,35.438149,-97.486098,5,30.209999
1568581068,35.438423,-97.486097,5,29.889999
1568581069,35.438683,-97.486098,5,29.469999
1568581070,35.438945,-97.486092,5,29.040001
1568581071,35.439208,-97.486095,5,29.24
1568581072,35.439487,-97.486093,5,29.440001
1568581073,35.439745,-97.486095,5,28.51
1568581074,35.439997,-97.486093,5,28.59
1568581075,35.440244,-97.486092,5,28.690001
1568581076,35.440502,-97.486088,5,29.059999
1568581077,35.440762,-97.486091,5,29.15
1568581078,35.441035,-97.48609,5,29.27
1568581079,35.44129,-97.486092,5,29.559999
1568581080,35.441544,-97.486093,5,29.65
1568581081,35.441826,-97.486086,5,29.860001
1568581082,35.4421,-97.486084,10,30.23
1568581083,35.442376,-97.486088,10,30.049999
1568581084,35.442633,-97.48609,10,29.82
1568581085,35.442926,-97.486082,10,29.799999
1568581086,35.44319,-97.486081,10,29.93
1568581087,35.44347,-97.486089,10,30.129999
1568581088,35.44375,-97.486084,10,30.41
1568581089,35.44403,-97.486088,10,30.52
1568581090,35.444284,-97.486083,10,30.48
1568581091,35.444565,-97.486107,10,30.959999
1568581092,35.444849,-97.486112,10,31.030001
1568581093,35.44513,-97.486134,10,30.49
1568581094,35.445417,-97.48616,10,30.809999
1568581095,35.445695,-97.486188,10,30.91
1568581097,35.445979,-97.486234,5,31.01
1568581098,35.44626,-97.486283,5,31.280001
1568581099,35.446545,-97.486335,5,31.620001
1568581100,35.446829,-97.486397,5,31.950001
1568581101,35.44711,-97.486465,5,31.93
1568581102,35.447389,-97.486535,5,31.75
1568581103,35.447663,-97.486612,5,31.49
1568581104,35.447937,-97.486697,5,31.370001
1568581105,35.448207,-97.486787,5,31.120001
1568581106,35.448472,-97.486874,5,30.889999
1568581107,35.448745,-97.486972,5,30.74
1568581108,35.449023,-97.487068,5,30.620001
1568581109,35.44928,-97.487167,5,30.43
1568581110,35.44953,-97.487292,5,30.35
1568581111,35.449799,-97.487412,5,30.280001
1568581112,35.450034,-97.48753,5,29.26
1568581113,35.450296,-97.487659,5,29.75
1568581114,35.450545,-97.48777,5,29.66
1568581115,35.4508,-97.487889,5,29.629999
1568581116,35.45105,-97.488003,5,29.440001
1568581117,35.451295,-97.488115,5,29.16
1568581118,35.451528,-97.48823,5,28.92
1568581119,35.451733,-97.488325,5,28.85
1568581120,35.451966,-97.488426,5,28.889999
1568581121,35.45222,-97.488527,5,28.940001
1568581122,35.452475,-97.488645,5,29.120001
1568581123,35.452721,-97.488745,5,29.01
1568581124,35.452985,-97.488851,10,29.32
1568581125,35.453236,-97.48896,10,28.93
1568581126,35.453503,-97.489084,5,29.15
1568581127,35.453777,-97.489183,5,28.870001
1568581128,35.454008,-97.489276,5,28.059999
1568581129,35.454219,-97.489358,5,27.879999
1568581130,35.454457,-97.489453,5,28.02
1568581131,35.45471,-97.489564,5,28.540001
1568581132,35.454958,-97.489652,5,28.74
1568581133,35.455201,-97.489755,5,28.709999
1568581134,35.455457,-97.489859,5,29.299999
1568581135,35.455641,-97.489958,5,28.049999
1568581136,35.45589,-97.490062,5,28.700001
1568581137,35.45616,-97.49019,5,30.299999
1568581138,35.456423,-97.490312,5,30.530001
1568581139,35.456691,-97.490435,5,31.389999
1568581140,35.456958,-97.490553,10,31.4
1568581141,35.457235,-97.490678,5,32.73
1568581142,35.457531,-97.490794,5,33.25
1568581143,35.45782,-97.490911,5,33.119999
1568581144,35.458114,-97.491054,5,33.150002
1568581145,35.458391,-97.491169,5,32.889999
1568581146,35.458698,-97.49127,5,32.580002
1568581147,35.458965,-97.491386,5,32.650002
1568581148,35.45926,-97.491507,5,32.84
1568581149,35.459543,-97.491622,5,32.57
1568581150,35.459791,-97.491721,5,32.43
1568581151,35.460039,-97.491821,5,31.68
1568581152,35.460329,-97.491943,5,31.629999
1568581153,35.460605,-97.49206,5,31.120001
1568581154,35.46086,-97.492178,5,30.969999
1568581155,35.461124,-97.492298,5,30.940001
1568581156,35.461387,-97.49241,5,30.940001
1568581157,35.461645,-97.49255,5,31.08
1568581158,35.461877,-97.49268,5,31.139999
1568581159,35.462133,-97.492886,5,31.139999
1568581160,35.462316,-97.493039,5,27.700001
1568581161,35.462517,-97.493207,5,27.700001
1568581162,35.462698,-97.493454,5,28.530001
1568581163,35.462879,-97.493682,5,29.07
1568581164,35.463029,-97.49393,5,27.58
1568581165,35.46316,-97.494196,5,27.42
1568581166,35.463291,-97.494457,5,27.42
1568581167,35.463365,-97.494741,5,26.9
1568581168,35.463471,-97.495006,5,26.73
1568581169,35.463576,-97.495276,5,26.629999
1568581170,35.463682,-97.495539,5,26.629999
1568581171,35.463762,-97.495763,5,26.49
1568581172,35.463869,-97.496031,5,26.49
1568581173,35.463981,-97.496305,5,27.790001
1568581174,35.464091,-97.496578,5,27.790001
1568581175,35.464209,-97.496876,5,28.719999
1568581176,35.464325,-97.497172,5,29.360001
1568581177,35.464444,-97.497454,5,29.940001
1568581178,35.464581,-97.497737,5,30.08
1568581179,35.464716,-97.498023,5,30.08
1568581180,35.464865,-97.498297,5,29.559999
1568581181,35.465025,-97.498559,5,30.07
1568581182,35.465225,-97.49884,5,31.34
1568581183,35.465416,-97.4991,5,31.51
1568581184,35.465605,-97.49935,5,31.58
1568581185,35.465809,-97.499593,5,31.41
1568581186,35.466026,-97.499811,5,31.25
1568581187,35.466236,-97.500032,5,31.25
1568581188,35.466446,-97.50024,5,30.870001
1568581189,35.466664,-97.50045,5,30.870001
1568581190,35.466894,-97.500626,5,30.26
1568581191,35.467103,-97.500832,5,29.5
1568581192,35.467319,-97.501025,5,29.5
1568581193,35.467538,-97.501203,5,28.709999
1568581194,35.467752,-97.501384,5,28.059999
1568581195,35.467959,-97.501564,5,27.799999
1568581196,35.468161,-97.501744,5,27.799999
1568581197,35.468354,-97.501934,5,27.870001
1568581198,35.468555,-97.502119,5,27.870001
1568581199,35.468785,-97.502324,5,29.32
1568581200,35.468998,-97.502515,5,29.32
1568581201,35.469224,-97.502713,5,30.65
1568581202,35.46944,-97.502915,5,31.040001
1568581203,35.469663,-97.503122,5,31.040001
1568581204,35.46989,-97.503349,5,32.790001
1568581205,35.47012,-97.503575,5,32.779999
1568581206,35.470351,-97.503805,10,33.049999
1568581207,35.470579,-97.504032,5,32.709999
1568581208,35.470802,-97.504254,5,32.84
1568581209,35.471045,-97.504497,5,33.09
1568581210,35.47129,-97.504728,5,32.889999
1568581211,35.471502,-97.504953,5,32.549999
1568581212,35.471728,-97.505175,5,32.369999
1568581213,35.471966,-97.505403,5,32.290001
1568581214,35.472199,-97.505632,5,32.450001
1568581215,35.472443,-97.505862,5,32.619999
1568581216,35.472676,-97.506089,5,32.259998
1568581217,35.472914,-97.506311,5,32.68
1568581218,35.47314,-97.506539,5,32.610001
1568581219,35.47337,-97.506756,10,32.689999
1568581220,35.473594,-97.506991,5,32.52
1568581221,35.473793,-97.507215,5,30.76
1568581222,35.474029,-97.507437,5,32.099998
1568581223,35.474255,-97.507658,5,31.879999
1568581224,35.474449,-97.507855,5,31.93
1568581225,35.474657,-97.508042,5,31.549999
1568581226,35.474887,-97.508233,5,31.23
1568581227,35.475174,-97.508413,5,33.5
1568581228,35.475466,-97.508607,5,33.720001
1568581229,35.47575,-97.508763,5,34.029999
1568581230,35.476042,-97.508902,5,34.099998
1568581231,35.476311,-97.509017,5,33.880001
1568581232,35.476597,-97.509124,5,33.759998
1568581233,35.476898,-97.509218,5,33.73
1568581234,35.477194,-97.509298,5,33.450001
1568581235,35.47749,-97.509364,5,33.27
1568581236,35.477785,-97.509418,5,33.200001
1568581237,35.47808,-97.509456,5,32.84
1568581238,35.478373,-97.509478,5,32.299999
1568581239,35.478656,-97.509501,5,31.629999
1568581240,35.478918,-97.509522,5,29.73
1568581241,35.479159,-97.509534,5,28.709999
1568581242,35.479424,-97.509554,5,28.700001
1568581243,35.479669,-97.509568,5,28.309999
1568581244,35.479914,-97.509585,5,28.23
1568581245,35.480169,-97.509606,5,28.200001
1568581246,35.480424,-97.509631,5,28.360001
1568581247,35.480668,-97.509652,5,28.040001
1568581248,35.480943,-97.509694,5,29
1568581249,35.481201,-97.509731,5,29.360001
1568581250,35.481467,-97.509771,5,29.639999
1568581251,35.481731,-97.509809,5,29.92
1568581252,35.482012,-97.509849,5,30.65
1568581253,35.482296,-97.5099,5,31.389999
1568581254,35.482579,-97.509967,5,32.25
1568581255,35.482885,-97.510047,5,33.369999
1568581256,35.483191,-97.510132,5,34.119999
1568581257,35.483495,-97.510219,5,34.650002
1568581258,35.483794,-97.510306,5,34.73
1568581259,35.484097,-97.510389,5,34.650002
1568581260,35.484396,-97.51047,5,34.41
1568581261,35.484714,-97.51055,5,35.029999
1568581262,35.485013,-97.510626,5,35
1568581263,35.48531,-97.510708,5,35.060001
1568581264,35.485654,-97.510754,5,36.48
1568581265,35.485962,-97.510792,5,36.419998
1568581266,35.486296,-97.510833,5,37.720001
1568581267,35.486642,-97.510853,5,37.900002
1568581268,35.486968,-97.510897,5,37.299999
1568581269,35.487303,-97.510929,5,37.290001
1568581270,35.487647,-97.510925,5,37.23
1568581271,35.487981,-97.510924,5,36.709999
1568581272,35.488319,-97.510904,5,36.32
1568581273,35.488659,-97.510894,5,36.450001
1568581274,35.488987,-97.510898,5,36.060001
1568581275,35.489325,-97.510913,5,36.07
1568581276,35.489627,-97.510938,5,34.560001
1568581277,35.489909,-97.51097,5,34.189999
1568581278,35.490204,-97.511019,5,33.779999
1568581279,35.490514,-97.511084,5,33.549999
1568581280,35.490804,-97.511156,5,33.470001
1568581281,35.491094,-97.511246,5,33.349998
1568581282,35.491377,-97.511347,5,33.299999
1568581283,35.491659,-97.51146,5,33.259998
1568581284,35.491944,-97.511583,5,33.099998
1568581285,35.492222,-97.511715,5,32.939999
1568581286,35.492504,-97.511863,5,33.5
1568581287,35.492782,-97.512013,5,33.529999
1568581288,35.493049,-97.512159,5,32.529999
1568581289,35.493304,-97.512318,5,32.18
1568581290,35.493557,-97.512472,5,32.099998
1568581291,35.493826,-97.512629,5,32.09
1568581292,35.494088,-97.512777,5,31.74
1568581293,35.494352,-97.51292,5,31.9
1568581294,35.494622,-97.513053,5,31.610001
1568581295,35.494892,-97.513172,5,31.66
1568581296,35.495154,-97.513276,5,31.5
1568581297,35.495429,-97.513373,5,31.52
1568581298,35.495707,-97.513445,5,31.58
1568581299,35.495971,-97.513517,5,31.540001
1568581300,35.496266,-97.513581,5,31.440001
1568581301,35.496539,-97.513634,5,31.360001
1568581302,35.496827,-97.513665,5,31.49
1568581303,35.497115,-97.513681,5,31.48
1568581304,35.497396,-97.513694,5,31.68
1568581305,35.497695,-97.513702,5,31.959999
1568581306,35.498006,-97.51372,5,32.529999
1568581307,35.498293,-97.513731,5,32.52
1568581308,35.4986,-97.513746,5,32.799999
1568581309,35.498901,-97.513762,5,32.860001
1568581310,35.499185,-97.51377,5,33.07
1568581311,35.499483,-97.513785,5,33.32
1568581312,35.499788,-97.513796,5,33.639999
1568581313,35.500094,-97.513809,5,33.669998
1568581314,35.500394,-97.513823,5,33.82
1568581315,35.500691,-97.513836,5,33.98
1568581316,35.501011,-97.513849,5,34.279999
1568581317,35.501325,-97.513863,5,34.25
1568581318,35.501635,-97.513879,5,33.93
1568581319,35.501945,-97.513895,5,33.57
1568581320,35.502242,-97.513908,5,33.279999
1568581321,35.502524,-97.513914,5,32.82
1568581322,35.502809,-97.513926,5,32.869999
1568581323,35.503115,-97.513938,5,32.75
1568581324,35.503412,-97.513954,5,32.700001
1568581325,35.503704,-97.513967,5,32.169998
1568581326,35.503999,-97.513981,5,32.48
1568581327,35.504299,-97.513996,5,32.66
1568581328,35.504611,-97.514013,5,32.650002
1568581329,35.504862,-97.514018,5,32.23
1568581330,35.505151,-97.514039,5,32.689999
1568581331,35.505452,-97.514066,5,32.970001
1568581332,35.505749,-97.514097,5,33.209999
1568581333,35.506044,-97.514141,5,33.209999
1568581334,35.506348,-97.514195,5,33.09
1568581335,35.50664,-97.514244,5,33.009998
1568581336,35.506932,-97.514294,5,32.98
1568581337,35.507229,-97.514346,5,32.939999
1568581338,35.507525,-97.514394,5,32.849998
1568581339,35.507817,-97.514442,5,32.799999
1568581340,35.508111,-97.514487,5,32.560001
1568581341,35.50839,-97.51453,5,32.130001
1568581342,35.508669,-97.514575,5,31.57
1568581343,35.508952,-97.514627,5,32.060001
1568581344,35.509241,-97.514676,5,31.450001
1568581345,35.509524,-97.514731,5,31.18
1568581346,35.509807,-97.514782,5,30.99
1568581347,35.510081,-97.514831,5,30.83
1568581348,35.510354,-97.514876,5,30.67
1568581349,35.510639,-97.51493,5,30.530001
1568581350,35.510909,-97.514978,5,30.42
1568581351,35.511197,-97.515022,5,30.459999
1568581352,35.511429,-97.515071,5,30.530001
1568581353,35.51171,-97.515135,5,31.030001
1568581354,35.511977,-97.515215,5,31.4
1568581355,35.512257,-97.515304,5,31.809999
1568581356,35.512534,-97.515397,5,32.189999
1568581357,35.512822,-97.515492,5,32.549999
1568581358,35.513101,-97.515583,5,32.900002
1568581359,35.5134,-97.515686,5,33.200001
1568581360,35.513703,-97.515788,5,33.110001
1568581361,35.513975,-97.515877,5,32.919998
1568581362,35.514261,-97.515969,5,32.630001
1568581363,35.514539,-97.516061,5,32.330002
1568581364,35.514833,-97.516158,5,32.049999
1568581365,35.515094,-97.516245,5,31.780001
1568581366,35.515361,-97.516332,5,31.440001
1568581367,35.515634,-97.516424,5,31.24
1568581368,35.515912,-97.516514,5,31.1
1568581369,35.516182,-97.516602,5,31.209999
1568581370,35.516452,-97.516693,5,31.23
1568581371,35.516725,-97.516782,5,31.48
1568581372,35.517006,-97.516866,5,31.32
1568581373,35.517273,-97.516952,5,31.110001
1568581374,35.517551,-97.517039,5,30.969999
1568581375,35.517815,-97.517121,5,30.950001
1568581376,35.518095,-97.517198,5,30.950001
1568581377,35.518364,-97.517267,5,30.99
1568581378,35.518649,-97.517312,5,31.4
1568581379,35.518919,-97.51732,5,30.1
1568581380,35.519172,-97.51734,5,29.219999
1568581381,35.519429,-97.517353,5,28.690001
1568581382,35.519703,-97.517372,5,29.459999
1568581383,35.51996,-97.517349,5,28.32
1568581384,35.520198,-97.517333,5,28.389999
1568581385,35.520453,-97.517277,5,28
1568581386,35.520661,-97.517228,5,25.98
1568581387,35.520883,-97.517169,5,25.469999
1568581388,35.521117,-97.517109,5,26.01
1568581389,35.521335,-97.517065,5,25.67
1568581390,35.521574,-97.517011,5,25.459999
1568581391,35.521767,-97.516933,5,24.41
1568581392,35.521964,-97.516851,5,23.41
1568581393,35.522147,-97.516779,5,21.959999
1568581394,35.522339,-97.516713,5,21.540001
1568581395,35.522464,-97.516672,5,19.639999
1568581396,35.52263,-97.516596,5,19.33
1568581397,35.522791,-97.516515,5,18.9
1568581398,35.522982,-97.51644,5,19.99
1568581399,35.52313,-97.516368,5,19.68
1568581400,35.523306,-97.516286,5,20.17
1568581401,35.523455,-97.516188,5,20.49
1568581402,35.523654,-97.516078,5,22.49
1568581403,35.523858,-97.51597,5,24.02
1568581404,35.524058,-97.515842,5,25.43
1568581405,35.524263,-97.515716,5,25.77
1568581406,35.524476,-97.515592,5,25.41
1568581407,35.524669,-97.515461,5,24.940001
1568581408,35.524854,-97.515328,5,24.43
1568581409,35.52504,-97.515193,5,24.01
1568581410,35.525226,-97.515071,5,23.780001
1568581411,35.525417,-97.514958,5,23.42
1568581412,35.525613,-97.514854,5,23.1
1568581413,35.525807,-97.514769,5,22.879999
1568581414,35.526002,-97.514695,5,22.73
1568581415,35.526201,-97.514619,5,22.67
1568581416,35.52641,-97.514553,5,22.77
1568581417,35.526603,-97.514501,5,22.93
1568581418,35.526807,-97.514446,5,23.280001
1568581419,35.527004,-97.514404,5,23.51
1568581420,35.527204,-97.514372,5,23.58
1568581421,35.527437,-97.514321,5,23.48
1568581422,35.527653,-97.514281,5,23.370001
1568581423,35.527861,-97.514241,5,23.27
1568581424,35.528063,-97.514199,5,23.219999
1568581425,35.528271,-97.514157,5,23.200001
1568581426,35.528469,-97.514125,5,22.84
1568581427,35.528669,-97.514085,5,22.26
1568581428,35.528859,-97.514054,5,21.84
1568581429,35.529052,-97.514019,5,21.51
1568581430,35.529245,-97.513979,5,21.389999
1568581431,35.52943,-97.513939,5,21.26
1568581432,35.529616,-97.513901,5,20.959999
1568581433,35.529802,-97.513873,5,20.66
1568581434,35.529982,-97.513837,5,20.440001
1568581435,35.530166,-97.513804,5,20.32
1568581436,35.530247,-97.513787,5,20.25
1568581437,35.530526,-97.513749,5,19.75
1568581438,35.5307,-97.513699,5,20.629999
1568581439,35.530884,-97.513643,5,21.219999
1568581440,35.531073,-97.513585,5,21.25
1568581441,35.531269,-97.513563,5,21.040001
1568581442,35.531453,-97.513529,5,20.200001
1568581443,35.531633,-97.5135,5,20.15
1568581444,35.531809,-97.513477,5,20.32
1568581445,35.531996,-97.513463,5,19.889999
1568581446,35.532193,-97.513459,5,20.74
1568581447,35.532385,-97.513486,5,21.540001
1568581448,35.532556,-97.513505,5,22.42
1568581449,35.53276,-97.513535,5,22.459999
1568581450,35.532944,-97.513578,5,22.1
1568581451,35.53315,-97.513625,5,21.99
1568581452,35.533336,-97.513668,5,20.65
1568581453,35.533503,-97.51371,5,19.940001
1568581454,35.533662,-97.513748,5,19.52
1568581455,35.533842,-97.513781,5,19.48
1568581456,35.533991,-97.513808,5,18.82
1568581457,35.53416,-97.513837,5,18.83
1568581458,35.534363,-97.513865,5,21.34
1568581459,35.534559,-97.513889,5,21.34
1568581460,35.534744,-97.513903,5,21.17
1568581461,35.534957,-97.513904,5,22.26
1568581462,35.535155,-97.5139,5,22.15
1568581463,35.535457,-97.513874,5,26.200001
1568581464,35.535703,-97.51387,5,27.360001
1568581465,35.535964,-97.513871,5,27.360001
1568581466,35.536227,-97.513863,5,27.299999
1568581467,35.536472,-97.51385,5,27.34
1568581468,35.536716,-97.513836,5,27.33
1568581469,35.536924,-97.513835,5,26.32
1568581470,35.537251,-97.513841,5,28.83
1568581471,35.537509,-97.513842,10,28.450001
1568581472,35.537756,-97.513833,10,27.959999
1568581473,35.538012,-97.513837,10,28.120001
1568581474,35.538288,-97.513837,5,28.129999
1568581475,35.538554,-97.513834,5,28.43
1568581476,35.53881,-97.513842,10,28.67
1568581477,35.539082,-97.513851,10,28.99
1568581478,35.539343,-97.513851,10,28.98
1568581479,35.539622,-97.513836,10,29.9
1568581480,35.539903,-97.513839,10,30.23
1568581481,35.540199,-97.513834,10,30.690001
1568581482,35.54045,-97.513822,5,29.940001
1568581483,35.540719,-97.513817,5,30.809999
1568581484,35.540993,-97.513819,5,31.040001
1568581485,35.541256,-97.513812,5,30.870001
1568581486,35.541535,-97.513797,5,30.889999
1568581487,35.541817,-97.513799,5,31.35
1568581488,35.542093,-97.513802,5,31.700001
1568581489,35.542384,-97.5138,5,32.290001
1568581490,35.542673,-97.51381,5,32.439999
1568581491,35.542962,-97.513811,5,32.439999
1568581492,35.543241,-97.51381,5,32.18
1568581493,35.543524,-97.513808,5,32.169998
1568581494,35.543785,-97.513798,5,30.049999
1568581495,35.544051,-97.513817,5,29.709999
1568581496,35.544318,-97.513806,5,29.370001
1568581497,35.544575,-97.513804,5,29.370001
1568581498,35.544834,-97.513793,5,28.700001
1568581499,35.545091,-97.513792,5,28.48
1568581500,35.54535,-97.513789,10,28.469999
1568581501,35.545638,-97.513788,10,29.200001
1568581502,35.545892,-97.513778,10,29.02
1568581503,35.546154,-97.513774,10,29.01
1568581504,35.546342,-97.51375,10,27.049999
1568581505,35.546593,-97.513749,10,27.18
1568581506,35.546902,-97.513756,10,28.82
1568581507,35.547153,-97.513752,10,27.889999
1568581508,35.547416,-97.513748,10,27.73
1568581509,35.547925,-97.513739,10,27.48
1568581510,35.548182,-97.513748,10,27.530001
1568581511,35.548435,-97.51375,10,27.629999
1568581512,35.548696,-97.513754,10,27.469999
1568581513,35.548952,-97.513754,10,27.549999
1568581514,35.549201,-97.513746,10,27.34
1568581515,35.549453,-97.513746,10,27.08
1568581516,35.549701,-97.513742,10,26.99
1568581517,35.549944,-97.513742,10,26.879999
1568581518,35.550205,-97.513736,5,27.02
1568581519,35.550462,-97.513739,10,27.450001
1568581520,35.550714,-97.513735,5,27.65
1568581521,35.55098,-97.513734,10,28
1568581522,35.551243,-97.513729,10,27.85
1568581523,35.551502,-97.513729,10,28.4
1568581524,35.551772,-97.513728,10,29.24
1568581525,35.552036,-97.513724,10,29.190001
1568581526,35.552297,-97.513722,10,29.110001
1568581527,35.552547,-97.513722,10,28.91
1568581528,35.552793,-97.513722,10,29.01
1568581529,35.553041,-97.51372,10,28.68
1568581530,35.553261,-97.513709,10,29.16
1568581531,35.553525,-97.513706,10,29.459999
1568581532,35.5538,-97.513705,10,29.52
1568581533,35.554039,-97.513702,10,29.25
1568581534,35.554318,-97.513714,10,29.68
1568581535,35.554546,-97.513706,10,29.52
1568581536,35.554816,-97.513702,10,29.610001
1568581537,35.555085,-97.513697,10,29.719999
1568581538,35.555351,-97.513692,10,29.700001
1568581539,35.555615,-97.513693,10,29.92
1568581540,35.555892,-97.5137,10,30.17
1568581541,35.556166,-97.513696,10,30.110001
1568581542,35.556426,-97.513688,10,29.940001
1568581543,35.556692,-97.513687,10,30.129999
1568581544,35.556971,-97.513693,10,29.92
1568581545,35.557243,-97.513696,10,30
1568581546,35.557512,-97.513692,10,29.719999
1568581547,35.557777,-97.513687,10,29.18
1568581548,35.558023,-97.513679,10,28.82
1568581549,35.558288,-97.513682,10,28.709999
1568581550,35.558536,-97.513675,10,28.4
1568581551,35.558782,-97.51367,10,28.139999
1568581552,35.559037,-97.513675,10,27.92
1568581553,35.559282,-97.513675,10,27.719999
1568581554,35.559535,-97.513679,10,27.559999
1568581555,35.559782,-97.513678,10,27.58
1568581556,35.560037,-97.513687,10,27.639999
1568581557,35.560284,-97.51369,10,27.73
1568581558,35.560531,-97.51369,10,27.59
1568581559,35.560787,-97.513693,10,28.18
1568581560,35.561045,-97.513694,10,28.33
1568581561,35.561303,-97.513693,10,28.690001
1568581562,35.561563,-97.513692,10,28.879999
1568581563,35.561833,-97.513697,10,28.870001
1568581564,35.562093,-97.513698,10,28.559999
1568581565,35.562341,-97.513701,10,28.26
1568581566,35.562589,-97.513699,10,28.15
1568581567,35.562844,-97.513693,10,28.15
1568581568,35.563084,-97.513693,10,27.82
1568581569,35.563345,-97.513691,10,27.780001
1568581570,35.563589,-97.513694,10,27.35
1568581571,35.563829,-97.513699,10,27.07
1568581572,35.564065,-97.513702,10,26.719999
1568581573,35.56429,-97.513706,10,26.639999
1568581574,35.564538,-97.513706,10,26.860001
1568581575,35.564788,-97.513706,10,27.08
1568581576,35.565038,-97.513707,10,27.299999
1568581577,35.565298,-97.513711,10,27.440001
1568581578,35.565525,-97.513707,10,26.809999
1568581579,35.565766,-97.513699,10,26.77
1568581580,35.566031,-97.513701,10,27.559999
1568581581,35.566282,-97.513694,10,27.59
1568581582,35.566529,-97.513701,10,27.42
1568581583,35.566788,-97.513703,10,27.74
1568581584,35.567037,-97.513704,10,27.309999
1568581585,35.567288,-97.513704,10,27.4
1568581586,35.567545,-97.513706,10,27.459999
1568581587,35.56779,-97.513702,10,27.24
1568581588,35.568051,-97.513712,10,27.35
1568581589,35.568303,-97.513714,10,27.49
1568581590,35.568557,-97.513712,10,27.700001
1568581591,35.568815,-97.513709,10,27.98
1568581592,35.569061,-97.51371,10,28.030001
1568581593,35.569323,-97.513714,10,28.280001
1568581594,35.569569,-97.513716,10,28.34
1568581595,35.569819,-97.513717,10,28.49
1568581596,35.570078,-97.513717,10,28.879999
1568581597,35.570351,-97.513716,10,29.190001
1568581598,35.570605,-97.513717,10,29.24
1568581599,35.570878,-97.51372,10,29.469999
1568581600,35.571142,-97.513726,10,29.370001
1568581601,35.571393,-97.513721,10,29.120001
1568581602,35.571666,-97.513719,10,29.139999
1568581603,35.571917,-97.513722,10,28.959999
1568581604,35.572183,-97.513721,10,28.889999
1568581605,35.572448,-97.513723,10,28.9
1568581606,35.572696,-97.513724,10,28.870001
1568581607,35.572959,-97.513726,10,28.91
1568581608,35.57323,-97.513726,10,28.83
1568581609,35.573481,-97.513725,10,28.57
1568581610,35.573745,-97.513731,10,28.309999
1568581611,35.573995,-97.513735,10,28.01
1568581612,35.574254,-97.513738,10,27.940001
1568581613,35.574489,-97.51374,10,27.969999
1568581614,35.574744,-97.513738,10,27.940001
1568581615,35.575,-97.513738,10,28
1568581616,35.575257,-97.513738,10,28.190001
1568581617,35.57551,-97.513736,10,28.01
1568581618,35.575764,-97.513737,10,27.82
1568581619,35.576011,-97.513737,10,27.58
1568581620,35.576258,-97.513733,10,27.43
1568581621,35.576492,-97.513729,10,27.219999
1568581622,35.576742,-97.513734,10,27.209999
1568581623,35.576991,-97.513736,10,27.25
1568581624,35.577238,-97.51375,10,27.24
1568581625,35.577485,-97.513754,10,27.35
1568581626,35.577728,-97.513759,10,27.5
1568581627,35.577973,-97.513763,10,27.280001
1568581628,35.578234,-97.513766,10,27.98
1568581629,35.578488,-97.513769,10,27.98
1568581630,35.578743,-97.513773,10,27.82
1568581631,35.578963,-97.513778,10,27.440001
1568581632,35.579203,-97.513783,10,27.5
1568581633,35.579449,-97.513787,10,27.48
1568581634,35.579708,-97.51379,10,27.700001
1568581635,35.579966,-97.513792,10,27.67
1568581636,35.580221,-97.51379,10,27.860001
1568581637,35.580477,-97.513786,10,27.889999
1568581638,35.580725,-97.513784,10,28.02
1568581639,35.580981,-97.513783,10,28.209999
1568581640,35.581243,-97.513781,10,28.17
1568581641,35.581489,-97.51378,10,28.129999
1568581642,35.581743,-97.51378,10,28.17
1568581643,35.581998,-97.51378,10,28.16
1568581644,35.582263,-97.513779,10,28.1
1568581645,35.582506,-97.513779,10,27.77
1568581646,35.582743,-97.513779,10,27.75
1568581647,35.582995,-97.513781,10,27.690001
1568581648,35.583242,-97.513783,10,27.49
1568581649,35.583492,-97.513784,10,27.530001
1568581650,35.583748,-97.51378,10,27.530001
1568581651,35.584003,-97.51377,10,27.76
1568581652,35.584231,-97.513751,10,27.209999
1568581653,35.584476,-97.513718,10,27.32
1568581654,35.584731,-97.513674,5,27.41
1568581655,35.584977,-97.51362,5,27.360001
1568581656,35.585239,-97.51355,5,27.469999
1568581657,35.585478,-97.513477,5,27.4
1568581658,35.585718,-97.513393,5,27.25
1568581659,35.585952,-97.5133,5,27.07
1568581660,35.586171,-97.513201,5,26.700001
1568581661,35.586404,-97.513093,5,27.110001
1568581662,35.586632,-97.512977,5,27.120001
1568581663,35.586861,-97.512852,5,27.030001
1568581664,35.587073,-97.512727,5,26.52
1568581665,35.587284,-97.512594,5,26.15
1568581666,35.587478,-97.512463,5,25.639999
1568581667,35.587677,-97.512327,5,25.139999
1568581668,35.587866,-97.512191,5,24.6
1568581669,35.58805,-97.512054,5,24.129999
1568581670,35.58824,-97.511917,5,23.73
1568581671,35.588421,-97.511785,5,23.25
1568581672,35.588599,-97.511656,5,22.85
1568581673,35.588776,-97.511528,5,22.49
1568581674,35.588944,-97.511407,5,22.209999
1568581675,35.589108,-97.511289,5,22.469999
1568581676,35.589291,-97.511157,5,23.040001
1568581677,35.589469,-97.511029,5,23.129999
1568581678,35.589656,-97.510903,5,22.9
1568581679,35.589829,-97.510775,5,22.82
1568581680,35.590008,-97.51065,5,22.6
1568581681,35.590195,-97.510528,5,22.27
1568581682,35.590367,-97.510404,5,22
1568581683,35.590541,-97.510284,5,21.690001
1568581684,35.590699,-97.510169,5,21.389999
1568581685,35.590872,-97.510034,5,21.24
1568581686,35.591027,-97.509916,5,21.030001
1568581687,35.591157,-97.509783,5,20.709999
1568581688,35.591305,-97.509645,5,20.700001
1568581689,35.591437,-97.509488,5,20.48
1568581690,35.591557,-97.509318,5,20.35
1568581691,35.591664,-97.509139,5,20.32
1568581692,35.591771,-97.508963,5,20.07
1568581693,35.591871,-97.508772,5,19.98
1568581694,35.591962,-97.508577,5,19.780001
1568581695,35.592046,-97.508384,5,19.870001
1568581696,35.59213,-97.508183,5,19.809999
1568581697,35.592211,-97.507991,5,19.540001
1568581698,35.592296,-97.507789,5,19.4
1568581699,35.592373,-97.507607,5,19.1
1568581700,35.592454,-97.507417,5,18.860001
1568581701,35.592531,-97.507234,5,18.5
1568581702,35.592607,-97.507063,5,18.129999
1568581703,35.59268,-97.506901,5,18.129999
1568581704,35.592779,-97.506725,5,17.530001
1568581705,35.592869,-97.50659,5,16.959999
1568581706,35.592991,-97.506455,5,16.75
1568581707,35.593067,-97.506391,5,14.9
1568581708,35.593192,-97.506302,5,14.44
1568581709,35.593309,-97.506233,5,14.41
1568581710,35.593418,-97.506185,5,12.78
1568581711,35.593527,-97.506146,5,12.36
1568581712,35.593613,-97.50612,5,10.08
1568581713,35.593696,-97.506114,5,8.59
1568581714,35.593771,-97.50611,5,8.33
1568581715,35.593859,-97.506108,5,7.98
1568581716,35.593933,-97.506106,5,8.02
1568581717,35.593995,-97.506105,5,6.76
1568581718,35.594055,-97.506103,5,6.84
1568581719,35.594094,-97.506102,5,5.33
1568581720,35.594137,-97.506101,10,4.36
1568581721,35.594132,-97.506101,10,2.44
1568581723,35.594141,-97.506101,10,0.75
1568581724,35.594153,-97.506101,10,1.49
1568581725,35.594159,-97.506101,10,2.12
1568581726,35.594198,-97.5061,10,2.61
1568581727,35.594234,-97.5061,10,3.34
1568581728,35.594272,-97.506099,10,3.66
1568581729,35.5943,-97.506099,10,2.97
1568581730,35.594317,-97.5061,10,2.13
1568581731,35.594333,-97.5061,10,2.12
1568581732,35.59435,-97.506101,10,2.6
1568581733,35.594362,-97.506101,5,1.25
1568581735,35.594371,-97.506101,5,0.34
1568581736,35.594379,-97.506101,5,0.64
1568581737,35.594405,-97.506102,5,2.62
1568581738,35.594474,-97.506103,5,5.11
1568581739,35.594525,-97.506103,8.163347,6.23
1568581740,35.59454,-97.506296,5,9.07
1568581741,35.594543,-97.506485,8.853035,14.01
1568581742,35.594545,-97.506688,8.590788,16.41
1568581743,35.594547,-97.506891,5,18.08
1568581744,35.594549,-97.507103,5,18.700001
1568581745,35.594552,-97.507317,5,19.34
1568581746,35.594554,-97.507532,5,19.49
1568581749,35.594558,-97.508231,5,21.1
1568581750,35.594559,-97.508414,5,19
1568581751,35.59456,-97.508619,5,18.33
1568581752,35.594561,-97.508817,5,17.34
1568581753,35.594562,-97.509006,5,16.299999
1568581754,35.594563,-97.509125,5,12.96
1568581755,35.594564,-97.509259,5,10.04
1568581756,35.594568,-97.509363,5,9.03
1568581757,35.59457,-97.509466,5,8.31
1568581758,35.594571,-97.509532,5,5.68
1568581759,35.594572,-97.509596,5,5.41
1568581760,35.594572,-97.509644,5,5.15
1568581761,35.594573,-97.509693,5,4.14
1568581762,35.594573,-97.509726,5,2.64
1568581763,35.594573,-97.50975,5,1.69
1568581764,35.594574,-97.509774,5,1.9
1568581765,35.594574,-97.509792,5,3.23
1568581766,35.594574,-97.509823,5,3.04
1568581767,35.594574,-97.509838,5,1.48
1568581769,35.594574,-97.509845,5,0.39
1568581770,35.594575,-97.509868,5,2.95
1568581771,35.594575,-97.509909,5,6.08
1568581772,35.594579,-97.51001,5,8.25
1568581773,35.59458,-97.510098,5,9.87
1568581774,35.594581,-97.510204,5,11.11
1568581775,35.594583,-97.510335,5,12.26
1568581776,35.594585,-97.510477,5,13.26
1568581777,35.594587,-97.510628,5,14.16
1568581778,35.594589,-97.51079,5,14.64
1568581779,35.594591,-97.510951,5,14.63
1568581780,35.594594,-97.511117,5,14.65
1568581781,35.594596,-97.511276,5,14.83
1568581782,35.594597,-97.511435,5,14.54
1568581783,35.594596,-97.511588,5,14.61
1568581784,35.594597,-97.511753,5,14.63
1568581785,35.5946,-97.511912,5,14.51
1568581786,35.594602,-97.512067,5,13.79
1568581787,35.594605,-97.512218,5,13.56
1568581788,35.594608,-97.512367,5,13.28
1568581789,35.594612,-97.512514,5,12.93
1568581790,35.594616,-97.512658,5,13.01
1568581791,35.594617,-97.512799,5,12.11
1568581792,35.594617,-97.512911,5,10.61
1568581793,35.594618,-97.513021,5,9.4
1568581794,35.594619,-97.513123,5,9.04
1568581795,35.59462,-97.513227,5,9.07
1568581796,35.594621,-97.513322,5,8.7
1568581797,35.594621,-97.513411,5,8.87
1568581798,35.594623,-97.513529,5,9.27
1568581799,35.594624,-97.51363,5,9.49
1568581800,35.594624,-97.513708,5,10.15
1568581801,35.594624,-97.513849,5,11.01
1568581802,35.594623,-97.513968,5,11.32
1568581803,35.594623,-97.514087,5,11.21
1568581804,35.594623,-97.514204,5,11.24
1568581805,35.594623,-97.514342,5,11.7
1568581806,35.594622,-97.514475,5,12.34
1568581807,35.594622,-97.5146,5,12.44
1568581808,35.594622,-97.514749,5,13.68
1568581809,35.594622,-97.514908,5,13.99
1568581810,35.594621,-97.515065,8.293119,14.48
1568581811,35.594621,-97.51523,5,14.88
1568581812,35.594621,-97.515364,8.203067,14.99
1568581813,35.594621,-97.515529,5,15.08
1568581814,35.59462,-97.515697,8.338654,15.15
1568581815,35.59462,-97.515865,5,15.45
1568581816,35.594619,-97.51604,8.601242,15.78
1568581817,35.594619,-97.516212,7.983582,15.64
1568581818,35.594619,-97.516376,9.141722,16.120001
1568581819,35.594618,-97.516562,8.907896,16.530001
1568581820,35.594618,-97.516733,8.915183,16.85
1568581821,35.594618,-97.516922,8.491311,17.040001
1568581822,35.594618,-97.517124,8.573595,17.639999
1568581823,35.594619,-97.517315,9.041839,17.84
1568581824,35.59462,-97.517505,10,17.84
1568581825,35.594622,-97.517763,7.890431,18.67
1568581826,35.594623,-97.517978,8.07144,19.030001
1568581827,35.594624,-97.518098,5,20.09
1568581828,35.594623,-97.518422,8.880823,19.940001
1568581829,35.594622,-97.518629,9.867699,19.700001
1568581830,35.594622,-97.518847,9.477159,20.08
1568581831,35.594622,-97.519051,10.199235,19.780001
1568581832,35.594622,-97.51925,10.414193,19.219999
1568581833,35.594623,-97.519469,10.334966,19.26
1568581834,35.594624,-97.519685,10.315897,19.059999
1568581835,35.594624,-97.519898,10.727612,18.559999
1568581836,35.594625,-97.520096,11.772794,18.299999
1568581837,35.594625,-97.520213,5,18.219999
1568581838,35.594626,-97.520485,11.144499,18.389999
1568581839,35.594626,-97.520703,11.180097,18.459999
1568581840,35.594627,-97.520886,11.876309,17.940001
1568581841,35.594627,-97.521099,10.806812,17.780001
1568581842,35.594628,-97.521298,11.26028,17.809999
1568581843,35.594628,-97.521477,10.619776,17.719999
1568581844,35.594628,-97.521672,9.90744,17.809999
1568581845,35.594629,-97.521861,10.928871,17.870001
1568581846,35.594629,-97.522047,11.036016,18.360001
1568581847,35.59463,-97.522265,10.722816,18.4
1568581848,35.59463,-97.522474,10.252943,18.440001
1568581849,35.594628,-97.522685,10.035964,18.780001
1568581850,35.594626,-97.522918,10.170969,18.780001
1568581851,35.594624,-97.523133,9.67328,18.610001
1568581852,35.594622,-97.523349,9.876406,18.809999
1568581853,35.594619,-97.523563,10.084664,18.469999
1568581854,35.594617,-97.523779,10.091662,18.32
1568581855,35.594615,-97.523986,10.594197,18.049999
1568581856,35.594613,-97.524194,10.499935,18.01
1568581857,35.594611,-97.524393,10.376806,18.030001
1568581858,35.594609,-97.524592,10.911783,18.120001
1568581859,35.594608,-97.524686,5,18.08
1568581861,35.5946,-97.525211,10.29934,17.879999
1568581862,35.594597,-97.525404,10.601972,17.93
1568581863,35.594594,-97.525598,11.185007,18.030001
1568581864,35.594592,-97.525812,11.16926,18.280001
1568581865,35.594589,-97.525988,11.375272,18.58
1568581866,35.594585,-97.526222,11.285035,19.040001
1568581867,35.594583,-97.526447,10.997901,19.629999
1568581868,35.59458,-97.526662,10.181629,19.9
1568581869,35.594578,-97.526882,9.827032,20.08
1568581870,35.594576,-97.527103,9.332396,20.18
1568581871,35.594573,-97.527326,9.059848,20.15
1568581872,35.59457,-97.527559,9.046015,21.4
1568581873,35.594568,-97.527779,9.954641,20.129999
1568581874,35.594566,-97.528002,9.659522,20.040001
1568581875,35.594563,-97.528218,8.747998,19.459999
1568581876,35.594561,-97.52842,9.247858,19.33
1568581877,35.594559,-97.528624,9.564683,19.17
1568581878,35.594556,-97.528843,9.403256,18.93
1568581879,35.594554,-97.529034,10.20004,18.389999
1568581880,35.594552,-97.529241,10.004625,17.57
1568581881,35.59455,-97.529429,10.177725,17.049999
1568581882,35.594548,-97.529613,10.06924,16.5
1568581883,35.594546,-97.529788,9.748953,15.81
1568581884,35.594544,-97.52996,9.90202,15.25
1568581885,35.594542,-97.530111,10.054409,14.57
1568581886,35.59454,-97.530279,10.12104,14.19
1568581887,35.594538,-97.530433,10.291297,13.5
1568581888,35.594537,-97.530559,10.380969,11.53
1568581889,35.594536,-97.530649,10.751728,9.4
1568581890,35.594535,-97.530756,11.238002,8.97
1568581891,35.594533,-97.53086,10.800037,8.43
1568581892,35.594532,-97.530931,11.269062,5.8
1568581893,35.594531,-97.530995,11.938701,4.8
1568581894,35.594531,-97.531037,12.271299,3.54
1568581895,35.594531,-97.531049,12.579091,1.84
1568581896,35.59453,-97.531064,12.806129,1.14
1568581898,35.594531,-97.531019,13.352141,0.35
1568581899,35.594531,-97.531011,12.986122,0.16
1568581900,35.594531,-97.531002,12.405653,0.57
1568581902,35.594532,-97.530981,11.22067,0.72
1568581908,35.594532,-97.530982,10,0
1568581911,35.594532,-97.530987,10,0
1568581919,35.594532,-97.530981,10.853189,0
1568581922,35.594532,-97.530987,10.855239,0
1568581924,35.594532,-97.530983,10,0
1568581935,35.594532,-97.530977,10.866295,0
1568581936,35.594532,-97.530983,10.850874,0
1568581945,35.594532,-97.530981,9.850637,0.29
1568581946,35.594531,-97.531007,10.041882,2.5
1568581947,35.594531,-97.531045,10.094246,3.19
1568581948,35.59453,-97.531109,9.759704,5.06
1568581949,35.594529,-97.53119,9.314488,6.72
1568581950,35.594527,-97.531282,9.414095,7.64
1568581951,35.594526,-97.531361,10.022931,6.4
1568581952,35.594536,-97.531412,5,5.42
1568581953,35.594659,-97.531501,5,3.39
1568581954,35.594693,-97.531501,10,3.45
1568581955,35.594764,-97.531501,10,4.93
1568581956,35.594809,-97.531501,10,4.93
1568581957,35.595047,-97.531502,10,9.8
1568581958,35.595371,-97.531503,10,16.67
1568581959,35.595642,-97.531503,5,18.030001
1568581960,35.595806,-97.531504,5,18
1568581961,35.595977,-97.531504,5,17.65
1568581962,35.596122,-97.531504,5,17.77
1568581963,35.596314,-97.531506,5,18.73
1568581964,35.596497,-97.531508,5,19.110001
1568581965,35.596671,-97.53151,5,19.290001
1568581966,35.596846,-97.531512,5,19.450001
1568581967,35.597023,-97.531514,5,19.67
1568581968,35.597202,-97.531516,5,19.799999
1568581969,35.597382,-97.531518,5,19.67
1568581970,35.597557,-97.53152,5,19.59
1568581971,35.597736,-97.531522,5,19.6
1568581972,35.597914,-97.531524,5,19.66
1568581973,35.598093,-97.531526,5,19.639999
1568581974,35.598274,-97.531528,5,19.59
1568581975,35.598451,-97.531529,5,19.6
1568581976,35.598626,-97.53153,5,19.620001
1568581977,35.598804,-97.531532,5,19.65
1568581978,35.598983,-97.531533,5,19.68
1568581979,35.599162,-97.531534,5,19.74
1568581980,35.599346,-97.531536,5,19.85
1568581981,35.599526,-97.531538,5,19.99
1568581982,35.599708,-97.531539,5,20.17
1568581983,35.599892,-97.531541,5,20.23
1568581984,35.600075,-97.531543,5,20.110001
1568581985,35.600258,-97.531545,5,20.139999
1568581986,35.600436,-97.531546,5,19.969999
1568581987,35.600612,-97.531546,5,19.6
1568581988,35.600788,-97.531543,5,19.440001
1568581989,35.600957,-97.531546,5,19.219999
1568581990,35.60112,-97.531549,5,18.59
1568581991,35.601286,-97.531553,5,18.43
1568581992,35.601447,-97.531556,5,18.200001
1568581993,35.601604,-97.531559,5,17.950001
1568581994,35.601769,-97.531561,5,17.709999
1568581995,35.601927,-97.531563,5,17.549999
1568581996,35.602084,-97.531565,5,17.25
1568581997,35.602239,-97.531566,5,16.879999
1568581998,35.602376,-97.531566,5,15.02
1568581999,35.602498,-97.531567,5,12.69
1568582000,35.602608,-97.531568,5,11.66
1568582001,35.602706,-97.531568,7.879805,10.19
1568582002,35.602795,-97.531569,8.116266,9.64
1568582003,35.602891,-97.53157,5,9.34
1568582004,35.602967,-97.53157,8.197439,7.71
1568582005,35.603023,-97.53157,8.38026,6.22
1568582006,35.603069,-97.531571,8.597974,4.47
1568582007,35.603109,-97.531571,8.565591,4.24
1568582008,35.603144,-97.531571,9.035947,4.23
1568582009,35.603142,-97.531571,5,2.65
1568582010,35.603213,-97.531572,8.655894,2.46
1568582011,35.603231,-97.531572,8.526681,2.27
1568582012,35.603247,-97.531572,8.129954,1.47
1568582013,35.603257,-97.531572,7.994355,0.72
1568582014,35.603262,-97.531572,8.078304,0.18
1568582019,35.603267,-97.531572,10,0.17
1568582021,35.603274,-97.531572,10,0.72
1568582022,35.603304,-97.531572,10,3.09
1568582023,35.603342,-97.531573,8.178305,5.38
1568582024,35.603394,-97.531573,8.313526,6.06
1568582025,35.603451,-97.531574,8.526102,6.27
1568582026,35.6035,-97.531574,8.609024,6.1
1568582027,35.603558,-97.531575,8.430393,6.7
1568582028,35.603618,-97.531575,8.323915,8.54
1568582029,35.603707,-97.531575,8.42871,10.4
1568582030,35.603807,-97.531578,8.735424,11.68
1568582031,35.603925,-97.531583,8.673732,13.36
1568582032,35.604033,-97.531587,9.431853,14.65
1568582033,35.604212,-97.531529,5,15.91
1568582034,35.604361,-97.531525,5,16.940001
1568582035,35.604517,-97.53152,5,17.48
1568582036,35.60468,-97.531516,5,17.139999
1568582037,35.604829,-97.531513,5,16.83
1568582038,35.604985,-97.531509,5,16.49
1568582039,35.605133,-97.531506,5,16.200001
1568582040,35.605267,-97.531505,5,14.22
1568582041,35.605385,-97.531504,5,12.67
1568582042,35.605504,-97.531502,5,11.95
1568582043,35.605603,-97.531502,5,10.91
1568582044,35.605697,-97.531501,5,9.2
1568582045,35.605774,-97.5315,5,7.9
1568582046,35.60584,-97.531499,5,6.42
1568582047,35.605888,-97.531499,5,5.29
1568582048,35.605933,-97.531499,5,4.38
1568582049,35.60597,-97.531498,5,3.96
1568582050,35.605997,-97.531498,5,3.54
1568582051,35.606026,-97.531498,5,3.28
1568582052,35.606048,-97.531498,5,2.1
1568582053,35.606064,-97.531497,5,1.44
1568582055,35.606072,-97.531497,5,0.33
1568582059,35.606084,-97.531497,8.840715,2.36
1568582060,35.606105,-97.531484,11.05495,5.08
1568582061,35.60614,-97.531299,5,6.55
1568582062,35.606111,-97.531214,5,9.01
1568582063,35.606071,-97.531094,5,10.16
1568582064,35.606023,-97.530948,5,14.07
1568582065,35.605974,-97.530803,5,14.92
1568582066,35.605924,-97.530651,5,14.87
1568582067,35.605885,-97.530489,5,14.4
1568582068,35.605859,-97.530352,5,11.4
1568582069,35.605838,-97.530239,5,9.81
1568582070,35.605763,-97.530166,5,7.9
1568582071,35.605742,-97.5301,5,6.68
1568582072,35.605726,-97.530057,5,6.34
1568582073,35.605626,-97.53009,5,5.83
1568582074,35.605579,-97.53012,5,5.36
1568582075,35.605544,-97.530146,5,5.13
1568582076,35.605506,-97.53017,5,5.37
1568582077,35.605463,-97.530198,5,5.51
1568582078,35.605418,-97.530223,5,5.46
1568582079,35.605371,-97.530239,5,5.35
1568582080,35.605329,-97.530254,5,4.97
1568582081,35.605287,-97.530267,5,4.62
1568582082,35.605245,-97.530273,5,4.23
1568582083,35.605208,-97.530279,5,3.91
1568582084,35.605164,-97.53028,5,3.77
1568582085,35.605132,-97.530282,5,3.49
1568582086,35.605089,-97.530288,5,3.22
1568582087,35.605056,-97.530292,5,3.13
1568582088,35.605026,-97.530296,5,3.06
1568582089,35.605001,-97.530296,5,2.57
1568582090,35.604983,-97.530299,5,2.29
1568582091,35.604964,-97.530301,5,1.98
1568582092,35.604951,-97.5303,5,2.05
1568582093,35.60493,-97.530296,5,2.21
1568582094,35.604911,-97.530281,5,2.82
1568582095,35.604895,-97.530244,5,3.4
1568582096,35.604885,-97.530208,5,3.63
1568582097,35.604882,-97.530164,5,3.74
1568582098,35.604883,-97.530124,5,3.46
1568582099,35.604893,-97.530093,5,3.21
1568582100,35.604913,-97.530068,5,3.02
1568582101,35.604936,-97.530055,5,2.95
1568582102,35.604962,-97.530046,5,2.95
1568582103,35.604992,-97.530042,5,3.79
1568582104,35.605028,-97.530041,5,3.96
1568582105,35.605061,-97.530045,5,3.82
1568582106,35.605094,-97.530045,5,3.46
1568582107,35.60512,-97.530045,5,3.24
1568582108,35.60515,-97.530042,5,3.3
1568582109,35.605177,-97.530038,5,3.18
1568582110,35.605202,-97.530036,5,2.44
1568582111,35.605223,-97.530039,5,2.31
1568582112,35.605241,-97.530047,5,2.13
1568582113,35.605257,-97.53006,5,2.03
1568582114,35.605264,-97.530076,5,1.56
1568582115,35.605266,-97.530091,5,1.2
1568582116,35.605263,-97.530103,5,0.9
1568582117,35.605264,-97.530114,5,0.84
1568582131,35.605262,-97.530124,5,0.78
